fotmob_id,name,slug,url
1567,Santa Clara,santa-clara,https://www.fotmob.com/teams/1567/overview/santa-clara
1569,Kocaelispor,kocaelispor,https://www.fotmob.com/teams/1569/overview/kocaelispor
1576,Rops,rops,https://www.fotmob.com/teams/1576/overview/rops
1578,Ucd,ucd,https://www.fotmob.com/teams/1578/overview/ucd
1581,Slaven,slaven,https://www.fotmob.com/teams/1581/overview/slaven
1583,Wsg Tirol,wsg-tirol,https://www.fotmob.com/teams/1583/overview/wsg-tirol
1585,Kalamata,kalamata,https://www.fotmob.com/teams/1585/overview/kalamata
1588,Fci Levadia,fci-levadia,https://www.fotmob.com/teams/1588/overview/fci-levadia
1594,Etoile Carouge,etoile-carouge,https://www.fotmob.com/teams/1594/overview/etoile-carouge
1601,Ruch Chorzow,ruch-chorzow,https://www.fotmob.com/teams/1601/overview/ruch-chorzow
1602,Vasas Budapest,vasas-budapest,https://www.fotmob.com/teams/1602/overview/vasas-budapest
1603,Barry Town,barry-town,https://www.fotmob.com/teams/1603/overview/barry-town
1606,Tus Dassendorf,tus-dassendorf,https://www.fotmob.com/teams/1606/overview/tus-dassendorf
1607,Fc Teningen,fc-teningen,https://www.fotmob.com/teams/1607/overview/fc-teningen
1620,Pas Giannina,pas-giannina,https://www.fotmob.com/teams/1620/overview/pas-giannina
1626,Remo,remo,https://www.fotmob.com/teams/1626/overview/remo
1627,Finn Harps,finn-harps,https://www.fotmob.com/teams/1627/overview/finn-harps
1629,Bray Wanderers,bray-wanderers,https://www.fotmob.com/teams/1629/overview/bray-wanderers
1634,Famalicao,famalicao,https://www.fotmob.com/teams/1634/overview/famalicao
1644,Vejgaard,vejgaard,https://www.fotmob.com/teams/1644/overview/vejgaard
1647,Skovshoved,skovshoved,https://www.fotmob.com/teams/1647/overview/skovshoved
1667,Zalaegerszeg,zalaegerszeg,https://www.fotmob.com/teams/1667/overview/zalaegerszeg
1670,Bohemians 1905,bohemians-1905,https://www.fotmob.com/teams/1670/overview/bohemians-1905
1673,Fc Zbrojovka Brno,fc-zbrojovka-brno,https://www.fotmob.com/teams/1673/overview/fc-zbrojovka-brno
1675,Fk Radnicki 1923,fk-radnicki-1923,https://www.fotmob.com/teams/1675/overview/fk-radnicki-1923
1677,Arsenal Tula,arsenal-tula,https://www.fotmob.com/teams/1677/overview/arsenal-tula
1678,Sokol Saratov,sokol-saratov,https://www.fotmob.com/teams/1678/overview/sokol-saratov
1680,Fc Volgar,fc-volgar,https://www.fotmob.com/teams/1680/overview/fc-volgar
1681,Irtysh,irtysh,https://www.fotmob.com/teams/1681/overview/irtysh
1692,Fakel,fakel,https://www.fotmob.com/teams/1692/overview/fakel
1693,Kups,kups,https://www.fotmob.com/teams/1693/overview/kups
1701,Vfr Mannheim,vfr-mannheim,https://www.fotmob.com/teams/1701/overview/vfr-mannheim
1703,Cliftonville,cliftonville,https://www.fotmob.com/teams/1703/overview/cliftonville
1707,Verdal,verdal,https://www.fotmob.com/teams/1707/overview/verdal
1711,Ansbach,ansbach,https://www.fotmob.com/teams/1711/overview/ansbach
1712,Hradec Kralove,hradec-kralove,https://www.fotmob.com/teams/1712/overview/hradec-kralove
1713,Opava,opava,https://www.fotmob.com/teams/1713/overview/opava
1720,Shafa,shafa,https://www.fotmob.com/teams/1720/overview/shafa
1722,Varzim,varzim,https://www.fotmob.com/teams/1722/overview/varzim
1734,Homburg,homburg,https://www.fotmob.com/teams/1734/overview/homburg
1739,Mladost Lucani,mladost-lucani,https://www.fotmob.com/teams/1739/overview/mladost-lucani
1744,Kloetinge,kloetinge,https://www.fotmob.com/teams/1744/overview/kloetinge
1746,Spakenburg,spakenburg,https://www.fotmob.com/teams/1746/overview/spakenburg
1753,Cultural Leonesa,cultural-leonesa,https://www.fotmob.com/teams/1753/overview/cultural-leonesa
1756,Gama,gama,https://www.fotmob.com/teams/1756/overview/gama
1757,America Mg,america-mg,https://www.fotmob.com/teams/1757/overview/america-mg
1767,Havant Waterlooville,havant-waterlooville,https://www.fotmob.com/teams/1767/overview/havant-waterlooville
1770,Kladno,kladno,https://www.fotmob.com/teams/1770/overview/kladno
1773,Oh Leuven,oh-leuven,https://www.fotmob.com/teams/1773/overview/oh-leuven
1786,Academico Viseu,academico-viseu,https://www.fotmob.com/teams/1786/overview/academico-viseu
1796,Sanjoanense,sanjoanense,https://www.fotmob.com/teams/1796/overview/sanjoanense
1800,Caldas,caldas,https://www.fotmob.com/teams/1800/overview/caldas
1813,Etoile Frejus Saint Raphael,etoile-frejus-saint-raphael,https://www.fotmob.com/teams/1813/overview/etoile-frejus-saint-raphael
1820,St Malo,st-malo,https://www.fotmob.com/teams/1820/overview/st-malo
1823,St Maur Lusitanos,st-maur-lusitanos,https://www.fotmob.com/teams/1823/overview/st-maur-lusitanos
1830,Maccabi Kiryat Gat,maccabi-kiryat-gat,https://www.fotmob.com/teams/1830/overview/maccabi-kiryat-gat
1831,Hapoel Rishon Lezion,hapoel-rishon-lezion,https://www.fotmob.com/teams/1831/overview/hapoel-rishon-lezion
1832,Maccabi Netanya,maccabi-netanya,https://www.fotmob.com/teams/1832/overview/maccabi-netanya
1833,Deportivo Maldonado,deportivo-maldonado,https://www.fotmob.com/teams/1833/overview/deportivo-maldonado
1834,Central Espanol,central-espanol,https://www.fotmob.com/teams/1834/overview/central-espanol
1836,Cerro,cerro,https://www.fotmob.com/teams/1836/overview/cerro
1837,Tacuarembo Fc,tacuarembo-fc,https://www.fotmob.com/teams/1837/overview/tacuarembo-fc
1838,Club Atletico Progreso,club-atletico-progreso,https://www.fotmob.com/teams/1838/overview/club-atletico-progreso
1841,Leon,leon,https://www.fotmob.com/teams/1841/overview/leon
1842,Necaxa,necaxa,https://www.fotmob.com/teams/1842/overview/necaxa
1843,Cobreloa,cobreloa,https://www.fotmob.com/teams/1843/overview/cobreloa
1844,Oriente Petrolero,oriente-petrolero,https://www.fotmob.com/teams/1844/overview/oriente-petrolero
1845,Cienciano,cienciano,https://www.fotmob.com/teams/1845/overview/cienciano
1846,Real Potosi,real-potosi,https://www.fotmob.com/teams/1846/overview/real-potosi
1848,Sporting Cristal,sporting-cristal,https://www.fotmob.com/teams/1848/overview/sporting-cristal
1849,Santiago Wanderers,santiago-wanderers,https://www.fotmob.com/teams/1849/overview/santiago-wanderers
1850,Emelec,emelec,https://www.fotmob.com/teams/1850/overview/emelec
1853,Dundalk,dundalk,https://www.fotmob.com/teams/1853/overview/dundalk
1854,St Patricks Athletic,st-patricks-athletic,https://www.fotmob.com/teams/1854/overview/st-patricks-athletic
1860,Fc Zlin,fc-zlin,https://www.fotmob.com/teams/1860/overview/fc-zlin
1862,Aluminij,aluminij,https://www.fotmob.com/teams/1862/overview/aluminij
1889,Avs Futebol Sad,avs-futebol-sad,https://www.fotmob.com/teams/1889/overview/avs-futebol-sad
1890,Everton Cd,everton-cd,https://www.fotmob.com/teams/1890/overview/everton-cd
1891,La Serena,la-serena,https://www.fotmob.com/teams/1891/overview/la-serena
1893,Guarani,guarani,https://www.fotmob.com/teams/1893/overview/guarani
1894,Tolima,tolima,https://www.fotmob.com/teams/1894/overview/tolima
1896,Deportivo Tachira,deportivo-tachira,https://www.fotmob.com/teams/1896/overview/deportivo-tachira
1899,Eik Tonsberg,eik-tonsberg,https://www.fotmob.com/teams/1899/overview/eik-tonsberg
1906,Japs,japs,https://www.fotmob.com/teams/1906/overview/japs
1907,Skn St Polten,skn-st-polten,https://www.fotmob.com/teams/1907/overview/skn-st-polten
1915,Fc Liefering,fc-liefering,https://www.fotmob.com/teams/1915/overview/fc-liefering
1921,Sturm Graz Ii,sturm-graz-ii,https://www.fotmob.com/teams/1921/overview/sturm-graz-ii
1925,Goztepe,goztepe,https://www.fotmob.com/teams/1925/overview/goztepe
1931,Antalyaspor,antalyaspor,https://www.fotmob.com/teams/1931/overview/antalyaspor
1933,Basaksehir,basaksehir,https://www.fotmob.com/teams/1933/overview/basaksehir
1937,Crusaders,crusaders,https://www.fotmob.com/teams/1937/overview/crusaders
1940,Sporting Covilha,sporting-covilha,https://www.fotmob.com/teams/1940/overview/sporting-covilha
1942,Atlante,atlante,https://www.fotmob.com/teams/1942/overview/atlante
1943,Queretaro Fc,queretaro-fc,https://www.fotmob.com/teams/1943/overview/queretaro-fc
1946,Pumas,pumas,https://www.fotmob.com/teams/1946/overview/pumas
1949,Vysocina Jihlava,vysocina-jihlava,https://www.fotmob.com/teams/1949/overview/vysocina-jihlava
1952,Rapid Wien Ii,rapid-wien-ii,https://www.fotmob.com/teams/1952/overview/rapid-wien-ii
1954,Wolfsberger Ac,wolfsberger-ac,https://www.fotmob.com/teams/1954/overview/wolfsberger-ac
1957,Jagiellonia Biaystok,jagiellonia-biaystok,https://www.fotmob.com/teams/1957/overview/jagiellonia-biaystok
1959,Friska Viljor,friska-viljor,https://www.fotmob.com/teams/1959/overview/friska-viljor
1965,Kristianstad Fc,kristianstad-fc,https://www.fotmob.com/teams/1965/overview/kristianstad-fc
1966,Fc Gute,fc-gute,https://www.fotmob.com/teams/1966/overview/fc-gute
1967,Vasalunds If,vasalunds-if,https://www.fotmob.com/teams/1967/overview/vasalunds-if
1970,Fc Jazz,fc-jazz,https://www.fotmob.com/teams/1970/overview/fc-jazz
2000,Volda,volda,https://www.fotmob.com/teams/2000/overview/volda
2004,Ostersunds Fk,ostersunds-fk,https://www.fotmob.com/teams/2004/overview/ostersunds-fk
2006,Pitea,pitea,https://www.fotmob.com/teams/2006/overview/pitea
2011,Falu,falu,https://www.fotmob.com/teams/2011/overview/falu
2014,Norrby,norrby,https://www.fotmob.com/teams/2014/overview/norrby
2019,Hogaborgs Bk,hogaborgs-bk,https://www.fotmob.com/teams/2019/overview/hogaborgs-bk
2021,Slovacko,slovacko,https://www.fotmob.com/teams/2021/overview/slovacko
2030,First Vienna Fc,first-vienna-fc,https://www.fotmob.com/teams/2030/overview/first-vienna-fc
2034,Dorados,dorados,https://www.fotmob.com/teams/2034/overview/dorados
2035,Nyiregyhaza Spartacus Fc,nyiregyhaza-spartacus-fc,https://www.fotmob.com/teams/2035/overview/nyiregyhaza-spartacus-fc
2070,Fc Thy Thisted Q,fc-thy-thisted-q,https://www.fotmob.com/teams/2070/overview/fc-thy-thisted-q
2073,Fc Nordsjaelland,fc-nordsjaelland,https://www.fotmob.com/teams/2073/overview/fc-nordsjaelland
2088,Fatih Karagumruk,fatih-karagumruk,https://www.fotmob.com/teams/2088/overview/fatih-karagumruk
2090,Sariyer,sariyer,https://www.fotmob.com/teams/2090/overview/sariyer
2093,Hapoel Ironi Akko,hapoel-ironi-akko,https://www.fotmob.com/teams/2093/overview/hapoel-ironi-akko
2095,Hapoel Ironi Kiryat Shmona,hapoel-ironi-kiryat-shmona,https://www.fotmob.com/teams/2095/overview/hapoel-ironi-kiryat-shmona
2096,Hapoel Raanana,hapoel-raanana,https://www.fotmob.com/teams/2096/overview/hapoel-raanana
2097,Maccabi Herzliya,maccabi-herzliya,https://www.fotmob.com/teams/2097/overview/maccabi-herzliya
2103,Shamakhi Fk,shamakhi-fk,https://www.fotmob.com/teams/2103/overview/shamakhi-fk
2106,Auda,auda,https://www.fotmob.com/teams/2106/overview/auda
2108,Jeunesse Esch,jeunesse-esch,https://www.fotmob.com/teams/2108/overview/jeunesse-esch
2110,Racing Fc Union Luxembourg,racing-fc-union-luxembourg,https://www.fotmob.com/teams/2110/overview/racing-fc-union-luxembourg
2111,Fc Wiltz 71,fc-wiltz-71,https://www.fotmob.com/teams/2111/overview/fc-wiltz-71
2112,Fc Victoria Rosport,fc-victoria-rosport,https://www.fotmob.com/teams/2112/overview/fc-victoria-rosport
2113,Swift Hesperange,swift-hesperange,https://www.fotmob.com/teams/2113/overview/swift-hesperange
2118,Zhetysu Taldykorgan,zhetysu-taldykorgan,https://www.fotmob.com/teams/2118/overview/zhetysu-taldykorgan
2120,Fc Kyzylzhar Petropavlovsk,fc-kyzylzhar-petropavlovsk,https://www.fotmob.com/teams/2120/overview/fc-kyzylzhar-petropavlovsk
2125,Kaisar Kyzylorda,kaisar-kyzylorda,https://www.fotmob.com/teams/2125/overview/kaisar-kyzylorda
2127,Ordabasy Shymkent,ordabasy-shymkent,https://www.fotmob.com/teams/2127/overview/ordabasy-shymkent
2128,Okzhetpes Kokshetau,okzhetpes-kokshetau,https://www.fotmob.com/teams/2128/overview/okzhetpes-kokshetau
2130,Fc Etzella Ettelbruck,fc-etzella-ettelbruck,https://www.fotmob.com/teams/2130/overview/fc-etzella-ettelbruck
2131,Kazakhstan U21,kazakhstan-u21,https://www.fotmob.com/teams/2131/overview/kazakhstan-u21
2134,Ael Limassol,ael-limassol,https://www.fotmob.com/teams/2134/overview/ael-limassol
2135,Digenis Morphou,digenis-morphou,https://www.fotmob.com/teams/2135/overview/digenis-morphou
2136,Aris Limassol,aris-limassol,https://www.fotmob.com/teams/2136/overview/aris-limassol
2137,Pafos Fc,pafos-fc,https://www.fotmob.com/teams/2137/overview/pafos-fc
2143,Lnz Cherkasy,lnz-cherkasy,https://www.fotmob.com/teams/2143/overview/lnz-cherkasy
2153,Ijsselmeervogels,ijsselmeervogels,https://www.fotmob.com/teams/2153/overview/ijsselmeervogels
2154,Lisse,lisse,https://www.fotmob.com/teams/2154/overview/lisse
2156,Quick Boys,quick-boys,https://www.fotmob.com/teams/2156/overview/quick-boys
2159,Kapa,kapa,https://www.fotmob.com/teams/2159/overview/kapa
2160,Klubi 04,klubi-04,https://www.fotmob.com/teams/2160/overview/klubi-04
2165,Ka Akureyri,ka-akureyri,https://www.fotmob.com/teams/2165/overview/ka-akureyri
2166,Rizespor,rizespor,https://www.fotmob.com/teams/2166/overview/rizespor
2169,Dukla Banska Bystrica,dukla-banska-bystrica,https://www.fotmob.com/teams/2169/overview/dukla-banska-bystrica
2172,Mura,mura,https://www.fotmob.com/teams/2172/overview/mura
2182,Lech Poznan,lech-poznan,https://www.fotmob.com/teams/2182/overview/lech-poznan
2183,Polonia Warszawa,polonia-warszawa,https://www.fotmob.com/teams/2183/overview/polonia-warszawa
2186,Cracovia,cracovia,https://www.fotmob.com/teams/2186/overview/cracovia
2193,Connahs Quay Nomads,connahs-quay-nomads,https://www.fotmob.com/teams/2193/overview/connahs-quay-nomads
2194,Haverfordwest,haverfordwest,https://www.fotmob.com/teams/2194/overview/haverfordwest
2198,Caernarfon,caernarfon,https://www.fotmob.com/teams/2198/overview/caernarfon
2200,Airbus Uk Broughton,airbus-uk-broughton,https://www.fotmob.com/teams/2200/overview/airbus-uk-broughton
2201,Cork City,cork-city,https://www.fotmob.com/teams/2201/overview/cork-city
2202,Coleraine,coleraine,https://www.fotmob.com/teams/2202/overview/coleraine
2203,Glentoran,glentoran,https://www.fotmob.com/teams/2203/overview/glentoran
2205,Limavady,limavady,https://www.fotmob.com/teams/2205/overview/limavady
2206,Larne,larne,https://www.fotmob.com/teams/2206/overview/larne
2211,Shirak,shirak,https://www.fotmob.com/teams/2211/overview/shirak
2212,Ararat,ararat,https://www.fotmob.com/teams/2212/overview/ararat
2215,Bnei Yehuda Tel Aviv,bnei-yehuda-tel-aviv,https://www.fotmob.com/teams/2215/overview/bnei-yehuda-tel-aviv
2216,Torpedo Kutaisi,torpedo-kutaisi,https://www.fotmob.com/teams/2216/overview/torpedo-kutaisi
2217,Dila Gori,dila-gori,https://www.fotmob.com/teams/2217/overview/dila-gori
2219,Liverpool Fc,liverpool-fc,https://www.fotmob.com/teams/2219/overview/liverpool-fc
2220,Cerrito,cerrito,https://www.fotmob.com/teams/2220/overview/cerrito
2221,Rentistas,rentistas,https://www.fotmob.com/teams/2221/overview/rentistas
2227,Ebstreymur,ebstreymur,https://www.fotmob.com/teams/2227/overview/ebstreymur
2228,Skala,skala,https://www.fotmob.com/teams/2228/overview/skala
2234,Kf Shkendija,kf-shkendija,https://www.fotmob.com/teams/2234/overview/kf-shkendija
2243,Don Benito,don-benito,https://www.fotmob.com/teams/2243/overview/don-benito
2244,Gimnastica Segoviana,gimnastica-segoviana,https://www.fotmob.com/teams/2244/overview/gimnastica-segoviana
2245,Sutjeska,sutjeska,https://www.fotmob.com/teams/2245/overview/sutjeska
2252,Narva Trans,narva-trans,https://www.fotmob.com/teams/2252/overview/narva-trans
2254,Junior Fc,junior-fc,https://www.fotmob.com/teams/2254/overview/junior-fc
2255,Zlate Moravce,zlate-moravce,https://www.fotmob.com/teams/2255/overview/zlate-moravce
2260,Halesowen Town Fc,halesowen-town-fc,https://www.fotmob.com/teams/2260/overview/halesowen-town-fc
2261,Billericay,billericay,https://www.fotmob.com/teams/2261/overview/billericay
2262,Ado 20,ado-20,https://www.fotmob.com/teams/2262/overview/ado-20
2263,Sporting Hasselt,sporting-hasselt,https://www.fotmob.com/teams/2263/overview/sporting-hasselt
2280,Kazincbarcikai Bsc,kazincbarcikai-bsc,https://www.fotmob.com/teams/2280/overview/kazincbarcikai-bsc
2292,Elverum,elverum,https://www.fotmob.com/teams/2292/overview/elverum
2297,Flint,flint,https://www.fotmob.com/teams/2297/overview/flint
2303,Jerv,jerv,https://www.fotmob.com/teams/2303/overview/jerv
2305,Kfum,kfum,https://www.fotmob.com/teams/2305/overview/kfum
2309,Melhus,melhus,https://www.fotmob.com/teams/2309/overview/melhus
2310,Mosjoen,mosjoen,https://www.fotmob.com/teams/2310/overview/mosjoen
2313,Os,os,https://www.fotmob.com/teams/2313/overview/os
2318,Spjelkavik,spjelkavik,https://www.fotmob.com/teams/2318/overview/spjelkavik
2321,Torvastad,torvastad,https://www.fotmob.com/teams/2321/overview/torvastad
2324,Ullern,ullern,https://www.fotmob.com/teams/2324/overview/ullern
2329,Assiden,assiden,https://www.fotmob.com/teams/2329/overview/assiden
2334,Fredensborg Bi,fredensborg-bi,https://www.fotmob.com/teams/2334/overview/fredensborg-bi
2349,Atyrau,atyrau,https://www.fotmob.com/teams/2349/overview/atyrau
2361,If Gnistan,if-gnistan,https://www.fotmob.com/teams/2361/overview/if-gnistan
2362,Jippo,jippo,https://www.fotmob.com/teams/2362/overview/jippo
2369,Nautico,nautico,https://www.fotmob.com/teams/2369/overview/nautico
2378,Athlone Town,athlone-town,https://www.fotmob.com/teams/2378/overview/athlone-town
2383,Cobh Ramblers,cobh-ramblers,https://www.fotmob.com/teams/2383/overview/cobh-ramblers
2393,Bahlinger Sc,bahlinger-sc,https://www.fotmob.com/teams/2393/overview/bahlinger-sc
2404,Hanacka Slavia Kromeriz,hanacka-slavia-kromeriz,https://www.fotmob.com/teams/2404/overview/hanacka-slavia-kromeriz
2406,Pardubice,pardubice,https://www.fotmob.com/teams/2406/overview/pardubice
2417,Skierniewice,skierniewice,https://www.fotmob.com/teams/2417/overview/skierniewice
2420,Nafta,nafta,https://www.fotmob.com/teams/2420/overview/nafta
2428,San Sebastian De Los Reyes,san-sebastian-de-los-reyes,https://www.fotmob.com/teams/2428/overview/san-sebastian-de-los-reyes
2433,Bw Linz,bw-linz,https://www.fotmob.com/teams/2433/overview/bw-linz
2437,Zeleziarne Podbrezova,zeleziarne-podbrezova,https://www.fotmob.com/teams/2437/overview/zeleziarne-podbrezova
2442,Stade Nyonnais,stade-nyonnais,https://www.fotmob.com/teams/2442/overview/stade-nyonnais
2458,Excelsior Maassluis,excelsior-maassluis,https://www.fotmob.com/teams/2458/overview/excelsior-maassluis
2459,Hoek,hoek,https://www.fotmob.com/teams/2459/overview/hoek
2476,Diosgyori Vtk,diosgyori-vtk,https://www.fotmob.com/teams/2476/overview/diosgyori-vtk
2488,Boreham Wood,boreham-wood,https://www.fotmob.com/teams/2488/overview/boreham-wood
2503,Paredes,paredes,https://www.fotmob.com/teams/2503/overview/paredes
2516,Angouleme,angouleme,https://www.fotmob.com/teams/2516/overview/angouleme
2517,Quevilly,quevilly,https://www.fotmob.com/teams/2517/overview/quevilly
2527,Strongest,strongest,https://www.fotmob.com/teams/2527/overview/strongest
2528,Independiente Medellin,independiente-medellin,https://www.fotmob.com/teams/2528/overview/independiente-medellin
2529,Al Hilal,al-hilal,https://www.fotmob.com/teams/2529/overview/al-hilal
2530,Al Ahli,al-ahli,https://www.fotmob.com/teams/2530/overview/al-ahli
2534,Maccabi Ahi Nazareth,maccabi-ahi-nazareth,https://www.fotmob.com/teams/2534/overview/maccabi-ahi-nazareth
2536,Skjetten,skjetten,https://www.fotmob.com/teams/2536/overview/skjetten
2539,Irtysh Pavlodar,irtysh-pavlodar,https://www.fotmob.com/teams/2539/overview/irtysh-pavlodar
2550,Fc Bihor Oradea,fc-bihor-oradea,https://www.fotmob.com/teams/2550/overview/fc-bihor-oradea
2552,Odder Fodbold,odder-fodbold,https://www.fotmob.com/teams/2552/overview/odder-fodbold
2562,Oberneuland,oberneuland,https://www.fotmob.com/teams/2562/overview/oberneuland
2564,Velbert,velbert,https://www.fotmob.com/teams/2564/overview/velbert
2565,Fuechse Berlin Reinickendorf,fuechse-berlin-reinickendorf,https://www.fotmob.com/teams/2565/overview/fuechse-berlin-reinickendorf
4015,Voitsberg,voitsberg,https://www.fotmob.com/teams/4015/overview/voitsberg
4023,Gks Katowice,gks-katowice,https://www.fotmob.com/teams/4023/overview/gks-katowice
4024,Rakow Czestochowa,rakow-czestochowa,https://www.fotmob.com/teams/4024/overview/rakow-czestochowa
4031,Zamora,zamora,https://www.fotmob.com/teams/4031/overview/zamora
4032,Cd Mirandes,cd-mirandes,https://www.fotmob.com/teams/4032/overview/cd-mirandes
4033,Sabadell,sabadell,https://www.fotmob.com/teams/4033/overview/sabadell
4041,Szentlorinc,szentlorinc,https://www.fotmob.com/teams/4041/overview/szentlorinc
4046,Bishops Stortford,bishops-stortford,https://www.fotmob.com/teams/4046/overview/bishops-stortford
4047,Hornchurch,hornchurch,https://www.fotmob.com/teams/4047/overview/hornchurch
4054,Universidad De Concepcion,universidad-de-concepcion,https://www.fotmob.com/teams/4054/overview/universidad-de-concepcion
4055,Cobresal,cobresal,https://www.fotmob.com/teams/4055/overview/cobresal
4056,Huachipato,huachipato,https://www.fotmob.com/teams/4056/overview/huachipato
4057,Rangers,rangers,https://www.fotmob.com/teams/4057/overview/rangers
4058,Audax Italiano,audax-italiano,https://www.fotmob.com/teams/4058/overview/audax-italiano
4059,Puerto Montt,puerto-montt,https://www.fotmob.com/teams/4059/overview/puerto-montt
4060,Deportes Temuco,deportes-temuco,https://www.fotmob.com/teams/4060/overview/deportes-temuco
4061,Union San Felipe,union-san-felipe,https://www.fotmob.com/teams/4061/overview/union-san-felipe
4062,Coquimbo Unido,coquimbo-unido,https://www.fotmob.com/teams/4062/overview/coquimbo-unido
4063,Ballymena United,ballymena-united,https://www.fotmob.com/teams/4063/overview/ballymena-united
4064,Feirense,feirense,https://www.fotmob.com/teams/4064/overview/feirense
4081,Gaziantep Fk,gaziantep-fk,https://www.fotmob.com/teams/4081/overview/gaziantep-fk
4083,La Saint Colomban Locmine,la-saint-colomban-locmine,https://www.fotmob.com/teams/4083/overview/la-saint-colomban-locmine
4089,Aviron Bayonnais Fc,aviron-bayonnais-fc,https://www.fotmob.com/teams/4089/overview/aviron-bayonnais-fc
4096,Guiseley,guiseley,https://www.fotmob.com/teams/4096/overview/guiseley
4105,Garde Saint Ivy Pontivy,garde-saint-ivy-pontivy,https://www.fotmob.com/teams/4105/overview/garde-saint-ivy-pontivy
4107,Avranches,avranches,https://www.fotmob.com/teams/4107/overview/avranches
4108,Tarbes,tarbes,https://www.fotmob.com/teams/4108/overview/tarbes
4116,Almere City Fc,almere-city-fc,https://www.fotmob.com/teams/4116/overview/almere-city-fc
4120,Rodez,rodez,https://www.fotmob.com/teams/4120/overview/rodez
4122,Olympique Saumur,olympique-saumur,https://www.fotmob.com/teams/4122/overview/olympique-saumur
4123,Fcsr Haguenau,fcsr-haguenau,https://www.fotmob.com/teams/4123/overview/fcsr-haguenau
4130,Edinburgh City,edinburgh-city,https://www.fotmob.com/teams/4130/overview/edinburgh-city
4131,Shamrock Rovers,shamrock-rovers,https://www.fotmob.com/teams/4131/overview/shamrock-rovers
4134,Deportes Concepcion,deportes-concepcion,https://www.fotmob.com/teams/4134/overview/deportes-concepcion
4142,Metallurg Lipetsk,metallurg-lipetsk,https://www.fotmob.com/teams/4142/overview/metallurg-lipetsk
4144,Deportivo Cuenca,deportivo-cuenca,https://www.fotmob.com/teams/4144/overview/deportivo-cuenca
4146,Fc Kuressaare,fc-kuressaare,https://www.fotmob.com/teams/4146/overview/fc-kuressaare
4147,Tammeka,tammeka,https://www.fotmob.com/teams/4147/overview/tammeka
4150,Fc Kapaz,fc-kapaz,https://www.fotmob.com/teams/4150/overview/fc-kapaz
4151,Santo Andre,santo-andre,https://www.fotmob.com/teams/4151/overview/santo-andre
4167,Lesotho,lesotho,https://www.fotmob.com/teams/4167/overview/lesotho
4170,Boulogne,boulogne,https://www.fotmob.com/teams/4170/overview/boulogne
4175,Macao,macao,https://www.fotmob.com/teams/4175/overview/macao
4177,Beijing Guoan,beijing-guoan,https://www.fotmob.com/teams/4177/overview/beijing-guoan
4181,Klepp,klepp,https://www.fotmob.com/teams/4181/overview/klepp
4182,Brann,brann,https://www.fotmob.com/teams/4182/overview/brann
4183,Qingdao Hainiu,qingdao-hainiu,https://www.fotmob.com/teams/4183/overview/qingdao-hainiu
4189,Tianjin Jinmen Tiger,tianjin-jinmen-tiger,https://www.fotmob.com/teams/4189/overview/tianjin-jinmen-tiger
4193,Forssa Bk,forssa-bk,https://www.fotmob.com/teams/4193/overview/forssa-bk
4201,Grorud,grorud,https://www.fotmob.com/teams/4201/overview/grorud
4204,Sarpsborg 08 2,sarpsborg-08-2,https://www.fotmob.com/teams/4204/overview/sarpsborg-08-2
4206,Grei,grei,https://www.fotmob.com/teams/4206/overview/grei
4210,Donn,donn,https://www.fotmob.com/teams/4210/overview/donn
4216,Vag,vag,https://www.fotmob.com/teams/4216/overview/vag
4218,Vigor,vigor,https://www.fotmob.com/teams/4218/overview/vigor
4230,Varhaug,varhaug,https://www.fotmob.com/teams/4230/overview/varhaug
4231,Staal Jorpeland,staal-jorpeland,https://www.fotmob.com/teams/4231/overview/staal-jorpeland
4232,Akra,akra,https://www.fotmob.com/teams/4232/overview/akra
4235,Haugesund 2,haugesund-2,https://www.fotmob.com/teams/4235/overview/haugesund-2
4236,Sola,sola,https://www.fotmob.com/teams/4236/overview/sola
4244,Lyn 2,lyn-2,https://www.fotmob.com/teams/4244/overview/lyn-2
4249,Strommen,strommen,https://www.fotmob.com/teams/4249/overview/strommen
4250,Raelingen,raelingen,https://www.fotmob.com/teams/4250/overview/raelingen
4254,Kongsvinger 2,kongsvinger-2,https://www.fotmob.com/teams/4254/overview/kongsvinger-2
4255,Funnefossvormsund,funnefossvormsund,https://www.fotmob.com/teams/4255/overview/funnefossvormsund
4283,Bjorkelangen,bjorkelangen,https://www.fotmob.com/teams/4283/overview/bjorkelangen
4287,Skjervoy,skjervoy,https://www.fotmob.com/teams/4287/overview/skjervoy
4289,Vindbjart,vindbjart,https://www.fotmob.com/teams/4289/overview/vindbjart
4296,Bossekop,bossekop,https://www.fotmob.com/teams/4296/overview/bossekop
4305,Gneist,gneist,https://www.fotmob.com/teams/4305/overview/gneist
4318,Varegg,varegg,https://www.fotmob.com/teams/4318/overview/varegg
4319,Floro,floro,https://www.fotmob.com/teams/4319/overview/floro
4320,Junkeren,junkeren,https://www.fotmob.com/teams/4320/overview/junkeren
4325,Fauskesprint,fauskesprint,https://www.fotmob.com/teams/4325/overview/fauskesprint
4332,Kvik,kvik,https://www.fotmob.com/teams/4332/overview/kvik
4338,Andalsnes,andalsnes,https://www.fotmob.com/teams/4338/overview/andalsnes
4349,Lyngbo,lyngbo,https://www.fotmob.com/teams/4349/overview/lyngbo
4361,Ntnui,ntnui,https://www.fotmob.com/teams/4361/overview/ntnui
4363,Nardo,nardo,https://www.fotmob.com/teams/4363/overview/nardo
4366,Orkla,orkla,https://www.fotmob.com/teams/4366/overview/orkla
4384,Sogndal 2,sogndal-2,https://www.fotmob.com/teams/4384/overview/sogndal-2
4390,Surnadal,surnadal,https://www.fotmob.com/teams/4390/overview/surnadal
4393,Stjordals Blink,stjordals-blink,https://www.fotmob.com/teams/4393/overview/stjordals-blink
4397,Kashima Antlers,kashima-antlers,https://www.fotmob.com/teams/4397/overview/kashima-antlers
4398,Rb Omiya Ardija,rb-omiya-ardija,https://www.fotmob.com/teams/4398/overview/rb-omiya-ardija
4399,Fc Tokyo,fc-tokyo,https://www.fotmob.com/teams/4399/overview/fc-tokyo
4400,Independiente Valle Del Cauca,independiente-valle-del-cauca,https://www.fotmob.com/teams/4400/overview/independiente-valle-del-cauca
4401,Bucaramanga,bucaramanga,https://www.fotmob.com/teams/4401/overview/bucaramanga
4402,Envigado,envigado,https://www.fotmob.com/teams/4402/overview/envigado
4403,Millonarios,millonarios,https://www.fotmob.com/teams/4403/overview/millonarios
4404,Deportivo Pereira,deportivo-pereira,https://www.fotmob.com/teams/4404/overview/deportivo-pereira
4405,Deportivo Pasto,deportivo-pasto,https://www.fotmob.com/teams/4405/overview/deportivo-pasto
4407,Deportes Quindio,deportes-quindio,https://www.fotmob.com/teams/4407/overview/deportes-quindio
4408,Union Magdalena,union-magdalena,https://www.fotmob.com/teams/4408/overview/union-magdalena
4409,Universitario De Deportes,universitario-de-deportes,https://www.fotmob.com/teams/4409/overview/universitario-de-deportes
4410,Alianza Atletico,alianza-atletico,https://www.fotmob.com/teams/4410/overview/alianza-atletico
4412,Sport Boys,sport-boys,https://www.fotmob.com/teams/4412/overview/sport-boys
4417,Fbc Melgar,fbc-melgar,https://www.fotmob.com/teams/4417/overview/fbc-melgar
4424,Miramar Misiones,miramar-misiones,https://www.fotmob.com/teams/4424/overview/miramar-misiones
4425,Albirex Niigata,albirex-niigata,https://www.fotmob.com/teams/4425/overview/albirex-niigata
4426,Shimizu S Pulse,shimizu-s-pulse,https://www.fotmob.com/teams/4426/overview/shimizu-s-pulse
4427,Oita Trinita,oita-trinita,https://www.fotmob.com/teams/4427/overview/oita-trinita
4429,Vastra Frolunda,vastra-frolunda,https://www.fotmob.com/teams/4429/overview/vastra-frolunda
4432,Chad,chad,https://www.fotmob.com/teams/4432/overview/chad
4433,Eswatini,eswatini,https://www.fotmob.com/teams/4433/overview/eswatini
4437,Bollstanas Sk,bollstanas-sk,https://www.fotmob.com/teams/4437/overview/bollstanas-sk
4438,Hammarby Tff,hammarby-tff,https://www.fotmob.com/teams/4438/overview/hammarby-tff
4445,Finland,finland,https://www.fotmob.com/teams/4445/overview/finland
4446,Ols,ols,https://www.fotmob.com/teams/4446/overview/ols
4449,Ac Oulu,ac-oulu,https://www.fotmob.com/teams/4449/overview/ac-oulu
4450,Kpv,kpv,https://www.fotmob.com/teams/4450/overview/kpv
4451,Lancaster City,lancaster-city,https://www.fotmob.com/teams/4451/overview/lancaster-city
4454,Dover,dover,https://www.fotmob.com/teams/4454/overview/dover
4456,Northern Ireland U19,northern-ireland-u19,https://www.fotmob.com/teams/4456/overview/northern-ireland-u19
4472,Keflavik,keflavik,https://www.fotmob.com/teams/4472/overview/keflavik
4474,Wuerzburger,wuerzburger,https://www.fotmob.com/teams/4474/overview/wuerzburger
4476,Jahn Regensburg Ii,jahn-regensburg-ii,https://www.fotmob.com/teams/4476/overview/jahn-regensburg-ii
4478,St Pauli Ii,st-pauli-ii,https://www.fotmob.com/teams/4478/overview/st-pauli-ii
4484,Rosenborg Bk,rosenborg-bk,https://www.fotmob.com/teams/4484/overview/rosenborg-bk
4485,Roa,roa,https://www.fotmob.com/teams/4485/overview/roa
4486,Lsk Kvinner,lsk-kvinner,https://www.fotmob.com/teams/4486/overview/lsk-kvinner
4488,Pirin Blagoevgrad,pirin-blagoevgrad,https://www.fotmob.com/teams/4488/overview/pirin-blagoevgrad
4492,Apollon Smirnis,apollon-smirnis,https://www.fotmob.com/teams/4492/overview/apollon-smirnis
4493,Levadiakos,levadiakos,https://www.fotmob.com/teams/4493/overview/levadiakos
4494,Haukar,haukar,https://www.fotmob.com/teams/4494/overview/haukar
4495,Njardvik,njardvik,https://www.fotmob.com/teams/4495/overview/njardvik
4496,Thor Akureyri,thor-akureyri,https://www.fotmob.com/teams/4496/overview/thor-akureyri
4497,Kolbotn,kolbotn,https://www.fotmob.com/teams/4497/overview/kolbotn
4499,Arna Bjornar,arna-bjornar,https://www.fotmob.com/teams/4499/overview/arna-bjornar
4500,Aalesund,aalesund,https://www.fotmob.com/teams/4500/overview/aalesund
4507,Valerenga,valerenga,https://www.fotmob.com/teams/4507/overview/valerenga
4514,Volsungur,volsungur,https://www.fotmob.com/teams/4514/overview/volsungur
4515,Vikingur Olafsvik,vikingur-olafsvik,https://www.fotmob.com/teams/4515/overview/vikingur-olafsvik
4516,Hk Kopavogs,hk-kopavogs,https://www.fotmob.com/teams/4516/overview/hk-kopavogs
4518,Fjolnir,fjolnir,https://www.fotmob.com/teams/4518/overview/fjolnir
4520,Us Rumelange,us-rumelange,https://www.fotmob.com/teams/4520/overview/us-rumelange
4524,Fc 08 Villingen,fc-08-villingen,https://www.fotmob.com/teams/4524/overview/fc-08-villingen
4526,Un Kaerjeng 97,un-kaerjeng-97,https://www.fotmob.com/teams/4526/overview/un-kaerjeng-97
4530,Mamelodi Sundowns Fc,mamelodi-sundowns-fc,https://www.fotmob.com/teams/4530/overview/mamelodi-sundowns-fc
4531,Vizela,vizela,https://www.fotmob.com/teams/4531/overview/vizela
4548,F91 Dudelange,f91-dudelange,https://www.fotmob.com/teams/4548/overview/f91-dudelange
4569,Longford Town,longford-town,https://www.fotmob.com/teams/4569/overview/longford-town
4594,Bohemian Fc,bohemian-fc,https://www.fotmob.com/teams/4594/overview/bohemian-fc
4596,Neumunster,neumunster,https://www.fotmob.com/teams/4596/overview/neumunster
4615,Dungannon Swifts,dungannon-swifts,https://www.fotmob.com/teams/4615/overview/dungannon-swifts
4616,Zalgiris Vilnius,zalgiris-vilnius,https://www.fotmob.com/teams/4616/overview/zalgiris-vilnius
4617,Fk Neftchi,fk-neftchi,https://www.fotmob.com/teams/4617/overview/fk-neftchi
4621,Frigg,frigg,https://www.fotmob.com/teams/4621/overview/frigg
4622,Nk Celje,nk-celje,https://www.fotmob.com/teams/4622/overview/nk-celje
4639,Rijnsburgse Boys,rijnsburgse-boys,https://www.fotmob.com/teams/4639/overview/rijnsburgse-boys
4660,Paysandu,paysandu,https://www.fotmob.com/teams/4660/overview/paysandu
4661,Throttur Reykjavik,throttur-reykjavik,https://www.fotmob.com/teams/4661/overview/throttur-reykjavik
4662,Spartak Trnava,spartak-trnava,https://www.fotmob.com/teams/4662/overview/spartak-trnava
4665,Atletico,atletico,https://www.fotmob.com/teams/4665/overview/atletico
4666,Vikingur,vikingur,https://www.fotmob.com/teams/4666/overview/vikingur
4669,Plaza Colonia,plaza-colonia,https://www.fotmob.com/teams/4669/overview/plaza-colonia
4673,Jjk Jyvaskyla,jjk-jyvaskyla,https://www.fotmob.com/teams/4673/overview/jjk-jyvaskyla
4674,Turan Tovuz,turan-tovuz,https://www.fotmob.com/teams/4674/overview/turan-tovuz
4675,Boluspor,boluspor,https://www.fotmob.com/teams/4675/overview/boluspor
4678,Alanyaspor,alanyaspor,https://www.fotmob.com/teams/4678/overview/alanyaspor
4681,Eyupspor,eyupspor,https://www.fotmob.com/teams/4681/overview/eyupspor
4685,Kasmpasa,kasmpasa,https://www.fotmob.com/teams/4685/overview/kasmpasa
4688,Vissel Kobe,vissel-kobe,https://www.fotmob.com/teams/4688/overview/vissel-kobe
4692,Cerezo Osaka,cerezo-osaka,https://www.fotmob.com/teams/4692/overview/cerezo-osaka
4697,Alcoyano,alcoyano,https://www.fotmob.com/teams/4697/overview/alcoyano
4701,Portugalete,portugalete,https://www.fotmob.com/teams/4701/overview/portugalete
4703,Fram Larvik,fram-larvik,https://www.fotmob.com/teams/4703/overview/fram-larvik
4721,Teplice,teplice,https://www.fotmob.com/teams/4721/overview/teplice
4722,Egersund,egersund,https://www.fotmob.com/teams/4722/overview/egersund
4724,Afc,afc,https://www.fotmob.com/teams/4724/overview/afc
5733,Usti Nad Labem,usti-nad-labem,https://www.fotmob.com/teams/5733/overview/usti-nad-labem
5734,Kvik Halden,kvik-halden,https://www.fotmob.com/teams/5734/overview/kvik-halden
5750,Mauritius,mauritius,https://www.fotmob.com/teams/5750/overview/mauritius
5751,Shelbourne,shelbourne,https://www.fotmob.com/teams/5751/overview/shelbourne
5755,Gyori Eto,gyori-eto,https://www.fotmob.com/teams/5755/overview/gyori-eto
5756,Puerto Rico,puerto-rico,https://www.fotmob.com/teams/5756/overview/puerto-rico
5757,Guadeloupe,guadeloupe,https://www.fotmob.com/teams/5757/overview/guadeloupe
5758,Brasiliense,brasiliense,https://www.fotmob.com/teams/5758/overview/brasiliense
5762,Merthyr Town,merthyr-town,https://www.fotmob.com/teams/5762/overview/merthyr-town
5763,Braintree Town,braintree-town,https://www.fotmob.com/teams/5763/overview/braintree-town
5764,Leamington,leamington,https://www.fotmob.com/teams/5764/overview/leamington
5767,Ramsgate,ramsgate,https://www.fotmob.com/teams/5767/overview/ramsgate
5769,Radomiak Radom,radomiak-radom,https://www.fotmob.com/teams/5769/overview/radomiak-radom
5771,Olympiakos Nicosia,olympiakos-nicosia,https://www.fotmob.com/teams/5771/overview/olympiakos-nicosia
5772,Koper,koper,https://www.fotmob.com/teams/5772/overview/koper
5786,Spartak Kostroma,spartak-kostroma,https://www.fotmob.com/teams/5786/overview/spartak-kostroma
5787,Slovenia,slovenia,https://www.fotmob.com/teams/5787/overview/slovenia
5788,Thailand,thailand,https://www.fotmob.com/teams/5788/overview/thailand
5789,Uae,uae,https://www.fotmob.com/teams/5789/overview/uae
5790,Wales,wales,https://www.fotmob.com/teams/5790/overview/wales
5791,Ireland,ireland,https://www.fotmob.com/teams/5791/overview/ireland
5792,Luxembourg,luxembourg,https://www.fotmob.com/teams/5792/overview/luxembourg
5793,Cyprus,cyprus,https://www.fotmob.com/teams/5793/overview/cyprus
5794,Moldova,moldova,https://www.fotmob.com/teams/5794/overview/moldova
5795,Latvia,latvia,https://www.fotmob.com/teams/5795/overview/latvia
5796,Uruguay,uruguay,https://www.fotmob.com/teams/5796/overview/uruguay
5797,Bolivia,bolivia,https://www.fotmob.com/teams/5797/overview/bolivia
5798,Peru,peru,https://www.fotmob.com/teams/5798/overview/peru
5799,Liechtenstein,liechtenstein,https://www.fotmob.com/teams/5799/overview/liechtenstein
5800,Venezuela,venezuela,https://www.fotmob.com/teams/5800/overview/venezuela
5801,Congo,congo,https://www.fotmob.com/teams/5801/overview/congo
5802,Namibia,namibia,https://www.fotmob.com/teams/5802/overview/namibia
5803,Sierra Leone,sierra-leone,https://www.fotmob.com/teams/5803/overview/sierra-leone
5804,Liberia,liberia,https://www.fotmob.com/teams/5804/overview/liberia
5805,Sudan,sudan,https://www.fotmob.com/teams/5805/overview/sudan
5806,Jamaica,jamaica,https://www.fotmob.com/teams/5806/overview/jamaica
5807,Nicaragua,nicaragua,https://www.fotmob.com/teams/5807/overview/nicaragua
5808,Honduras,honduras,https://www.fotmob.com/teams/5808/overview/honduras
5809,Madagascar,madagascar,https://www.fotmob.com/teams/5809/overview/madagascar
5810,Canada,canada,https://www.fotmob.com/teams/5810/overview/canada
5811,England,england,https://www.fotmob.com/teams/5811/overview/england
5812,Germany,germany,https://www.fotmob.com/teams/5812/overview/germany
5813,Norway,norway,https://www.fotmob.com/teams/5813/overview/norway
5814,Sweden,sweden,https://www.fotmob.com/teams/5814/overview/sweden
5815,Mali,mali,https://www.fotmob.com/teams/5815/overview/mali
5816,Jordan,jordan,https://www.fotmob.com/teams/5816/overview/jordan
5817,Russia,russia,https://www.fotmob.com/teams/5817/overview/russia
5818,Denmark,denmark,https://www.fotmob.com/teams/5818/overview/denmark
5819,Iraq,iraq,https://www.fotmob.com/teams/5819/overview/iraq
5820,New Zealand,new-zealand,https://www.fotmob.com/teams/5820/overview/new-zealand
5821,Kuwait,kuwait,https://www.fotmob.com/teams/5821/overview/kuwait
5822,China,china,https://www.fotmob.com/teams/5822/overview/china
5823,Malaysia,malaysia,https://www.fotmob.com/teams/5823/overview/malaysia
5824,Oman,oman,https://www.fotmob.com/teams/5824/overview/oman
5825,Singapore,singapore,https://www.fotmob.com/teams/5825/overview/singapore
5826,Cyprus U21,cyprus-u21,https://www.fotmob.com/teams/5826/overview/cyprus-u21
5827,Slovenia U21,slovenia-u21,https://www.fotmob.com/teams/5827/overview/slovenia-u21
5828,Israel U21,israel-u21,https://www.fotmob.com/teams/5828/overview/israel-u21
5829,Malta U21,malta-u21,https://www.fotmob.com/teams/5829/overview/malta-u21
5830,Norway U21,norway-u21,https://www.fotmob.com/teams/5830/overview/norway-u21
5831,Bosnia Herzegovina U21,bosnia-herzegovina-u21,https://www.fotmob.com/teams/5831/overview/bosnia-herzegovina-u21
5832,Luxembourg U21,luxembourg-u21,https://www.fotmob.com/teams/5832/overview/luxembourg-u21
5833,Czechia U21,czechia-u21,https://www.fotmob.com/teams/5833/overview/czechia-u21
5834,Austria U21,austria-u21,https://www.fotmob.com/teams/5834/overview/austria-u21
5835,Belarus U21,belarus-u21,https://www.fotmob.com/teams/5835/overview/belarus-u21
5836,Moldova U21,moldova-u21,https://www.fotmob.com/teams/5836/overview/moldova-u21
5837,Poland U21,poland-u21,https://www.fotmob.com/teams/5837/overview/poland-u21
5838,Hungary U21,hungary-u21,https://www.fotmob.com/teams/5838/overview/hungary-u21
5839,Latvia U21,latvia-u21,https://www.fotmob.com/teams/5839/overview/latvia-u21
5840,San Marino U21,san-marino-u21,https://www.fotmob.com/teams/5840/overview/san-marino-u21
5841,Lithuania U21,lithuania-u21,https://www.fotmob.com/teams/5841/overview/lithuania-u21
5842,Iceland U21,iceland-u21,https://www.fotmob.com/teams/5842/overview/iceland-u21
5843,Greece U21,greece-u21,https://www.fotmob.com/teams/5843/overview/greece-u21
5844,Armenia U21,armenia-u21,https://www.fotmob.com/teams/5844/overview/armenia-u21
5845,Turkiye U21,turkiye-u21,https://www.fotmob.com/teams/5845/overview/turkiye-u21
5846,England U21,england-u21,https://www.fotmob.com/teams/5846/overview/england-u21
5847,Slovakia U21,slovakia-u21,https://www.fotmob.com/teams/5847/overview/slovakia-u21
5848,Croatia U21,croatia-u21,https://www.fotmob.com/teams/5848/overview/croatia-u21
5849,Bulgaria U21,bulgaria-u21,https://www.fotmob.com/teams/5849/overview/bulgaria-u21
5850,Estonia U21,estonia-u21,https://www.fotmob.com/teams/5850/overview/estonia-u21
5851,Finland U21,finland-u21,https://www.fotmob.com/teams/5851/overview/finland-u21
5852,Wales U21,wales-u21,https://www.fotmob.com/teams/5852/overview/wales-u21
5853,Albania U21,albania-u21,https://www.fotmob.com/teams/5853/overview/albania-u21
5854,Switzerland U21,switzerland-u21,https://www.fotmob.com/teams/5854/overview/switzerland-u21
5855,Georgia U21,georgia-u21,https://www.fotmob.com/teams/5855/overview/georgia-u21
5856,Ireland U21,ireland-u21,https://www.fotmob.com/teams/5856/overview/ireland-u21
5857,Cuba,cuba,https://www.fotmob.com/teams/5857/overview/cuba
5858,Guatemala,guatemala,https://www.fotmob.com/teams/5858/overview/guatemala
5859,Martinique,martinique,https://www.fotmob.com/teams/5859/overview/martinique
5860,Argentina U20,argentina-u20,https://www.fotmob.com/teams/5860/overview/argentina-u20
5861,Spain U20,spain-u20,https://www.fotmob.com/teams/5861/overview/spain-u20
5862,Panama U20,panama-u20,https://www.fotmob.com/teams/5862/overview/panama-u20
5863,Uzbekistan U20,uzbekistan-u20,https://www.fotmob.com/teams/5863/overview/uzbekistan-u20
5864,Brazil U20,brazil-u20,https://www.fotmob.com/teams/5864/overview/brazil-u20
5865,Burkina Faso U20,burkina-faso-u20,https://www.fotmob.com/teams/5865/overview/burkina-faso-u20
5866,Mali U20,mali-u20,https://www.fotmob.com/teams/5866/overview/mali-u20
5867,Czechia U20,czechia-u20,https://www.fotmob.com/teams/5867/overview/czechia-u20
5868,Australia U20,australia-u20,https://www.fotmob.com/teams/5868/overview/australia-u20
5869,Canada U20,canada-u20,https://www.fotmob.com/teams/5869/overview/canada-u20
5870,Uae U20,uae-u20,https://www.fotmob.com/teams/5870/overview/uae-u20
5871,Slovakia U20,slovakia-u20,https://www.fotmob.com/teams/5871/overview/slovakia-u20
5872,Egypt U20,egypt-u20,https://www.fotmob.com/teams/5872/overview/egypt-u20
5873,Colombia U20,colombia-u20,https://www.fotmob.com/teams/5873/overview/colombia-u20
5874,England U20,england-u20,https://www.fotmob.com/teams/5874/overview/england-u20
5875,Japan U20,japan-u20,https://www.fotmob.com/teams/5875/overview/japan-u20
5876,Usa U20,usa-u20,https://www.fotmob.com/teams/5876/overview/usa-u20
5877,Paraguay U20,paraguay-u20,https://www.fotmob.com/teams/5877/overview/paraguay-u20
5878,Germany U20,germany-u20,https://www.fotmob.com/teams/5878/overview/germany-u20
5879,South Korea U20,south-korea-u20,https://www.fotmob.com/teams/5879/overview/south-korea-u20
5880,Mexico U20,mexico-u20,https://www.fotmob.com/teams/5880/overview/mexico-u20
5881,Ireland U20,ireland-u20,https://www.fotmob.com/teams/5881/overview/ireland-u20
5882,Ivory Coast U20,ivory-coast-u20,https://www.fotmob.com/teams/5882/overview/ivory-coast-u20
5883,Benin,benin,https://www.fotmob.com/teams/5883/overview/benin
5884,Kenya,kenya,https://www.fotmob.com/teams/5884/overview/kenya
5885,Rwanda,rwanda,https://www.fotmob.com/teams/5885/overview/rwanda
5886,Barbados,barbados,https://www.fotmob.com/teams/5886/overview/barbados
5887,Botswana,botswana,https://www.fotmob.com/teams/5887/overview/botswana
5888,Cape Verde,cape-verde,https://www.fotmob.com/teams/5888/overview/cape-verde
5889,Gabon,gabon,https://www.fotmob.com/teams/5889/overview/gabon
5890,Uganda,uganda,https://www.fotmob.com/teams/5890/overview/uganda
5891,Laos,laos,https://www.fotmob.com/teams/5891/overview/laos
5892,Yemen,yemen,https://www.fotmob.com/teams/5892/overview/yemen
5893,Kyrgyzstan,kyrgyzstan,https://www.fotmob.com/teams/5893/overview/kyrgyzstan
5894,Vietnam,vietnam,https://www.fotmob.com/teams/5894/overview/vietnam
5895,Sri Lanka,sri-lanka,https://www.fotmob.com/teams/5895/overview/sri-lanka
5896,Chinese Taipei,chinese-taipei,https://www.fotmob.com/teams/5896/overview/chinese-taipei
5897,Lebanon,lebanon,https://www.fotmob.com/teams/5897/overview/lebanon
5898,Tajikistan,tajikistan,https://www.fotmob.com/teams/5898/overview/tajikistan
5899,Maldives,maldives,https://www.fotmob.com/teams/5899/overview/maldives
5900,Turkmenistan,turkmenistan,https://www.fotmob.com/teams/5900/overview/turkmenistan
5901,Bahrain,bahrain,https://www.fotmob.com/teams/5901/overview/bahrain
5902,Qatar,qatar,https://www.fotmob.com/teams/5902/overview/qatar
5903,Brazil,brazil,https://www.fotmob.com/teams/5903/overview/brazil
5904,China,china,https://www.fotmob.com/teams/5904/overview/china
5905,Greece,greece,https://www.fotmob.com/teams/5905/overview/greece
5906,Japan,japan,https://www.fotmob.com/teams/5906/overview/japan
5907,Mexico,mexico,https://www.fotmob.com/teams/5907/overview/mexico
5908,Nigeria,nigeria,https://www.fotmob.com/teams/5908/overview/nigeria
5909,Usa,usa,https://www.fotmob.com/teams/5909/overview/usa
5910,Pakistan,pakistan,https://www.fotmob.com/teams/5910/overview/pakistan
5911,South Korea U21,south-korea-u21,https://www.fotmob.com/teams/5911/overview/south-korea-u21
5912,Mali U21,mali-u21,https://www.fotmob.com/teams/5912/overview/mali-u21
5913,Mexico U21,mexico-u21,https://www.fotmob.com/teams/5913/overview/mexico-u21
5914,Paraguay U21,paraguay-u21,https://www.fotmob.com/teams/5914/overview/paraguay-u21
5915,Japan U21,japan-u21,https://www.fotmob.com/teams/5915/overview/japan-u21
5916,Ghana U21,ghana-u21,https://www.fotmob.com/teams/5916/overview/ghana-u21
5917,Argentina U21,argentina-u21,https://www.fotmob.com/teams/5917/overview/argentina-u21
5918,Australia U21,australia-u21,https://www.fotmob.com/teams/5918/overview/australia-u21
5919,Costa Rica U21,costa-rica-u21,https://www.fotmob.com/teams/5919/overview/costa-rica-u21
5920,Morocco U21,morocco-u21,https://www.fotmob.com/teams/5920/overview/morocco-u21
5921,Iraq U21,iraq-u21,https://www.fotmob.com/teams/5921/overview/iraq-u21
5922,Panama,panama,https://www.fotmob.com/teams/5922/overview/panama
5923,Saint Vincent Grenadines,saint-vincent-grenadines,https://www.fotmob.com/teams/5923/overview/saint-vincent-grenadines
5924,St Kitts Nevis,st-kitts-nevis,https://www.fotmob.com/teams/5924/overview/st-kitts-nevis
5925,Fiji,fiji,https://www.fotmob.com/teams/5925/overview/fiji
5926,Vanuatu,vanuatu,https://www.fotmob.com/teams/5926/overview/vanuatu
5927,Tahiti,tahiti,https://www.fotmob.com/teams/5927/overview/tahiti
5928,Belgium U19,belgium-u19,https://www.fotmob.com/teams/5928/overview/belgium-u19
5929,Italy U19,italy-u19,https://www.fotmob.com/teams/5929/overview/italy-u19
5930,Switzerland U19,switzerland-u19,https://www.fotmob.com/teams/5930/overview/switzerland-u19
5931,Poland U19,poland-u19,https://www.fotmob.com/teams/5931/overview/poland-u19
5932,Spain U19,spain-u19,https://www.fotmob.com/teams/5932/overview/spain-u19
5933,Turkiye U19,turkiye-u19,https://www.fotmob.com/teams/5933/overview/turkiye-u19
5934,Haiti,haiti,https://www.fotmob.com/teams/5934/overview/haiti
5935,England U17,england-u17,https://www.fotmob.com/teams/5935/overview/england-u17
5936,Italy U17,italy-u17,https://www.fotmob.com/teams/5936/overview/italy-u17
5937,Belarus U17,belarus-u17,https://www.fotmob.com/teams/5937/overview/belarus-u17
5938,Turkiye U17,turkiye-u17,https://www.fotmob.com/teams/5938/overview/turkiye-u17
5939,Switzerland U17,switzerland-u17,https://www.fotmob.com/teams/5939/overview/switzerland-u17
5940,Netherlands U17,netherlands-u17,https://www.fotmob.com/teams/5940/overview/netherlands-u17
5941,Croatia U17,croatia-u17,https://www.fotmob.com/teams/5941/overview/croatia-u17
5942,Israel U17,israel-u17,https://www.fotmob.com/teams/5942/overview/israel-u17
5943,Bermuda,bermuda,https://www.fotmob.com/teams/5943/overview/bermuda
5944,Benin U20,benin-u20,https://www.fotmob.com/teams/5944/overview/benin-u20
5945,Netherlands U20,netherlands-u20,https://www.fotmob.com/teams/5945/overview/netherlands-u20
5946,Turkiye U20,turkiye-u20,https://www.fotmob.com/teams/5946/overview/turkiye-u20
5947,China U20,china-u20,https://www.fotmob.com/teams/5947/overview/china-u20
5948,Ukraine U20,ukraine-u20,https://www.fotmob.com/teams/5948/overview/ukraine-u20
5949,Chile U20,chile-u20,https://www.fotmob.com/teams/5949/overview/chile-u20
5950,Honduras U20,honduras-u20,https://www.fotmob.com/teams/5950/overview/honduras-u20
5951,Morocco U20,morocco-u20,https://www.fotmob.com/teams/5951/overview/morocco-u20
5952,Italy U20,italy-u20,https://www.fotmob.com/teams/5952/overview/italy-u20
5953,Syria U20,syria-u20,https://www.fotmob.com/teams/5953/overview/syria-u20
5954,Nigeria U20,nigeria-u20,https://www.fotmob.com/teams/5954/overview/nigeria-u20
5955,Switzerland U20,switzerland-u20,https://www.fotmob.com/teams/5955/overview/switzerland-u20
5956,Portugal U20,portugal-u20,https://www.fotmob.com/teams/5956/overview/portugal-u20
5957,Tunisia U20,tunisia-u20,https://www.fotmob.com/teams/5957/overview/tunisia-u20
5958,South Africa U20,south-africa-u20,https://www.fotmob.com/teams/5958/overview/south-africa-u20
5959,Serbia U19,serbia-u19,https://www.fotmob.com/teams/5959/overview/serbia-u19
5960,Greece U19,greece-u19,https://www.fotmob.com/teams/5960/overview/greece-u19
5961,France U19,france-u19,https://www.fotmob.com/teams/5961/overview/france-u19
5962,England U19,england-u19,https://www.fotmob.com/teams/5962/overview/england-u19
5963,Armenia U19,armenia-u19,https://www.fotmob.com/teams/5963/overview/armenia-u19
5964,Norway U19,norway-u19,https://www.fotmob.com/teams/5964/overview/norway-u19
5965,Mozambique,mozambique,https://www.fotmob.com/teams/5965/overview/mozambique
5966,China U17,china-u17,https://www.fotmob.com/teams/5966/overview/china-u17
5967,Peru U17,peru-u17,https://www.fotmob.com/teams/5967/overview/peru-u17
5968,Ghana U17,ghana-u17,https://www.fotmob.com/teams/5968/overview/ghana-u17
5969,Costa Rica U17,costa-rica-u17,https://www.fotmob.com/teams/5969/overview/costa-rica-u17
5970,Uruguay U17,uruguay-u17,https://www.fotmob.com/teams/5970/overview/uruguay-u17
5971,Mexico U17,mexico-u17,https://www.fotmob.com/teams/5971/overview/mexico-u17
5972,Australia U17,australia-u17,https://www.fotmob.com/teams/5972/overview/australia-u17
5973,Ivory Coast U17,ivory-coast-u17,https://www.fotmob.com/teams/5973/overview/ivory-coast-u17
5974,South Korea U17,south-korea-u17,https://www.fotmob.com/teams/5974/overview/south-korea-u17
5975,Usa U17,usa-u17,https://www.fotmob.com/teams/5975/overview/usa-u17
5976,Qatar U17,qatar-u17,https://www.fotmob.com/teams/5976/overview/qatar-u17
5977,Brazil U17,brazil-u17,https://www.fotmob.com/teams/5977/overview/brazil-u17
5978,Gambia U17,gambia-u17,https://www.fotmob.com/teams/5978/overview/gambia-u17
5979,Gambia,gambia,https://www.fotmob.com/teams/5979/overview/gambia
5980,North Korea U17,north-korea-u17,https://www.fotmob.com/teams/5980/overview/north-korea-u17
5981,Australia,australia,https://www.fotmob.com/teams/5981/overview/australia
5983,Bolivar,bolivar,https://www.fotmob.com/teams/5983/overview/bolivar
6001,Columbus Crew,columbus-crew,https://www.fotmob.com/teams/6001/overview/columbus-crew
6002,Cove Rangers,cove-rangers,https://www.fotmob.com/teams/6002/overview/cove-rangers
6003,Mp,mp,https://www.fotmob.com/teams/6003/overview/mp
6004,Farense,farense,https://www.fotmob.com/teams/6004/overview/farense
6011,Eritrea,eritrea,https://www.fotmob.com/teams/6011/overview/eritrea
6013,Niki Volou,niki-volou,https://www.fotmob.com/teams/6013/overview/niki-volou
6017,Vikingur Reykjavik,vikingur-reykjavik,https://www.fotmob.com/teams/6017/overview/vikingur-reykjavik
6019,Slovan Bratislava,slovan-bratislava,https://www.fotmob.com/teams/6019/overview/slovan-bratislava
6020,Malawi,malawi,https://www.fotmob.com/teams/6020/overview/malawi
6022,Zilina,zilina,https://www.fotmob.com/teams/6022/overview/zilina
6024,Once Caldas,once-caldas,https://www.fotmob.com/teams/6024/overview/once-caldas
6033,Viktoria Plzen,viktoria-plzen,https://www.fotmob.com/teams/6033/overview/viktoria-plzen
6035,San Marino,san-marino,https://www.fotmob.com/teams/6035/overview/san-marino
6038,Nk Istra 1961,nk-istra-1961,https://www.fotmob.com/teams/6038/overview/nk-istra-1961
6040,Giugliano,giugliano,https://www.fotmob.com/teams/6040/overview/giugliano
6042,Waterford Fc,waterford-fc,https://www.fotmob.com/teams/6042/overview/waterford-fc
6043,Racing,racing,https://www.fotmob.com/teams/6043/overview/racing
6049,Vis Pesaro,vis-pesaro,https://www.fotmob.com/teams/6049/overview/vis-pesaro
6050,Napredak,napredak,https://www.fotmob.com/teams/6050/overview/napredak
6054,Finnsnes,finnsnes,https://www.fotmob.com/teams/6054/overview/finnsnes
6061,Gubbio,gubbio,https://www.fotmob.com/teams/6061/overview/gubbio
6063,Cavese,cavese,https://www.fotmob.com/teams/6063/overview/cavese
6065,Portuguesa,portuguesa,https://www.fotmob.com/teams/6065/overview/portuguesa
6071,Forli,forli,https://www.fotmob.com/teams/6071/overview/forli
6081,Hertha Zehlendorf,hertha-zehlendorf,https://www.fotmob.com/teams/6081/overview/hertha-zehlendorf
6087,Hyeres,hyeres,https://www.fotmob.com/teams/6087/overview/hyeres
6092,Busan Ipark,busan-ipark,https://www.fotmob.com/teams/6092/overview/busan-ipark
6093,Walton Hersham,walton-hersham,https://www.fotmob.com/teams/6093/overview/walton-hersham
6094,Nottingen,nottingen,https://www.fotmob.com/teams/6094/overview/nottingen
6095,Bath City,bath-city,https://www.fotmob.com/teams/6095/overview/bath-city
6096,Zizkov,zizkov,https://www.fotmob.com/teams/6096/overview/zizkov
6097,Trento,trento,https://www.fotmob.com/teams/6097/overview/trento
6099,Potenza,potenza,https://www.fotmob.com/teams/6099/overview/potenza
6101,Antigua Barbuda,antigua-barbuda,https://www.fotmob.com/teams/6101/overview/antigua-barbuda
6106,Juve Stabia,juve-stabia,https://www.fotmob.com/teams/6106/overview/juve-stabia
6109,Fjora,fjora,https://www.fotmob.com/teams/6109/overview/fjora
6110,Rade,rade,https://www.fotmob.com/teams/6110/overview/rade
6115,Traeff,traeff,https://www.fotmob.com/teams/6115/overview/traeff
6119,Husqvarna Ff,husqvarna-ff,https://www.fotmob.com/teams/6119/overview/husqvarna-ff
6123,Vidar,vidar,https://www.fotmob.com/teams/6123/overview/vidar
6124,Ersboda Sk,ersboda-sk,https://www.fotmob.com/teams/6124/overview/ersboda-sk
6127,Kubikenborgs If,kubikenborgs-if,https://www.fotmob.com/teams/6127/overview/kubikenborgs-if
6153,Skovde Aik,skovde-aik,https://www.fotmob.com/teams/6153/overview/skovde-aik
6160,Ik Oddevold,ik-oddevold,https://www.fotmob.com/teams/6160/overview/ik-oddevold
6170,Fc Rosengard,fc-rosengard,https://www.fotmob.com/teams/6170/overview/fc-rosengard
6172,Fk Karlskrona,fk-karlskrona,https://www.fotmob.com/teams/6172/overview/fk-karlskrona
6173,Laholms Fk,laholms-fk,https://www.fotmob.com/teams/6173/overview/laholms-fk
6174,Lunds Bk,lunds-bk,https://www.fotmob.com/teams/6174/overview/lunds-bk
6180,Shonan Bellmare,shonan-bellmare,https://www.fotmob.com/teams/6180/overview/shonan-bellmare
6181,Ifk Varnamo,ifk-varnamo,https://www.fotmob.com/teams/6181/overview/ifk-varnamo
6183,Trollhattan Fc,trollhattan-fc,https://www.fotmob.com/teams/6183/overview/trollhattan-fc
6187,Fk Sileks,fk-sileks,https://www.fotmob.com/teams/6187/overview/fk-sileks
6189,Gateshead Fc,gateshead-fc,https://www.fotmob.com/teams/6189/overview/gateshead-fc
6193,Dinamo Batumi,dinamo-batumi,https://www.fotmob.com/teams/6193/overview/dinamo-batumi
6194,Vasteras Sk,vasteras-sk,https://www.fotmob.com/teams/6194/overview/vasteras-sk
6195,Whitby,whitby,https://www.fotmob.com/teams/6195/overview/whitby
6196,Tiller Il,tiller-il,https://www.fotmob.com/teams/6196/overview/tiller-il
6200,Fc Gutersloh,fc-gutersloh,https://www.fotmob.com/teams/6200/overview/fc-gutersloh
6201,Antofagasta,antofagasta,https://www.fotmob.com/teams/6201/overview/antofagasta
6203,Fc Ashdod,fc-ashdod,https://www.fotmob.com/teams/6203/overview/fc-ashdod
6204,Oks,oks,https://www.fotmob.com/teams/6204/overview/oks
6206,Folkestone Invicta,folkestone-invicta,https://www.fotmob.com/teams/6206/overview/folkestone-invicta
6222,Guyana,guyana,https://www.fotmob.com/teams/6222/overview/guyana
6223,Tokyo Verdy,tokyo-verdy,https://www.fotmob.com/teams/6223/overview/tokyo-verdy
6224,Sanfrecce Hiroshima,sanfrecce-hiroshima,https://www.fotmob.com/teams/6224/overview/sanfrecce-hiroshima
6230,Melbourne Victory,melbourne-victory,https://www.fotmob.com/teams/6230/overview/melbourne-victory
6231,Fk Zemun,fk-zemun,https://www.fotmob.com/teams/6231/overview/fk-zemun
6238,Afc Eskilstuna,afc-eskilstuna,https://www.fotmob.com/teams/6238/overview/afc-eskilstuna
6241,Sandvikens If,sandvikens-if,https://www.fotmob.com/teams/6241/overview/sandvikens-if
6242,Sandviken,sandviken,https://www.fotmob.com/teams/6242/overview/sandviken
6243,Anorthosis,anorthosis,https://www.fotmob.com/teams/6243/overview/anorthosis
6244,Urawa Red Diamonds,urawa-red-diamonds,https://www.fotmob.com/teams/6244/overview/urawa-red-diamonds
6246,Bourg En Bresse Peronnas,bourg-en-bresse-peronnas,https://www.fotmob.com/teams/6246/overview/bourg-en-bresse-peronnas
6253,St Pryve St Hilaire,st-pryve-st-hilaire,https://www.fotmob.com/teams/6253/overview/st-pryve-st-hilaire
6254,Cucuta,cucuta,https://www.fotmob.com/teams/6254/overview/cucuta
6255,Chico Fc,chico-fc,https://www.fotmob.com/teams/6255/overview/chico-fc
6256,Conquense,conquense,https://www.fotmob.com/teams/6256/overview/conquense
6258,Alfreton Town,alfreton-town,https://www.fotmob.com/teams/6258/overview/alfreton-town
6262,Morocco,morocco,https://www.fotmob.com/teams/6262/overview/morocco
6265,Sivasspor,sivasspor,https://www.fotmob.com/teams/6265/overview/sivasspor
6266,Benevento,benevento,https://www.fotmob.com/teams/6266/overview/benevento
6269,Novara,novara,https://www.fotmob.com/teams/6269/overview/novara
6277,Zambia,zambia,https://www.fotmob.com/teams/6277/overview/zambia
6278,Egaleo,egaleo,https://www.fotmob.com/teams/6278/overview/egaleo
6279,Kaizer Chiefs,kaizer-chiefs,https://www.fotmob.com/teams/6279/overview/kaizer-chiefs
6280,Hapoel Kfar Saba,hapoel-kfar-saba,https://www.fotmob.com/teams/6280/overview/hapoel-kfar-saba
6289,Guinea,guinea,https://www.fotmob.com/teams/6289/overview/guinea
6290,Zimbabwe,zimbabwe,https://www.fotmob.com/teams/6290/overview/zimbabwe
6291,Fram Reykjavik,fram-reykjavik,https://www.fotmob.com/teams/6291/overview/fram-reykjavik
6292,Worcester,worcester,https://www.fotmob.com/teams/6292/overview/worcester
6295,Cerro Porteno,cerro-porteno,https://www.fotmob.com/teams/6295/overview/cerro-porteno
6296,Ohiggins,ohiggins,https://www.fotmob.com/teams/6296/overview/ohiggins
6304,Kawasaki Frontale,kawasaki-frontale,https://www.fotmob.com/teams/6304/overview/kawasaki-frontale
6305,Sport Recife,sport-recife,https://www.fotmob.com/teams/6305/overview/sport-recife
6308,Kolding If,kolding-if,https://www.fotmob.com/teams/6308/overview/kolding-if
6310,Universidad De Chile,universidad-de-chile,https://www.fotmob.com/teams/6310/overview/universidad-de-chile
6311,Marino Luanco,marino-luanco,https://www.fotmob.com/teams/6311/overview/marino-luanco
6314,Weston Super Mare,weston-super-mare,https://www.fotmob.com/teams/6314/overview/weston-super-mare
6315,Afc Telford United,afc-telford-united,https://www.fotmob.com/teams/6315/overview/afc-telford-united
6316,South Africa,south-africa,https://www.fotmob.com/teams/6316/overview/south-africa
6317,Algeria,algeria,https://www.fotmob.com/teams/6317/overview/algeria
6318,Tunisia U21,tunisia-u21,https://www.fotmob.com/teams/6318/overview/tunisia-u21
6319,Solomon Islands,solomon-islands,https://www.fotmob.com/teams/6319/overview/solomon-islands
6320,Syria,syria,https://www.fotmob.com/teams/6320/overview/syria
6321,Dr Congo,dr-congo,https://www.fotmob.com/teams/6321/overview/dr-congo
6322,Hong Kong,hong-kong,https://www.fotmob.com/teams/6322/overview/hong-kong
6323,Burkina Faso,burkina-faso,https://www.fotmob.com/teams/6323/overview/burkina-faso
6324,Indonesia,indonesia,https://www.fotmob.com/teams/6324/overview/indonesia
6325,France,france,https://www.fotmob.com/teams/6325/overview/france
6326,Italy,italy,https://www.fotmob.com/teams/6326/overview/italy
6327,El Salvador,el-salvador,https://www.fotmob.com/teams/6327/overview/el-salvador
6328,Libya,libya,https://www.fotmob.com/teams/6328/overview/libya
6329,India,india,https://www.fotmob.com/teams/6329/overview/india
6330,North Korea,north-korea,https://www.fotmob.com/teams/6330/overview/north-korea
6332,Cambodia,cambodia,https://www.fotmob.com/teams/6332/overview/cambodia
6333,Palestine,palestine,https://www.fotmob.com/teams/6333/overview/palestine
6335,Ld Alajuelense,ld-alajuelense,https://www.fotmob.com/teams/6335/overview/ld-alajuelense
6336,Cd Olimpia,cd-olimpia,https://www.fotmob.com/teams/6336/overview/cd-olimpia
6343,Stjarnan,stjarnan,https://www.fotmob.com/teams/6343/overview/stjarnan
6345,Pyunik,pyunik,https://www.fotmob.com/teams/6345/overview/pyunik
6346,Nigeria,nigeria,https://www.fotmob.com/teams/6346/overview/nigeria
6348,Sortland Il,sortland-il,https://www.fotmob.com/teams/6348/overview/sortland-il
6350,Barrow,barrow,https://www.fotmob.com/teams/6350/overview/barrow
6351,Eupen,eupen,https://www.fotmob.com/teams/6351/overview/eupen
6353,Mc Alger,mc-alger,https://www.fotmob.com/teams/6353/overview/mc-alger
6355,Pau,pau,https://www.fotmob.com/teams/6355/overview/pau
6358,Atletico De San Luis,atletico-de-san-luis,https://www.fotmob.com/teams/6358/overview/atletico-de-san-luis
6361,Sligo Rovers,sligo-rovers,https://www.fotmob.com/teams/6361/overview/sligo-rovers
6362,Banik Ostrava,banik-ostrava,https://www.fotmob.com/teams/6362/overview/banik-ostrava
6363,Fc Liege,fc-liege,https://www.fotmob.com/teams/6363/overview/fc-liege
6364,St Priest,st-priest,https://www.fotmob.com/teams/6364/overview/st-priest
6366,Etoile Du Sahel,etoile-du-sahel,https://www.fotmob.com/teams/6366/overview/etoile-du-sahel
6368,Atletico Nacional,atletico-nacional,https://www.fotmob.com/teams/6368/overview/atletico-nacional
6374,Cukaricki,cukaricki,https://www.fotmob.com/teams/6374/overview/cukaricki
6376,Lyon La Duchere,lyon-la-duchere,https://www.fotmob.com/teams/6376/overview/lyon-la-duchere
6378,Epinal,epinal,https://www.fotmob.com/teams/6378/overview/epinal
6379,Paris Fc,paris-fc,https://www.fotmob.com/teams/6379/overview/paris-fc
6381,River Plate,river-plate,https://www.fotmob.com/teams/6381/overview/river-plate
6383,Greece,greece,https://www.fotmob.com/teams/6383/overview/greece
6387,Deportivo Cali,deportivo-cali,https://www.fotmob.com/teams/6387/overview/deportivo-cali
6390,Red Star,red-star,https://www.fotmob.com/teams/6390/overview/red-star
6394,Nimes,nimes,https://www.fotmob.com/teams/6394/overview/nimes
6395,Senegal,senegal,https://www.fotmob.com/teams/6395/overview/senegal
6397,Chicago Fire Fc,chicago-fire-fc,https://www.fotmob.com/teams/6397/overview/chicago-fire-fc
6398,Alianza Lima,alianza-lima,https://www.fotmob.com/teams/6398/overview/alianza-lima
6399,Fc Dallas,fc-dallas,https://www.fotmob.com/teams/6399/overview/fc-dallas
6401,Changchun Yatai,changchun-yatai,https://www.fotmob.com/teams/6401/overview/changchun-yatai
6404,Kriens,kriens,https://www.fotmob.com/teams/6404/overview/kriens
6406,Vojvodina,vojvodina,https://www.fotmob.com/teams/6406/overview/vojvodina
6410,Radnicki Nis,radnicki-nis,https://www.fotmob.com/teams/6410/overview/radnicki-nis
6413,Pec Zwolle,pec-zwolle,https://www.fotmob.com/teams/6413/overview/pec-zwolle
6414,Telstar,telstar,https://www.fotmob.com/teams/6414/overview/telstar
6416,Fc Eindhoven,fc-eindhoven,https://www.fotmob.com/teams/6416/overview/fc-eindhoven
6417,Helmond Sport,helmond-sport,https://www.fotmob.com/teams/6417/overview/helmond-sport
6421,Leixoes,leixoes,https://www.fotmob.com/teams/6421/overview/leixoes
6422,Fortuna Sittard,fortuna-sittard,https://www.fotmob.com/teams/6422/overview/fortuna-sittard
6432,Slough Town,slough-town,https://www.fotmob.com/teams/6432/overview/slough-town
6433,Go Ahead Eagles,go-ahead-eagles,https://www.fotmob.com/teams/6433/overview/go-ahead-eagles
6434,Fylkir,fylkir,https://www.fotmob.com/teams/6434/overview/fylkir
6447,Yverdon,yverdon,https://www.fotmob.com/teams/6447/overview/yverdon
6450,Gainsborough,gainsborough,https://www.fotmob.com/teams/6450/overview/gainsborough
6452,Lumezzane,lumezzane,https://www.fotmob.com/teams/6452/overview/lumezzane
6453,Barcelona Sc,barcelona-sc,https://www.fotmob.com/teams/6453/overview/barcelona-sc
6454,Newcastle Jets,newcastle-jets,https://www.fotmob.com/teams/6454/overview/newcastle-jets
6455,Palestino,palestino,https://www.fotmob.com/teams/6455/overview/palestino
6456,Cosenza,cosenza,https://www.fotmob.com/teams/6456/overview/cosenza
6457,Ternana,ternana,https://www.fotmob.com/teams/6457/overview/ternana
6458,Universidad Catolica,universidad-catolica,https://www.fotmob.com/teams/6458/overview/universidad-catolica
6460,Casarano,casarano,https://www.fotmob.com/teams/6460/overview/casarano
6461,Sigma Olomouc,sigma-olomouc,https://www.fotmob.com/teams/6461/overview/sigma-olomouc
6466,Foggia,foggia,https://www.fotmob.com/teams/6466/overview/foggia
6479,Pisa,pisa,https://www.fotmob.com/teams/6479/overview/pisa
6480,Salernitana,salernitana,https://www.fotmob.com/teams/6480/overview/salernitana
6485,Cittadella,cittadella,https://www.fotmob.com/teams/6485/overview/cittadella
6488,Carrarese,carrarese,https://www.fotmob.com/teams/6488/overview/carrarese
6494,Ospitaletto,ospitaletto,https://www.fotmob.com/teams/6494/overview/ospitaletto
6496,Trencin,trencin,https://www.fotmob.com/teams/6496/overview/trencin
6498,Pro Patria,pro-patria,https://www.fotmob.com/teams/6498/overview/pro-patria
6500,Reggiana,reggiana,https://www.fotmob.com/teams/6500/overview/reggiana
6504,Monza,monza,https://www.fotmob.com/teams/6504/overview/monza
6512,Lecco,lecco,https://www.fotmob.com/teams/6512/overview/lecco
6514,Red Bull New York,red-bull-new-york,https://www.fotmob.com/teams/6514/overview/red-bull-new-york
6515,Azerbaijan U21,azerbaijan-u21,https://www.fotmob.com/teams/6515/overview/azerbaijan-u21
6517,Sandefjord 2,sandefjord-2,https://www.fotmob.com/teams/6517/overview/sandefjord-2
6521,Loddefjord,loddefjord,https://www.fotmob.com/teams/6521/overview/loddefjord
6524,If Viken,if-viken,https://www.fotmob.com/teams/6524/overview/if-viken
6537,Austevoll,austevoll,https://www.fotmob.com/teams/6537/overview/austevoll
6538,Tromso 2,tromso-2,https://www.fotmob.com/teams/6538/overview/tromso-2
6539,Forde,forde,https://www.fotmob.com/teams/6539/overview/forde
6540,Asker,asker,https://www.fotmob.com/teams/6540/overview/asker
6541,Mjondalen,mjondalen,https://www.fotmob.com/teams/6541/overview/mjondalen
6542,Konnerud,konnerud,https://www.fotmob.com/teams/6542/overview/konnerud
6543,Floya,floya,https://www.fotmob.com/teams/6543/overview/floya
6544,Degerfors,degerfors,https://www.fotmob.com/teams/6544/overview/degerfors
6545,Falkenbergs Ff,falkenbergs-ff,https://www.fotmob.com/teams/6545/overview/falkenbergs-ff
6546,Paysandu,paysandu,https://www.fotmob.com/teams/6546/overview/paysandu
6547,Penafiel,penafiel,https://www.fotmob.com/teams/6547/overview/penafiel
6548,Grenada,grenada,https://www.fotmob.com/teams/6548/overview/grenada
6550,Fc Inter Turku,fc-inter-turku,https://www.fotmob.com/teams/6550/overview/fc-inter-turku
6557,Rollon,rollon,https://www.fotmob.com/teams/6557/overview/rollon
6560,Kjelsas,kjelsas,https://www.fotmob.com/teams/6560/overview/kjelsas
6561,Levanger,levanger,https://www.fotmob.com/teams/6561/overview/levanger
6562,Mjolner,mjolner,https://www.fotmob.com/teams/6562/overview/mjolner
6563,Ranheim,ranheim,https://www.fotmob.com/teams/6563/overview/ranheim
6569,Syunik,syunik,https://www.fotmob.com/teams/6569/overview/syunik
6571,Lindoe Ff,lindoe-ff,https://www.fotmob.com/teams/6571/overview/lindoe-ff
6574,Mineros De Zacatecas,mineros-de-zacatecas,https://www.fotmob.com/teams/6574/overview/mineros-de-zacatecas
6575,Atletico Morelia,atletico-morelia,https://www.fotmob.com/teams/6575/overview/atletico-morelia
6576,Cf America,cf-america,https://www.fotmob.com/teams/6576/overview/cf-america
6577,Atlas,atlas,https://www.fotmob.com/teams/6577/overview/atlas
6578,Cruz Azul,cruz-azul,https://www.fotmob.com/teams/6578/overview/cruz-azul
6579,Flekkeroy,flekkeroy,https://www.fotmob.com/teams/6579/overview/flekkeroy
6580,New England Revolution,new-england-revolution,https://www.fotmob.com/teams/6580/overview/new-england-revolution
6581,Yokohama Fmarinos,yokohama-fmarinos,https://www.fotmob.com/teams/6581/overview/yokohama-fmarinos
6582,Gamba Osaka,gamba-osaka,https://www.fotmob.com/teams/6582/overview/gamba-osaka
6583,Armenia,armenia,https://www.fotmob.com/teams/6583/overview/armenia
6584,Hungary U17,hungary-u17,https://www.fotmob.com/teams/6584/overview/hungary-u17
6585,Spain U17,spain-u17,https://www.fotmob.com/teams/6585/overview/spain-u17
6586,Russia U21,russia-u21,https://www.fotmob.com/teams/6586/overview/russia-u21
6587,Russia U17,russia-u17,https://www.fotmob.com/teams/6587/overview/russia-u17
6588,Luxembourg U17,luxembourg-u17,https://www.fotmob.com/teams/6588/overview/luxembourg-u17
6589,Belgium U17,belgium-u17,https://www.fotmob.com/teams/6589/overview/belgium-u17
6590,Germany U19,germany-u19,https://www.fotmob.com/teams/6590/overview/germany-u19
6591,Germany U17,germany-u17,https://www.fotmob.com/teams/6591/overview/germany-u17
6592,Czechia U17,czechia-u17,https://www.fotmob.com/teams/6592/overview/czechia-u17
6593,Serbia U17,serbia-u17,https://www.fotmob.com/teams/6593/overview/serbia-u17
6594,Freiburg Ii,freiburg-ii,https://www.fotmob.com/teams/6594/overview/freiburg-ii
6595,Turkiye,turkiye,https://www.fotmob.com/teams/6595/overview/turkiye
6596,Chemnitzer Fc,chemnitzer-fc,https://www.fotmob.com/teams/6596/overview/chemnitzer-fc
6597,Vps,vps,https://www.fotmob.com/teams/6597/overview/vps
6600,Fana,fana,https://www.fotmob.com/teams/6600/overview/fana
6601,Fc Volendam,fc-volendam,https://www.fotmob.com/teams/6601/overview/fc-volendam
6602,Dc United,dc-united,https://www.fotmob.com/teams/6602/overview/dc-united
6603,San Jose Earthquakes,san-jose-earthquakes,https://www.fotmob.com/teams/6603/overview/san-jose-earthquakes
6604,Sporting Kansas City,sporting-kansas-city,https://www.fotmob.com/teams/6604/overview/sporting-kansas-city
6606,Real Salt Lake,real-salt-lake,https://www.fotmob.com/teams/6606/overview/real-salt-lake
6607,Deportivo Saprissa,deportivo-saprissa,https://www.fotmob.com/teams/6607/overview/deportivo-saprissa
6608,Aucas,aucas,https://www.fotmob.com/teams/6608/overview/aucas
6609,Csd Macara,csd-macara,https://www.fotmob.com/teams/6609/overview/csd-macara
6614,Seongnam Fc,seongnam-fc,https://www.fotmob.com/teams/6614/overview/seongnam-fc
6618,Toluca,toluca,https://www.fotmob.com/teams/6618/overview/toluca
6619,Olimpia,olimpia,https://www.fotmob.com/teams/6619/overview/olimpia
6620,Libertad,libertad,https://www.fotmob.com/teams/6620/overview/libertad
6622,Atvidaberg,atvidaberg,https://www.fotmob.com/teams/6622/overview/atvidaberg
6623,Enyimba,enyimba,https://www.fotmob.com/teams/6623/overview/enyimba
6627,Eastbourne Borough,eastbourne-borough,https://www.fotmob.com/teams/6627/overview/eastbourne-borough
6628,Shanghai Shenhua,shanghai-shenhua,https://www.fotmob.com/teams/6628/overview/shanghai-shenhua
6629,Cameroon,cameroon,https://www.fotmob.com/teams/6629/overview/cameroon
6631,Fc Dordrecht,fc-dordrecht,https://www.fotmob.com/teams/6631/overview/fc-dordrecht
6633,Tps,tps,https://www.fotmob.com/teams/6633/overview/tps
6634,Ifk Mariehamn,ifk-mariehamn,https://www.fotmob.com/teams/6634/overview/ifk-mariehamn
6635,Netherlands U21,netherlands-u21,https://www.fotmob.com/teams/6635/overview/netherlands-u21
6636,France U20,france-u20,https://www.fotmob.com/teams/6636/overview/france-u20
6637,La Galaxy,la-galaxy,https://www.fotmob.com/teams/6637/overview/la-galaxy
6638,Germany U21,germany-u21,https://www.fotmob.com/teams/6638/overview/germany-u21
6647,Kettering Town Fc,kettering-town-fc,https://www.fotmob.com/teams/6647/overview/kettering-town-fc
6650,Kolding B,kolding-b,https://www.fotmob.com/teams/6650/overview/kolding-b
6652,Hb Torshavn,hb-torshavn,https://www.fotmob.com/teams/6652/overview/hb-torshavn
6653,France U21,france-u21,https://www.fotmob.com/teams/6653/overview/france-u21
6655,Ukraine U19,ukraine-u19,https://www.fotmob.com/teams/6655/overview/ukraine-u19
6656,Spartak Nalchik,spartak-nalchik,https://www.fotmob.com/teams/6656/overview/spartak-nalchik
6658,Ukraine U21,ukraine-u21,https://www.fotmob.com/teams/6658/overview/ukraine-u21
6659,Italy U21,italy-u21,https://www.fotmob.com/teams/6659/overview/italy-u21
6660,Fc Emmen,fc-emmen,https://www.fotmob.com/teams/6660/overview/fc-emmen
6661,Spartans Fc,spartans-fc,https://www.fotmob.com/teams/6661/overview/spartans-fc
6665,Tarnby Ff,tarnby-ff,https://www.fotmob.com/teams/6665/overview/tarnby-ff
6675,Vorup,vorup,https://www.fotmob.com/teams/6675/overview/vorup
6677,Viby If,viby-if,https://www.fotmob.com/teams/6677/overview/viby-if
6678,Vsk Aarhus,vsk-aarhus,https://www.fotmob.com/teams/6678/overview/vsk-aarhus
6683,Leiknir Reykjavik,leiknir-reykjavik,https://www.fotmob.com/teams/6683/overview/leiknir-reykjavik
6690,Ik Brage,ik-brage,https://www.fotmob.com/teams/6690/overview/ik-brage
6691,B 1913,b-1913,https://www.fotmob.com/teams/6691/overview/b-1913
6692,Varbergs Bois Fc,varbergs-bois-fc,https://www.fotmob.com/teams/6692/overview/varbergs-bois-fc
6693,Hudiksvalls Ff,hudiksvalls-ff,https://www.fotmob.com/teams/6693/overview/hudiksvalls-ff
6694,Sirius,sirius,https://www.fotmob.com/teams/6694/overview/sirius
6700,B68 Toftir,b68-toftir,https://www.fotmob.com/teams/6700/overview/b68-toftir
6701,Fc Ktp,fc-ktp,https://www.fotmob.com/teams/6701/overview/fc-ktp
6702,Lommel,lommel,https://www.fotmob.com/teams/6702/overview/lommel
6704,Ayia Napa,ayia-napa,https://www.fotmob.com/teams/6704/overview/ayia-napa
6705,Costa Rica,costa-rica,https://www.fotmob.com/teams/6705/overview/costa-rica
6706,Argentina,argentina,https://www.fotmob.com/teams/6706/overview/argentina
6707,Ecuador,ecuador,https://www.fotmob.com/teams/6707/overview/ecuador
6708,Netherlands,netherlands,https://www.fotmob.com/teams/6708/overview/netherlands
6709,Ivory Coast,ivory-coast,https://www.fotmob.com/teams/6709/overview/ivory-coast
6710,Mexico,mexico,https://www.fotmob.com/teams/6710/overview/mexico
6711,Iran,iran,https://www.fotmob.com/teams/6711/overview/iran
6712,Angola,angola,https://www.fotmob.com/teams/6712/overview/angola
6713,Usa,usa,https://www.fotmob.com/teams/6713/overview/usa
6714,Ghana,ghana,https://www.fotmob.com/teams/6714/overview/ghana
6715,Japan,japan,https://www.fotmob.com/teams/6715/overview/japan
6716,Australia,australia,https://www.fotmob.com/teams/6716/overview/australia
6717,Switzerland,switzerland,https://www.fotmob.com/teams/6717/overview/switzerland
6718,Ukraine,ukraine,https://www.fotmob.com/teams/6718/overview/ukraine
6719,Tunisia,tunisia,https://www.fotmob.com/teams/6719/overview/tunisia
6720,Spain,spain,https://www.fotmob.com/teams/6720/overview/spain
6721,Ldu De Quito,ldu-de-quito,https://www.fotmob.com/teams/6721/overview/ldu-de-quito
6722,Avellino,avellino,https://www.fotmob.com/teams/6722/overview/avellino
6723,France,france,https://www.fotmob.com/teams/6723/overview/france
6724,Paraguay,paraguay,https://www.fotmob.com/teams/6724/overview/paraguay
7724,Trinidad Tobago,trinidad-tobago,https://www.fotmob.com/teams/7724/overview/trinidad-tobago
7725,La Roche Vf,la-roche-vf,https://www.fotmob.com/teams/7725/overview/la-roche-vf
7729,Criciuma,criciuma,https://www.fotmob.com/teams/7729/overview/criciuma
7730,Lausanne,lausanne,https://www.fotmob.com/teams/7730/overview/lausanne
7731,Real Cartagena,real-cartagena,https://www.fotmob.com/teams/7731/overview/real-cartagena
7732,Girona,girona,https://www.fotmob.com/teams/7732/overview/girona
7733,Vitoria,vitoria,https://www.fotmob.com/teams/7733/overview/vitoria
7734,Barakaldo,barakaldo,https://www.fotmob.com/teams/7734/overview/barakaldo
7735,Czechia U19,czechia-u19,https://www.fotmob.com/teams/7735/overview/czechia-u19
7736,Austria U19,austria-u19,https://www.fotmob.com/teams/7736/overview/austria-u19
7737,Scotland U19,scotland-u19,https://www.fotmob.com/teams/7737/overview/scotland-u19
7738,Portugal U19,portugal-u19,https://www.fotmob.com/teams/7738/overview/portugal-u19
7740,Togo,togo,https://www.fotmob.com/teams/7740/overview/togo
7741,Saudi Arabia U20,saudi-arabia-u20,https://www.fotmob.com/teams/7741/overview/saudi-arabia-u20
7753,Ofi Crete,ofi-crete,https://www.fotmob.com/teams/7753/overview/ofi-crete
7754,Plauen,plauen,https://www.fotmob.com/teams/7754/overview/plauen
7755,Dinamo Tbilisi,dinamo-tbilisi,https://www.fotmob.com/teams/7755/overview/dinamo-tbilisi
7758,Jablonec,jablonec,https://www.fotmob.com/teams/7758/overview/jablonec
7760,Tennis Borussia Berlin,tennis-borussia-berlin,https://www.fotmob.com/teams/7760/overview/tennis-borussia-berlin
7761,Hallescher Fc,hallescher-fc,https://www.fotmob.com/teams/7761/overview/hallescher-fc
7763,Colmar,colmar,https://www.fotmob.com/teams/7763/overview/colmar
7766,Wattenscheid,wattenscheid,https://www.fotmob.com/teams/7766/overview/wattenscheid
7770,Zorya,zorya,https://www.fotmob.com/teams/7770/overview/zorya
7771,Kfum Roskilde,kfum-roskilde,https://www.fotmob.com/teams/7771/overview/kfum-roskilde
7774,Eintracht Trier,eintracht-trier,https://www.fotmob.com/teams/7774/overview/eintracht-trier
7775,Babelsberg,babelsberg,https://www.fotmob.com/teams/7775/overview/babelsberg
7778,Mtk Budapest,mtk-budapest,https://www.fotmob.com/teams/7778/overview/mtk-budapest
7779,Kispest Honved,kispest-honved,https://www.fotmob.com/teams/7779/overview/kispest-honved
7780,Fc Schweinfurt,fc-schweinfurt,https://www.fotmob.com/teams/7780/overview/fc-schweinfurt
7781,Top Oss,top-oss,https://www.fotmob.com/teams/7781/overview/top-oss
7782,Oberhausen,oberhausen,https://www.fotmob.com/teams/7782/overview/oberhausen
7783,Sc Verl,sc-verl,https://www.fotmob.com/teams/7783/overview/sc-verl
7786,Fortuna Koln,fortuna-koln,https://www.fotmob.com/teams/7786/overview/fortuna-koln
7787,Slavia Prague,slavia-prague,https://www.fotmob.com/teams/7787/overview/slavia-prague
7788,Cambuur,cambuur,https://www.fotmob.com/teams/7788/overview/cambuur
7789,Jahn Regensburg,jahn-regensburg,https://www.fotmob.com/teams/7789/overview/jahn-regensburg
7790,1860 Rosenheim,1860-rosenheim,https://www.fotmob.com/teams/7790/overview/1860-rosenheim
7791,Fc Ismaning,fc-ismaning,https://www.fotmob.com/teams/7791/overview/fc-ismaning
7792,Spvgg Bayreuth,spvgg-bayreuth,https://www.fotmob.com/teams/7792/overview/spvgg-bayreuth
7794,Sc Bastia,sc-bastia,https://www.fotmob.com/teams/7794/overview/sc-bastia
7795,Saudi Arabia,saudi-arabia,https://www.fotmob.com/teams/7795/overview/saudi-arabia
7796,Defensor Sporting,defensor-sporting,https://www.fotmob.com/teams/7796/overview/defensor-sporting
7797,Aek Larnaca,aek-larnaca,https://www.fotmob.com/teams/7797/overview/aek-larnaca
7799,Real Jaen,real-jaen,https://www.fotmob.com/teams/7799/overview/real-jaen
7800,Genclerbirligi,genclerbirligi,https://www.fotmob.com/teams/7800/overview/genclerbirligi
7801,Cremonese,cremonese,https://www.fotmob.com/teams/7801/overview/cremonese
7804,South Korea,south-korea,https://www.fotmob.com/teams/7804/overview/south-korea
7807,Chivas,chivas,https://www.fotmob.com/teams/7807/overview/chivas
7808,Fenix,fenix,https://www.fotmob.com/teams/7808/overview/fenix
7809,Cacereno,cacereno,https://www.fotmob.com/teams/7809/overview/cacereno
7811,Algeciras,algeciras,https://www.fotmob.com/teams/7811/overview/algeciras
7815,Colo Colo,colo-colo,https://www.fotmob.com/teams/7815/overview/colo-colo
7817,Guarani,guarani,https://www.fotmob.com/teams/7817/overview/guarani
7818,Santa Fe,santa-fe,https://www.fotmob.com/teams/7818/overview/santa-fe
7819,Caen,caen,https://www.fotmob.com/teams/7819/overview/caen
7822,Terrassa,terrassa,https://www.fotmob.com/teams/7822/overview/terrassa
7826,Cannes,cannes,https://www.fotmob.com/teams/7826/overview/cannes
7841,Rio Ave,rio-ave,https://www.fotmob.com/teams/7841/overview/rio-ave
7842,Estoril,estoril,https://www.fotmob.com/teams/7842/overview/estoril
7843,Union Espanola,union-espanola,https://www.fotmob.com/teams/7843/overview/union-espanola
7844,Vitoria De Guimaraes,vitoria-de-guimaraes,https://www.fotmob.com/teams/7844/overview/vitoria-de-guimaraes
7847,Puebla,puebla,https://www.fotmob.com/teams/7847/overview/puebla
7848,Pachuca,pachuca,https://www.fotmob.com/teams/7848/overview/pachuca
7849,Monterrey,monterrey,https://www.fotmob.com/teams/7849/overview/monterrey
7850,Caracas,caracas,https://www.fotmob.com/teams/7850/overview/caracas
7852,Tns,tns,https://www.fotmob.com/teams/7852/overview/tns
7853,Laval,laval,https://www.fotmob.com/teams/7853/overview/laval
7854,Leganes,leganes,https://www.fotmob.com/teams/7854/overview/leganes
7855,Maccabi Tel Aviv,maccabi-tel-aviv,https://www.fotmob.com/teams/7855/overview/maccabi-tel-aviv
7856,Torres,torres,https://www.fotmob.com/teams/7856/overview/torres
7857,Santos Laguna,santos-laguna,https://www.fotmob.com/teams/7857/overview/santos-laguna
7859,Ourense,ourense,https://www.fotmob.com/teams/7859/overview/ourense
7860,Compostela,compostela,https://www.fotmob.com/teams/7860/overview/compostela
7862,Pontevedra,pontevedra,https://www.fotmob.com/teams/7862/overview/pontevedra
7863,Montevideo Wanderers,montevideo-wanderers,https://www.fotmob.com/teams/7863/overview/montevideo-wanderers
7864,Stord,stord,https://www.fotmob.com/teams/7864/overview/stord
7866,Orlando Pirates,orlando-pirates,https://www.fotmob.com/teams/7866/overview/orlando-pirates
7867,Fk Bregalnica Stip,fk-bregalnica-stip,https://www.fotmob.com/teams/7867/overview/fk-bregalnica-stip
7869,Cordoba,cordoba,https://www.fotmob.com/teams/7869/overview/cordoba
7870,Haka,haka,https://www.fotmob.com/teams/7870/overview/haka
7871,Finland,finland,https://www.fotmob.com/teams/7871/overview/finland
7872,Olimpija Ljubljana,olimpija-ljubljana,https://www.fotmob.com/teams/7872/overview/olimpija-ljubljana
7873,Cd Badajoz,cd-badajoz,https://www.fotmob.com/teams/7873/overview/cd-badajoz
7876,Burgos Cf,burgos-cf,https://www.fotmob.com/teams/7876/overview/burgos-cf
7877,Bahia,bahia,https://www.fotmob.com/teams/7877/overview/bahia
7878,Granada,granada,https://www.fotmob.com/teams/7878/overview/granada
7880,Logrones,logrones,https://www.fotmob.com/teams/7880/overview/logrones
7881,Venezia,venezia,https://www.fotmob.com/teams/7881/overview/venezia
7894,Winterthur,winterthur,https://www.fotmob.com/teams/7894/overview/winterthur
7896,Lugano,lugano,https://www.fotmob.com/teams/7896/overview/lugano
7912,If Lyseng,if-lyseng,https://www.fotmob.com/teams/7912/overview/if-lyseng
7924,Ringsted,ringsted,https://www.fotmob.com/teams/7924/overview/ringsted
7929,Maccabi Petach Tikva,maccabi-petach-tikva,https://www.fotmob.com/teams/7929/overview/maccabi-petach-tikva
7932,Tampere United,tampere-united,https://www.fotmob.com/teams/7932/overview/tampere-united
7937,Hodd,hodd,https://www.fotmob.com/teams/7937/overview/hodd
7940,Harstad,harstad,https://www.fotmob.com/teams/7940/overview/harstad
7941,Tanzania,tanzania,https://www.fotmob.com/teams/7941/overview/tanzania
7943,Sassuolo,sassuolo,https://www.fotmob.com/teams/7943/overview/sassuolo
7946,Harrogate Town,harrogate-town,https://www.fotmob.com/teams/7946/overview/harrogate-town
7947,Fcv Dender Eh,fcv-dender-eh,https://www.fotmob.com/teams/7947/overview/fcv-dender-eh
7951,Fc Differdange 03,fc-differdange-03,https://www.fotmob.com/teams/7951/overview/fc-differdange-03
7953,Fc Progres Niederkorn,fc-progres-niederkorn,https://www.fotmob.com/teams/7953/overview/fc-progres-niederkorn
7954,Farnborough,farnborough,https://www.fotmob.com/teams/7954/overview/farnborough
7955,Xamax,xamax,https://www.fotmob.com/teams/7955/overview/xamax
7961,Perth Glory,perth-glory,https://www.fotmob.com/teams/7961/overview/perth-glory
7962,Chippenham Town,chippenham-town,https://www.fotmob.com/teams/7962/overview/chippenham-town
7963,Follo,follo,https://www.fotmob.com/teams/7963/overview/follo
7971,Linfield,linfield,https://www.fotmob.com/teams/7971/overview/linfield
7975,Athens Kallithea Fc,athens-kallithea-fc,https://www.fotmob.com/teams/7975/overview/athens-kallithea-fc
7978,Union Stgilloise,union-stgilloise,https://www.fotmob.com/teams/7978/overview/union-stgilloise
7979,Urartu Fc,urartu-fc,https://www.fotmob.com/teams/7979/overview/urartu-fc
7981,Qarabag Fk,qarabag-fk,https://www.fotmob.com/teams/7981/overview/qarabag-fk
7983,Tobol Kostanay,tobol-kostanay,https://www.fotmob.com/teams/7983/overview/tobol-kostanay
7984,Portadown,portadown,https://www.fotmob.com/teams/7984/overview/portadown
7986,Paksi Se,paksi-se,https://www.fotmob.com/teams/7986/overview/paksi-se
7988,Odds Ballklubb,odds-ballklubb,https://www.fotmob.com/teams/7988/overview/odds-ballklubb
7992,Trofense,trofense,https://www.fotmob.com/teams/7992/overview/trofense
7997,Gefle,gefle,https://www.fotmob.com/teams/7997/overview/gefle
7998,Partizan Beograd,partizan-beograd,https://www.fotmob.com/teams/7998/overview/partizan-beograd
8000,Aktobe,aktobe,https://www.fotmob.com/teams/8000/overview/aktobe
8002,B36 Torshavn,b36-torshavn,https://www.fotmob.com/teams/8002/overview/b36-torshavn
8003,Apollon Limassol,apollon-limassol,https://www.fotmob.com/teams/8003/overview/apollon-limassol
8004,Ia Akranes,ia-akranes,https://www.fotmob.com/teams/8004/overview/ia-akranes
8005,Ponferradina,ponferradina,https://www.fotmob.com/teams/8005/overview/ponferradina
8006,Nagoya Grampus,nagoya-grampus,https://www.fotmob.com/teams/8006/overview/nagoya-grampus
8007,Valerenga,valerenga,https://www.fotmob.com/teams/8007/overview/valerenga
8008,Adelaide United,adelaide-united,https://www.fotmob.com/teams/8008/overview/adelaide-united
8009,Dagenham Redbridge,dagenham-redbridge,https://www.fotmob.com/teams/8009/overview/dagenham-redbridge
8010,Tatran Presov,tatran-presov,https://www.fotmob.com/teams/8010/overview/tatran-presov
8012,Fc Balti,fc-balti,https://www.fotmob.com/teams/8012/overview/fc-balti
8014,Elfsborg,elfsborg,https://www.fotmob.com/teams/8014/overview/elfsborg
8016,Fk Liepaja,fk-liepaja,https://www.fotmob.com/teams/8016/overview/fk-liepaja
8019,Gornik Eczna,gornik-eczna,https://www.fotmob.com/teams/8019/overview/gornik-eczna
8020,Gornik Zabrze,gornik-zabrze,https://www.fotmob.com/teams/8020/overview/gornik-zabrze
8021,Zagebie Lubin,zagebie-lubin,https://www.fotmob.com/teams/8021/overview/zagebie-lubin
8023,Pogon Szczecin,pogon-szczecin,https://www.fotmob.com/teams/8023/overview/pogon-szczecin
8024,Widzew Odz,widzew-odz,https://www.fotmob.com/teams/8024/overview/widzew-odz
8025,Slask Wrocaw,slask-wrocaw,https://www.fotmob.com/teams/8025/overview/slask-wrocaw
8026,Zaglebie Sosnowiec,zaglebie-sosnowiec,https://www.fotmob.com/teams/8026/overview/zaglebie-sosnowiec
8027,Zawisza Bydgoszcz,zawisza-bydgoszcz,https://www.fotmob.com/teams/8027/overview/zawisza-bydgoszcz
8028,Piast Gliwice,piast-gliwice,https://www.fotmob.com/teams/8028/overview/piast-gliwice
8030,Lechia Gdansk,lechia-gdansk,https://www.fotmob.com/teams/8030/overview/lechia-gdansk
8031,Polonia Bytom,polonia-bytom,https://www.fotmob.com/teams/8031/overview/polonia-bytom
8033,Ts Podbeskidzie Bielsko Biala,ts-podbeskidzie-bielsko-biala,https://www.fotmob.com/teams/8033/overview/ts-podbeskidzie-bielsko-biala
8036,Videoton Fc Fehervar,videoton-fc-fehervar,https://www.fotmob.com/teams/8036/overview/videoton-fc-fehervar
8037,Kairat Almaty,kairat-almaty,https://www.fotmob.com/teams/8037/overview/kairat-almaty
8039,Zimbru,zimbru,https://www.fotmob.com/teams/8039/overview/zimbru
8041,Fk Vardar Skopje,fk-vardar-skopje,https://www.fotmob.com/teams/8041/overview/fk-vardar-skopje
8043,Ujpest,ujpest,https://www.fotmob.com/teams/8043/overview/ujpest
8044,Omonia Nicosia,omonia-nicosia,https://www.fotmob.com/teams/8044/overview/omonia-nicosia
8047,Odra Opole,odra-opole,https://www.fotmob.com/teams/8047/overview/odra-opole
8048,Miedz Legnica,miedz-legnica,https://www.fotmob.com/teams/8048/overview/miedz-legnica
8049,Stal Stalowa Wola,stal-stalowa-wola,https://www.fotmob.com/teams/8049/overview/stal-stalowa-wola
8064,Valur,valur,https://www.fotmob.com/teams/8064/overview/valur
8065,Jubilo Iwata,jubilo-iwata,https://www.fotmob.com/teams/8065/overview/jubilo-iwata
8066,Inverness Ct,inverness-ct,https://www.fotmob.com/teams/8066/overview/inverness-ct
8067,Honefoss,honefoss,https://www.fotmob.com/teams/8067/overview/honefoss
8068,Mandalskameratene,mandalskameratene,https://www.fotmob.com/teams/8068/overview/mandalskameratene
8071,Agf,agf,https://www.fotmob.com/teams/8071/overview/agf
8074,Aarhus Fremad Ii,aarhus-fremad-ii,https://www.fotmob.com/teams/8074/overview/aarhus-fremad-ii
8076,Fk Qabala,fk-qabala,https://www.fotmob.com/teams/8076/overview/fk-qabala
8077,Lorenskog,lorenskog,https://www.fotmob.com/teams/8077/overview/lorenskog
8084,Cloppenburg,cloppenburg,https://www.fotmob.com/teams/8084/overview/cloppenburg
8086,Sandhausen,sandhausen,https://www.fotmob.com/teams/8086/overview/sandhausen
8097,Hik,hik,https://www.fotmob.com/teams/8097/overview/hik
8100,Decic Tuzi,decic-tuzi,https://www.fotmob.com/teams/8100/overview/decic-tuzi
8101,Petrovac,petrovac,https://www.fotmob.com/teams/8101/overview/petrovac
8106,Klaksvik,klaksvik,https://www.fotmob.com/teams/8106/overview/klaksvik
8108,Fremad Amager,fremad-amager,https://www.fotmob.com/teams/8108/overview/fremad-amager
8109,Aarhus Fremad,aarhus-fremad,https://www.fotmob.com/teams/8109/overview/aarhus-fremad
8110,Nsi Runavik,nsi-runavik,https://www.fotmob.com/teams/8110/overview/nsi-runavik
8111,Pors,pors,https://www.fotmob.com/teams/8111/overview/pors
8112,Naestved,naestved,https://www.fotmob.com/teams/8112/overview/naestved
8113,Fc Midtjylland,fc-midtjylland,https://www.fotmob.com/teams/8113/overview/fc-midtjylland
8114,Aalesund 2,aalesund-2,https://www.fotmob.com/teams/8114/overview/aalesund-2
8116,Brumunddal,brumunddal,https://www.fotmob.com/teams/8116/overview/brumunddal
8117,Vard Haugesund,vard-haugesund,https://www.fotmob.com/teams/8117/overview/vard-haugesund
8118,Brisbane Roar Fc,brisbane-roar-fc,https://www.fotmob.com/teams/8118/overview/brisbane-roar-fc
8119,Rotherham United,rotherham-united,https://www.fotmob.com/teams/8119/overview/rotherham-united
8121,Angers,angers,https://www.fotmob.com/teams/8121/overview/angers
8125,Nordstrand,nordstrand,https://www.fotmob.com/teams/8125/overview/nordstrand
8127,Mjallby,mjallby,https://www.fotmob.com/teams/8127/overview/mjallby
8130,Kr Reykjavik,kr-reykjavik,https://www.fotmob.com/teams/8130/overview/kr-reykjavik
8131,Maidstone United,maidstone-united,https://www.fotmob.com/teams/8131/overview/maidstone-united
8132,Sprint Jeloy,sprint-jeloy,https://www.fotmob.com/teams/8132/overview/sprint-jeloy
8133,Sandnes Ulf,sandnes-ulf,https://www.fotmob.com/teams/8133/overview/sandnes-ulf
8136,Valerenga 2,valerenga-2,https://www.fotmob.com/teams/8136/overview/valerenga-2
8137,Baerum,baerum,https://www.fotmob.com/teams/8137/overview/baerum
8141,Stirling Albion,stirling-albion,https://www.fotmob.com/teams/8141/overview/stirling-albion
8142,Wuppertal,wuppertal,https://www.fotmob.com/teams/8142/overview/wuppertal
8143,Stenhousemuir,stenhousemuir,https://www.fotmob.com/teams/8143/overview/stenhousemuir
8145,Forfar Athletic,forfar-athletic,https://www.fotmob.com/teams/8145/overview/forfar-athletic
8148,Rw Erfurt,rw-erfurt,https://www.fotmob.com/teams/8148/overview/rw-erfurt
8149,Union Berlin,union-berlin,https://www.fotmob.com/teams/8149/overview/union-berlin
8150,Holstein Kiel,holstein-kiel,https://www.fotmob.com/teams/8150/overview/holstein-kiel
8151,Fh Hafnarfjordur,fh-hafnarfjordur,https://www.fotmob.com/teams/8151/overview/fh-hafnarfjordur
8152,St Pauli,st-pauli,https://www.fotmob.com/teams/8152/overview/st-pauli
8153,Esperance,esperance,https://www.fotmob.com/teams/8153/overview/esperance
8155,Flora Tallinn,flora-tallinn,https://www.fotmob.com/teams/8155/overview/flora-tallinn
8158,Peterhead,peterhead,https://www.fotmob.com/teams/8158/overview/peterhead
8160,Alloa Athletic,alloa-athletic,https://www.fotmob.com/teams/8160/overview/alloa-athletic
8162,Werder Bremen Ii,werder-bremen-ii,https://www.fotmob.com/teams/8162/overview/werder-bremen-ii
8164,Central Coast Mariners,central-coast-mariners,https://www.fotmob.com/teams/8164/overview/central-coast-mariners
8165,1 Fc Nurnberg,1-fc-nurnberg,https://www.fotmob.com/teams/8165/overview/1-fc-nurnberg
8166,Hansa Rostock Ii,hansa-rostock-ii,https://www.fotmob.com/teams/8166/overview/hansa-rostock-ii
8167,Hannover 96 Ii,hannover-96-ii,https://www.fotmob.com/teams/8167/overview/hannover-96-ii
8168,Arminia Bielefeld Ii,arminia-bielefeld-ii,https://www.fotmob.com/teams/8168/overview/arminia-bielefeld-ii
8170,Panionios,panionios,https://www.fotmob.com/teams/8170/overview/panionios
8171,Preussen Munster,preussen-munster,https://www.fotmob.com/teams/8171/overview/preussen-munster
8173,Beitar Jerusalem,beitar-jerusalem,https://www.fotmob.com/teams/8173/overview/beitar-jerusalem
8174,Virton,virton,https://www.fotmob.com/teams/8174/overview/virton
8175,Barnet,barnet,https://www.fotmob.com/teams/8175/overview/barnet
8176,Airdrieonians,airdrieonians,https://www.fotmob.com/teams/8176/overview/airdrieonians
8177,Hertha Bsc,hertha-bsc,https://www.fotmob.com/teams/8177/overview/hertha-bsc
8178,Bayer Leverkusen,bayer-leverkusen,https://www.fotmob.com/teams/8178/overview/bayer-leverkusen
8179,Kongsvinger,kongsvinger,https://www.fotmob.com/teams/8179/overview/kongsvinger
8180,Stromsgodset,stromsgodset,https://www.fotmob.com/teams/8180/overview/stromsgodset
8181,Stromsgodset 2,stromsgodset-2,https://www.fotmob.com/teams/8181/overview/stromsgodset-2
8183,Gjovik Lyn,gjovik-lyn,https://www.fotmob.com/teams/8183/overview/gjovik-lyn
8186,Hertha Berlin Ii,hertha-berlin-ii,https://www.fotmob.com/teams/8186/overview/hertha-berlin-ii
8187,Hamburger Sv Ii,hamburger-sv-ii,https://www.fotmob.com/teams/8187/overview/hamburger-sv-ii
8188,Magdeburg,magdeburg,https://www.fotmob.com/teams/8188/overview/magdeburg
8189,Angelholms Ff,angelholms-ff,https://www.fotmob.com/teams/8189/overview/angelholms-ff
8191,Burnley,burnley,https://www.fotmob.com/teams/8191/overview/burnley
8192,Kickers Emden,kickers-emden,https://www.fotmob.com/teams/8192/overview/kickers-emden
8194,Fortuna Dusseldorf,fortuna-dusseldorf,https://www.fotmob.com/teams/8194/overview/fortuna-dusseldorf
8195,Stuttgarter Kickers,stuttgarter-kickers,https://www.fotmob.com/teams/8195/overview/stuttgarter-kickers
8196,Wehen Wiesbaden,wehen-wiesbaden,https://www.fotmob.com/teams/8196/overview/wehen-wiesbaden
8197,Leicester City,leicester-city,https://www.fotmob.com/teams/8197/overview/leicester-city
8198,Schalke 04 Ii,schalke-04-ii,https://www.fotmob.com/teams/8198/overview/schalke-04-ii
8199,Kfc Uerdingen,kfc-uerdingen,https://www.fotmob.com/teams/8199/overview/kfc-uerdingen
8200,Bochum Ii,bochum-ii,https://www.fotmob.com/teams/8200/overview/bochum-ii
8201,Ulm,ulm,https://www.fotmob.com/teams/8201/overview/ulm
8203,Kv Mechelen,kv-mechelen,https://www.fotmob.com/teams/8203/overview/kv-mechelen
8204,Italy,italy,https://www.fotmob.com/teams/8204/overview/italy
8205,Serbia,serbia,https://www.fotmob.com/teams/8205/overview/serbia
8206,Lugo,lugo,https://www.fotmob.com/teams/8206/overview/lugo
8210,Pena Dep Santa Eulalia,pena-dep-santa-eulalia,https://www.fotmob.com/teams/8210/overview/pena-dep-santa-eulalia
8211,Pena Sport,pena-sport,https://www.fotmob.com/teams/8211/overview/pena-sport
8213,Orihuela,orihuela,https://www.fotmob.com/teams/8213/overview/orihuela
8214,Barbastro,barbastro,https://www.fotmob.com/teams/8214/overview/barbastro
8220,Ac Horsens Ii,ac-horsens-ii,https://www.fotmob.com/teams/8220/overview/ac-horsens-ii
8222,Ferencvaros,ferencvaros,https://www.fotmob.com/teams/8222/overview/ferencvaros
8223,Sundby Bk,sundby-bk,https://www.fotmob.com/teams/8223/overview/sundby-bk
8224,Frederikssund Ik,frederikssund-ik,https://www.fotmob.com/teams/8224/overview/frederikssund-ik
8225,Karlsruher Sc Ii,karlsruher-sc-ii,https://www.fotmob.com/teams/8225/overview/karlsruher-sc-ii
8226,Hoffenheim,hoffenheim,https://www.fotmob.com/teams/8226/overview/hoffenheim
8227,Bronshoj,bronshoj,https://www.fotmob.com/teams/8227/overview/bronshoj
8228,Sestao,sestao,https://www.fotmob.com/teams/8228/overview/sestao
8229,Sant Andreu,sant-andreu,https://www.fotmob.com/teams/8229/overview/sant-andreu
8231,Vejle Boldklub,vejle-boldklub,https://www.fotmob.com/teams/8231/overview/vejle-boldklub
8232,Elversberg,elversberg,https://www.fotmob.com/teams/8232/overview/elversberg
8233,Aalen,aalen,https://www.fotmob.com/teams/8233/overview/aalen
8234,Ingolstadt,ingolstadt,https://www.fotmob.com/teams/8234/overview/ingolstadt
8235,Queens Park,queens-park,https://www.fotmob.com/teams/8235/overview/queens-park
8238,Denmark,denmark,https://www.fotmob.com/teams/8238/overview/denmark
8239,Aris Thessaloniki,aris-thessaloniki,https://www.fotmob.com/teams/8239/overview/aris-thessaloniki
8243,Wisa Pock,wisa-pock,https://www.fotmob.com/teams/8243/overview/wisa-pock
8244,Ks Odz,ks-odz,https://www.fotmob.com/teams/8244/overview/ks-odz
8245,Korona Kielce,korona-kielce,https://www.fotmob.com/teams/8245/overview/korona-kielce
8248,Hammarby,hammarby,https://www.fotmob.com/teams/8248/overview/hammarby
8249,Glostrup Fk,glostrup-fk,https://www.fotmob.com/teams/8249/overview/glostrup-fk
8250,Frem,frem,https://www.fotmob.com/teams/8250/overview/frem
8252,Holbaek Bi,holbaek-bi,https://www.fotmob.com/teams/8252/overview/holbaek-bi
8253,Hessen Kassel,hessen-kassel,https://www.fotmob.com/teams/8253/overview/hessen-kassel
8254,Lithuania,lithuania,https://www.fotmob.com/teams/8254/overview/lithuania
8255,Austria,austria,https://www.fotmob.com/teams/8255/overview/austria
8256,Brazil,brazil,https://www.fotmob.com/teams/8256/overview/brazil
8257,Montrose,montrose,https://www.fotmob.com/teams/8257/overview/montrose
8258,Colombia,colombia,https://www.fotmob.com/teams/8258/overview/colombia
8259,Houston Dynamo Fc,houston-dynamo-fc,https://www.fotmob.com/teams/8259/overview/houston-dynamo-fc
8260,North Macedonia,north-macedonia,https://www.fotmob.com/teams/8260/overview/north-macedonia
8261,Estonia,estonia,https://www.fotmob.com/teams/8261/overview/estonia
8262,Darmstadt,darmstadt,https://www.fotmob.com/teams/8262/overview/darmstadt
8263,Belgium,belgium,https://www.fotmob.com/teams/8263/overview/belgium
8264,Bayern Munchen Ii,bayern-munchen-ii,https://www.fotmob.com/teams/8264/overview/bayern-munchen-ii
8265,Kazakhstan,kazakhstan,https://www.fotmob.com/teams/8265/overview/kazakhstan
8266,Nakskov,nakskov,https://www.fotmob.com/teams/8266/overview/nakskov
8267,Reutlingen,reutlingen,https://www.fotmob.com/teams/8267/overview/reutlingen
8268,Georgia,georgia,https://www.fotmob.com/teams/8268/overview/georgia
8269,Faroe Islands,faroe-islands,https://www.fotmob.com/teams/8269/overview/faroe-islands
8270,Avispa Fukuoka,avispa-fukuoka,https://www.fotmob.com/teams/8270/overview/avispa-fukuoka
8271,Saarbrucken,saarbrucken,https://www.fotmob.com/teams/8271/overview/saarbrucken
8273,Pirmasens,pirmasens,https://www.fotmob.com/teams/8273/overview/pirmasens
8274,Floridsdorfer Ac,floridsdorfer-ac,https://www.fotmob.com/teams/8274/overview/floridsdorfer-ac
8277,Vitesse,vitesse,https://www.fotmob.com/teams/8277/overview/vitesse
8278,Borussia Monchengladbach Ii,borussia-monchengladbach-ii,https://www.fotmob.com/teams/8278/overview/borussia-monchengladbach-ii
8279,Naesby,naesby,https://www.fotmob.com/teams/8279/overview/naesby
8280,Arbroath,arbroath,https://www.fotmob.com/teams/8280/overview/arbroath
8281,Esbjerg Fb Ii,esbjerg-fb-ii,https://www.fotmob.com/teams/8281/overview/esbjerg-fb-ii
8282,Livingston,livingston,https://www.fotmob.com/teams/8282/overview/livingston
8283,Barnsley,barnsley,https://www.fotmob.com/teams/8283/overview/barnsley
8284,Dundee Fc,dundee-fc,https://www.fotmob.com/teams/8284/overview/dundee-fc
8285,Esbjerg Fb,esbjerg-fb,https://www.fotmob.com/teams/8285/overview/esbjerg-fb
8287,Fortaleza,fortaleza,https://www.fotmob.com/teams/8287/overview/fortaleza
8288,Eldense,eldense,https://www.fotmob.com/teams/8288/overview/eldense
8289,Hb Koge,hb-koge,https://www.fotmob.com/teams/8289/overview/hb-koge
8291,Askoy,askoy,https://www.fotmob.com/teams/8291/overview/askoy
8292,Eidsvold Tf,eidsvold-tf,https://www.fotmob.com/teams/8292/overview/eidsvold-tf
8293,Msv Duisburg,msv-duisburg,https://www.fotmob.com/teams/8293/overview/msv-duisburg
8294,Hansa Rostock,hansa-rostock,https://www.fotmob.com/teams/8294/overview/hansa-rostock
8295,Karlsruher Sc,karlsruher-sc,https://www.fotmob.com/teams/8295/overview/karlsruher-sc
8296,Rw Essen,rw-essen,https://www.fotmob.com/teams/8296/overview/rw-essen
8297,Gais,gais,https://www.fotmob.com/teams/8297/overview/gais
8298,Grindavik,grindavik,https://www.fotmob.com/teams/8298/overview/grindavik
8299,Ibv Vestmannaeyjar,ibv-vestmannaeyjar,https://www.fotmob.com/teams/8299/overview/ibv-vestmannaeyjar
8301,Hapoel Haifa,hapoel-haifa,https://www.fotmob.com/teams/8301/overview/hapoel-haifa
8302,Sevilla,sevilla,https://www.fotmob.com/teams/8302/overview/sevilla
8304,Nacional,nacional,https://www.fotmob.com/teams/8304/overview/nacional
8305,Getafe,getafe,https://www.fotmob.com/teams/8305/overview/getafe
8306,Las Palmas,las-palmas,https://www.fotmob.com/teams/8306/overview/las-palmas
8307,Myanmar,myanmar,https://www.fotmob.com/teams/8307/overview/myanmar
8310,Halmstads Bk,halmstads-bk,https://www.fotmob.com/teams/8310/overview/halmstads-bk
8311,Clermont Foot,clermont-foot,https://www.fotmob.com/teams/8311/overview/clermont-foot
8312,Creteil,creteil,https://www.fotmob.com/teams/8312/overview/creteil
8313,Tranmere Rovers,tranmere-rovers,https://www.fotmob.com/teams/8313/overview/tranmere-rovers
8314,Colorado Rapids,colorado-rapids,https://www.fotmob.com/teams/8314/overview/colorado-rapids
8315,Athletic Club,athletic-club,https://www.fotmob.com/teams/8315/overview/athletic-club
8316,Rsd Alcala,rsd-alcala,https://www.fotmob.com/teams/8316/overview/rsd-alcala
8317,Merida,merida,https://www.fotmob.com/teams/8317/overview/merida
8318,Tus Koblenz,tus-koblenz,https://www.fotmob.com/teams/8318/overview/tus-koblenz
8319,Erzgebirge Aue,erzgebirge-aue,https://www.fotmob.com/teams/8319/overview/erzgebirge-aue
8320,Carl Zeiss Jena,carl-zeiss-jena,https://www.fotmob.com/teams/8320/overview/carl-zeiss-jena
8321,Dumbarton,dumbarton,https://www.fotmob.com/teams/8321/overview/dumbarton
8322,Arka Gdynia,arka-gdynia,https://www.fotmob.com/teams/8322/overview/arka-gdynia
8323,Equatorial Guinea,equatorial-guinea,https://www.fotmob.com/teams/8323/overview/equatorial-guinea
8326,Sku Amstetten,sku-amstetten,https://www.fotmob.com/teams/8326/overview/sku-amstetten
8332,Breidablik,breidablik,https://www.fotmob.com/teams/8332/overview/breidablik
8333,Trelleborgs Ff,trelleborgs-ff,https://www.fotmob.com/teams/8333/overview/trelleborgs-ff
8337,Suduva,suduva,https://www.fotmob.com/teams/8337/overview/suduva
8338,Derry City,derry-city,https://www.fotmob.com/teams/8338/overview/derry-city
8339,Drogheda United,drogheda-united,https://www.fotmob.com/teams/8339/overview/drogheda-united
8340,Maribor,maribor,https://www.fotmob.com/teams/8340/overview/maribor
8342,Club Brugge,club-brugge,https://www.fotmob.com/teams/8342/overview/club-brugge
8344,Cardiff City,cardiff-city,https://www.fotmob.com/teams/8344/overview/cardiff-city
8345,Woking,woking,https://www.fotmob.com/teams/8345/overview/woking
8346,Luton Town,luton-town,https://www.fotmob.com/teams/8346/overview/luton-town
8348,Moreirense,moreirense,https://www.fotmob.com/teams/8348/overview/moreirense
8349,Aik,aik,https://www.fotmob.com/teams/8349/overview/aik
8350,Kaiserslautern,kaiserslautern,https://www.fotmob.com/teams/8350/overview/kaiserslautern
8351,Leyton Orient,leyton-orient,https://www.fotmob.com/teams/8351/overview/leyton-orient
8353,Alta,alta,https://www.fotmob.com/teams/8353/overview/alta
8355,Botafogo Sp,botafogo-sp,https://www.fotmob.com/teams/8355/overview/botafogo-sp
8356,Rs Gimnastica,rs-gimnastica,https://www.fotmob.com/teams/8356/overview/rs-gimnastica
8357,Greuther Furth,greuther-furth,https://www.fotmob.com/teams/8357/overview/greuther-furth
8358,Freiburg,freiburg,https://www.fotmob.com/teams/8358/overview/freiburg
8359,Gif Sundsvall,gif-sundsvall,https://www.fotmob.com/teams/8359/overview/gif-sundsvall
8361,Portugal,portugal,https://www.fotmob.com/teams/8361/overview/portugal
8367,Real Madrid Castilla,real-madrid-castilla,https://www.fotmob.com/teams/8367/overview/real-madrid-castilla
8369,Debrecen,debrecen,https://www.fotmob.com/teams/8369/overview/debrecen
8370,Rayo Vallecano,rayo-vallecano,https://www.fotmob.com/teams/8370/overview/rayo-vallecano
8371,Osasuna,osasuna,https://www.fotmob.com/teams/8371/overview/osasuna
8372,Eibar,eibar,https://www.fotmob.com/teams/8372/overview/eibar
8380,Real Union,real-union,https://www.fotmob.com/teams/8380/overview/real-union
8385,Cadiz,cadiz,https://www.fotmob.com/teams/8385/overview/cadiz
8387,Keciorengucu,keciorengucu,https://www.fotmob.com/teams/8387/overview/keciorengucu
8388,Numancia,numancia,https://www.fotmob.com/teams/8388/overview/numancia
8391,Fc Kobenhavn,fc-kobenhavn,https://www.fotmob.com/teams/8391/overview/fc-kobenhavn
8392,Real Murcia,real-murcia,https://www.fotmob.com/teams/8392/overview/real-murcia
8393,Albacete,albacete,https://www.fotmob.com/teams/8393/overview/albacete
8394,Real Zaragoza,real-zaragoza,https://www.fotmob.com/teams/8394/overview/real-zaragoza
8395,Borussia Dortmund Ii,borussia-dortmund-ii,https://www.fotmob.com/teams/8395/overview/borussia-dortmund-ii
8396,Alemannia Aachen,alemannia-aachen,https://www.fotmob.com/teams/8396/overview/alemannia-aachen
8397,Mainz 05 Ii,mainz-05-ii,https://www.fotmob.com/teams/8397/overview/mainz-05-ii
8398,Energie Cottbus,energie-cottbus,https://www.fotmob.com/teams/8398/overview/energie-cottbus
8400,Gimnastic,gimnastic,https://www.fotmob.com/teams/8400/overview/gimnastic
8401,Plymouth Argyle,plymouth-argyle,https://www.fotmob.com/teams/8401/overview/plymouth-argyle
8402,Bodoglimt,bodoglimt,https://www.fotmob.com/teams/8402/overview/bodoglimt
8404,Aalesund,aalesund,https://www.fotmob.com/teams/8404/overview/aalesund
8405,Moss,moss,https://www.fotmob.com/teams/8405/overview/moss
8406,Augsburg,augsburg,https://www.fotmob.com/teams/8406/overview/augsburg
8407,Kickers Offenbach,kickers-offenbach,https://www.fotmob.com/teams/8407/overview/kickers-offenbach
8408,Burghausen,burghausen,https://www.fotmob.com/teams/8408/overview/burghausen
8409,Clyde,clyde,https://www.fotmob.com/teams/8409/overview/clyde
8410,Randers Fc,randers-fc,https://www.fotmob.com/teams/8410/overview/randers-fc
8411,Preston North End,preston-north-end,https://www.fotmob.com/teams/8411/overview/preston-north-end
8412,Scunthorpe United,scunthorpe-united,https://www.fotmob.com/teams/8412/overview/scunthorpe-united
8413,Lillehammer Fk,lillehammer-fk,https://www.fotmob.com/teams/8413/overview/lillehammer-fk
8414,Ob,ob,https://www.fotmob.com/teams/8414/overview/ob
8415,Silkeborg,silkeborg,https://www.fotmob.com/teams/8415/overview/silkeborg
8416,Colchester United,colchester-united,https://www.fotmob.com/teams/8416/overview/colchester-united
8417,Fredrikstad,fredrikstad,https://www.fotmob.com/teams/8417/overview/fredrikstad
8421,Skeid,skeid,https://www.fotmob.com/teams/8421/overview/skeid
8422,Rosenborg,rosenborg,https://www.fotmob.com/teams/8422/overview/rosenborg
8424,Fc Lahti,fc-lahti,https://www.fotmob.com/teams/8424/overview/fc-lahti
8425,Enkoping,enkoping,https://www.fotmob.com/teams/8425/overview/enkoping
8426,Partick Thistle,partick-thistle,https://www.fotmob.com/teams/8426/overview/partick-thistle
8427,Bristol City,bristol-city,https://www.fotmob.com/teams/8427/overview/bristol-city
8428,Hacken,hacken,https://www.fotmob.com/teams/8428/overview/hacken
8429,Hamilton Academical,hamilton-academical,https://www.fotmob.com/teams/8429/overview/hamilton-academical
8430,Lincoln City,lincoln-city,https://www.fotmob.com/teams/8430/overview/lincoln-city
8435,Hhc,hhc,https://www.fotmob.com/teams/8435/overview/hhc
8441,Kozakken Boys,kozakken-boys,https://www.fotmob.com/teams/8441/overview/kozakken-boys
8447,Brabrand,brabrand,https://www.fotmob.com/teams/8447/overview/brabrand
8448,Hamarkameratene,hamarkameratene,https://www.fotmob.com/teams/8448/overview/hamarkameratene
8449,Ifk Norrkoping,ifk-norrkoping,https://www.fotmob.com/teams/8449/overview/ifk-norrkoping
8450,Club Atletico Penarol,club-atletico-penarol,https://www.fotmob.com/teams/8450/overview/club-atletico-penarol
8451,Charlton Athletic,charlton-athletic,https://www.fotmob.com/teams/8451/overview/charlton-athletic
8452,Holstebro Boldklub,holstebro-boldklub,https://www.fotmob.com/teams/8452/overview/holstebro-boldklub
8453,B 93,b-93,https://www.fotmob.com/teams/8453/overview/b-93
8454,Fredericia,fredericia,https://www.fotmob.com/teams/8454/overview/fredericia
8455,Chelsea,chelsea,https://www.fotmob.com/teams/8455/overview/chelsea
8456,Manchester City,manchester-city,https://www.fotmob.com/teams/8456/overview/manchester-city
8457,Dunfermline Athletic,dunfermline-athletic,https://www.fotmob.com/teams/8457/overview/dunfermline-athletic
8458,Vfb Stuttgart Ii,vfb-stuttgart-ii,https://www.fotmob.com/teams/8458/overview/vfb-stuttgart-ii
8459,Fc Koln Ii,fc-koln-ii,https://www.fotmob.com/teams/8459/overview/fc-koln-ii
8460,Paderborn,paderborn,https://www.fotmob.com/teams/8460/overview/paderborn
8462,Portsmouth,portsmouth,https://www.fotmob.com/teams/8462/overview/portsmouth
8463,Leeds United,leeds-united,https://www.fotmob.com/teams/8463/overview/leeds-united
8464,Nec Nijmegen,nec-nijmegen,https://www.fotmob.com/teams/8464/overview/nec-nijmegen
8465,Aldershot Town,aldershot-town,https://www.fotmob.com/teams/8465/overview/aldershot-town
8466,Southampton,southampton,https://www.fotmob.com/teams/8466/overview/southampton
8467,St Johnstone,st-johnstone,https://www.fotmob.com/teams/8467/overview/st-johnstone
8468,Brann,brann,https://www.fotmob.com/teams/8468/overview/brann
8469,Brann 2,brann-2,https://www.fotmob.com/teams/8469/overview/brann-2
8470,Aab,aab,https://www.fotmob.com/teams/8470/overview/aab
8472,Sunderland,sunderland,https://www.fotmob.com/teams/8472/overview/sunderland
8473,Ff Jaro,ff-jaro,https://www.fotmob.com/teams/8473/overview/ff-jaro
8474,Racing De Ferrol,racing-de-ferrol,https://www.fotmob.com/teams/8474/overview/racing-de-ferrol
8475,Sk Beveren,sk-beveren,https://www.fotmob.com/teams/8475/overview/sk-beveren
8476,Lillestrom,lillestrom,https://www.fotmob.com/teams/8476/overview/lillestrom
8477,Lillestrom 2,lillestrom-2,https://www.fotmob.com/teams/8477/overview/lillestrom-2
8478,Viking,viking,https://www.fotmob.com/teams/8478/overview/viking
8479,Recreativo Huelva,recreativo-huelva,https://www.fotmob.com/teams/8479/overview/recreativo-huelva
8480,Dynamo Dresden,dynamo-dresden,https://www.fotmob.com/teams/8480/overview/dynamo-dresden
8481,Nancy,nancy,https://www.fotmob.com/teams/8481/overview/nancy
8482,Sambenedettese,sambenedettese,https://www.fotmob.com/teams/8482/overview/sambenedettese
8483,Blackpool,blackpool,https://www.fotmob.com/teams/8483/overview/blackpool
8484,Bradford City,bradford-city,https://www.fotmob.com/teams/8484/overview/bradford-city
8485,Aberdeen,aberdeen,https://www.fotmob.com/teams/8485/overview/aberdeen
8486,Unterhaching,unterhaching,https://www.fotmob.com/teams/8486/overview/unterhaching
8487,Sonderjyske,sonderjyske,https://www.fotmob.com/teams/8487/overview/sonderjyske
8488,Hartlepool United,hartlepool-united,https://www.fotmob.com/teams/8488/overview/hartlepool-united
8489,Morecambe,morecambe,https://www.fotmob.com/teams/8489/overview/morecambe
8490,Kaiserslautern Ii,kaiserslautern-ii,https://www.fotmob.com/teams/8490/overview/kaiserslautern-ii
8491,England,england,https://www.fotmob.com/teams/8491/overview/england
8492,Norway,norway,https://www.fotmob.com/teams/8492/overview/norway
8493,Rochdale,rochdale,https://www.fotmob.com/teams/8493/overview/rochdale
8494,Denmark U21,denmark-u21,https://www.fotmob.com/teams/8494/overview/denmark-u21
8495,Malta,malta,https://www.fotmob.com/teams/8495/overview/malta
8496,Czechia,czechia,https://www.fotmob.com/teams/8496/overview/czechia
8497,Slovakia,slovakia,https://www.fotmob.com/teams/8497/overview/slovakia
8498,Scotland,scotland,https://www.fotmob.com/teams/8498/overview/scotland
8500,Ljungskile,ljungskile,https://www.fotmob.com/teams/8500/overview/ljungskile
8501,Brommapojkarna,brommapojkarna,https://www.fotmob.com/teams/8501/overview/brommapojkarna
8502,Brondby If,brondby-if,https://www.fotmob.com/teams/8502/overview/brondby-if
8504,North Macedonia U21,north-macedonia-u21,https://www.fotmob.com/teams/8504/overview/north-macedonia-u21
8505,Spain U21,spain-u21,https://www.fotmob.com/teams/8505/overview/spain-u21
8506,Belgium U21,belgium-u21,https://www.fotmob.com/teams/8506/overview/belgium-u21
8507,Northern Ireland U21,northern-ireland-u21,https://www.fotmob.com/teams/8507/overview/northern-ireland-u21
8508,Scotland U21,scotland-u21,https://www.fotmob.com/teams/8508/overview/scotland-u21
8509,Sarpsborg 08,sarpsborg-08,https://www.fotmob.com/teams/8509/overview/sarpsborg-08
8510,Jonkoping S,jonkoping-s,https://www.fotmob.com/teams/8510/overview/jonkoping-s
8511,Landskrona Bois,landskrona-bois,https://www.fotmob.com/teams/8511/overview/landskrona-bois
8512,Fk Haugesund,fk-haugesund,https://www.fotmob.com/teams/8512/overview/fk-haugesund
8514,Santos Fc,santos-fc,https://www.fotmob.com/teams/8514/overview/santos-fc
8517,Botafogo Rj,botafogo-rj,https://www.fotmob.com/teams/8517/overview/botafogo-rj
8519,Molde 2,molde-2,https://www.fotmob.com/teams/8519/overview/molde-2
8520,Sweden,sweden,https://www.fotmob.com/teams/8520/overview/sweden
8521,Brest,brest,https://www.fotmob.com/teams/8521/overview/brest
8522,Ascoli,ascoli,https://www.fotmob.com/teams/8522/overview/ascoli
8523,Auckland City Fc,auckland-city-fc,https://www.fotmob.com/teams/8523/overview/auckland-city-fc
8524,Atalanta,atalanta,https://www.fotmob.com/teams/8524/overview/atalanta
8525,Willem Ii,willem-ii,https://www.fotmob.com/teams/8525/overview/willem-ii
8526,De Graafschap,de-graafschap,https://www.fotmob.com/teams/8526/overview/de-graafschap
8527,Orebro,orebro,https://www.fotmob.com/teams/8527/overview/orebro
8528,Wigan Athletic,wigan-athletic,https://www.fotmob.com/teams/8528/overview/wigan-athletic
8529,Cagliari,cagliari,https://www.fotmob.com/teams/8529/overview/cagliari
8530,Catania,catania,https://www.fotmob.com/teams/8530/overview/catania
8531,Bryne,bryne,https://www.fotmob.com/teams/8531/overview/bryne
8534,Empoli,empoli,https://www.fotmob.com/teams/8534/overview/empoli
8535,Fiorentina,fiorentina,https://www.fotmob.com/teams/8535/overview/fiorentina
8536,Iceland,iceland,https://www.fotmob.com/teams/8536/overview/iceland
8537,Livorno,livorno,https://www.fotmob.com/teams/8537/overview/livorno
8539,Ventforet Kofu,ventforet-kofu,https://www.fotmob.com/teams/8539/overview/ventforet-kofu
8540,Palermo,palermo,https://www.fotmob.com/teams/8540/overview/palermo
8542,Kyoto Sanga Fc,kyoto-sanga-fc,https://www.fotmob.com/teams/8542/overview/kyoto-sanga-fc
8543,Lazio,lazio,https://www.fotmob.com/teams/8543/overview/lazio
8545,Ravenna,ravenna,https://www.fotmob.com/teams/8545/overview/ravenna
8548,Rangers,rangers,https://www.fotmob.com/teams/8548/overview/rangers
8549,Middlesbrough,middlesbrough,https://www.fotmob.com/teams/8549/overview/middlesbrough
8550,Metz,metz,https://www.fotmob.com/teams/8550/overview/metz
8553,Romania U21,romania-u21,https://www.fotmob.com/teams/8553/overview/romania-u21
8554,Cartagena,cartagena,https://www.fotmob.com/teams/8554/overview/cartagena
8556,Sweden U21,sweden-u21,https://www.fotmob.com/teams/8556/overview/sweden-u21
8557,Portugal U21,portugal-u21,https://www.fotmob.com/teams/8557/overview/portugal-u21
8558,Espanyol,espanyol,https://www.fotmob.com/teams/8558/overview/espanyol
8559,Bolton Wanderers,bolton-wanderers,https://www.fotmob.com/teams/8559/overview/bolton-wanderers
8560,Real Sociedad,real-sociedad,https://www.fotmob.com/teams/8560/overview/real-sociedad
8561,Tigres,tigres,https://www.fotmob.com/teams/8561/overview/tigres
8562,Danubio,danubio,https://www.fotmob.com/teams/8562/overview/danubio
8563,Aek Athens,aek-athens,https://www.fotmob.com/teams/8563/overview/aek-athens
8564,Milan,milan,https://www.fotmob.com/teams/8564/overview/milan
8565,Hungary,hungary,https://www.fotmob.com/teams/8565/overview/hungary
8566,Azerbaijan,azerbaijan,https://www.fotmob.com/teams/8566/overview/azerbaijan
8567,Israel,israel,https://www.fotmob.com/teams/8567/overview/israel
8568,Poland,poland,https://www.fotmob.com/teams/8568/overview/poland
8570,Germany,germany,https://www.fotmob.com/teams/8570/overview/germany
8571,Kortrijk,kortrijk,https://www.fotmob.com/teams/8571/overview/kortrijk
8577,Al Ittihad,al-ittihad,https://www.fotmob.com/teams/8577/overview/al-ittihad
8581,Levante,levante,https://www.fotmob.com/teams/8581/overview/levante
8582,Rouen,rouen,https://www.fotmob.com/teams/8582/overview/rouen
8583,Auxerre,auxerre,https://www.fotmob.com/teams/8583/overview/auxerre
8586,Tottenham Hotspur,tottenham-hotspur,https://www.fotmob.com/teams/8586/overview/tottenham-hotspur
8587,Amiens,amiens,https://www.fotmob.com/teams/8587/overview/amiens
8588,Lens,lens,https://www.fotmob.com/teams/8588/overview/lens
8589,Serbia U21,serbia-u21,https://www.fotmob.com/teams/8589/overview/serbia-u21
8590,Nea Salamis,nea-salamis,https://www.fotmob.com/teams/8590/overview/nea-salamis
8592,Marseille,marseille,https://www.fotmob.com/teams/8592/overview/marseille
8593,Ajax,ajax,https://www.fotmob.com/teams/8593/overview/ajax
8594,Sparta Nijkerk,sparta-nijkerk,https://www.fotmob.com/teams/8594/overview/sparta-nijkerk
8595,Brondby If,brondby-if,https://www.fotmob.com/teams/8595/overview/brondby-if
8596,Falkirk,falkirk,https://www.fotmob.com/teams/8596/overview/falkirk
8597,Kilmarnock,kilmarnock,https://www.fotmob.com/teams/8597/overview/kilmarnock
8598,Darlington,darlington,https://www.fotmob.com/teams/8598/overview/darlington
8599,Macclesfield Fc,macclesfield-fc,https://www.fotmob.com/teams/8599/overview/macclesfield-fc
8600,Udinese,udinese,https://www.fotmob.com/teams/8600/overview/udinese
8601,Umea,umea,https://www.fotmob.com/teams/8601/overview/umea
8602,Wolverhampton Wanderers,wolverhampton-wanderers,https://www.fotmob.com/teams/8602/overview/wolverhampton-wanderers
8603,Real Betis,real-betis,https://www.fotmob.com/teams/8603/overview/real-betis
8604,Ardal,ardal,https://www.fotmob.com/teams/8604/overview/ardal
8605,Kristiansund,kristiansund,https://www.fotmob.com/teams/8605/overview/kristiansund
8608,Tromso,tromso,https://www.fotmob.com/teams/8608/overview/tromso
8609,Sandefjord,sandefjord,https://www.fotmob.com/teams/8609/overview/sandefjord
8611,Fc Twente,fc-twente,https://www.fotmob.com/teams/8611/overview/fc-twente
8614,Sparta Rotterdam,sparta-rotterdam,https://www.fotmob.com/teams/8614/overview/sparta-rotterdam
8615,Vendsyssel Ff,vendsyssel-ff,https://www.fotmob.com/teams/8615/overview/vendsyssel-ff
8616,Sogndal,sogndal,https://www.fotmob.com/teams/8616/overview/sogndal
8617,Tromsdalen,tromsdalen,https://www.fotmob.com/teams/8617/overview/tromsdalen
8619,Paok Thessaloniki,paok-thessaloniki,https://www.fotmob.com/teams/8619/overview/paok-thessaloniki
8621,Apoel Nicosia,apoel-nicosia,https://www.fotmob.com/teams/8621/overview/apoel-nicosia
8622,Konyaspor,konyaspor,https://www.fotmob.com/teams/8622/overview/konyaspor
8623,Shandong Taishan,shandong-taishan,https://www.fotmob.com/teams/8623/overview/shandong-taishan
8627,Buducnost Podgorica,buducnost-podgorica,https://www.fotmob.com/teams/8627/overview/buducnost-podgorica
8630,Ponte Preta,ponte-preta,https://www.fotmob.com/teams/8630/overview/ponte-preta
8631,Figueirense,figueirense,https://www.fotmob.com/teams/8631/overview/figueirense
8632,Levski Sofia,levski-sofia,https://www.fotmob.com/teams/8632/overview/levski-sofia
8633,Real Madrid,real-madrid,https://www.fotmob.com/teams/8633/overview/real-madrid
8634,Barcelona,barcelona,https://www.fotmob.com/teams/8634/overview/barcelona
8635,Anderlecht,anderlecht,https://www.fotmob.com/teams/8635/overview/anderlecht
8636,Inter,inter,https://www.fotmob.com/teams/8636/overview/inter
8637,Galatasaray,galatasaray,https://www.fotmob.com/teams/8637/overview/galatasaray
8638,Olympiacos,olympiacos,https://www.fotmob.com/teams/8638/overview/olympiacos
8639,Lille,lille,https://www.fotmob.com/teams/8639/overview/lille
8640,Psv Eindhoven,psv-eindhoven,https://www.fotmob.com/teams/8640/overview/psv-eindhoven
8641,Osters If,osters-if,https://www.fotmob.com/teams/8641/overview/osters-if
8643,Spartak Moscow,spartak-moscow,https://www.fotmob.com/teams/8643/overview/spartak-moscow
8644,Wilhelmshaven,wilhelmshaven,https://www.fotmob.com/teams/8644/overview/wilhelmshaven
8645,Milton Keynes Dons,milton-keynes-dons,https://www.fotmob.com/teams/8645/overview/milton-keynes-dons
8646,Boston United,boston-united,https://www.fotmob.com/teams/8646/overview/boston-united
8647,Crawley Town,crawley-town,https://www.fotmob.com/teams/8647/overview/crawley-town
8648,Greenock Morton,greenock-morton,https://www.fotmob.com/teams/8648/overview/greenock-morton
8649,Ross County,ross-county,https://www.fotmob.com/teams/8649/overview/ross-county
8650,Liverpool,liverpool,https://www.fotmob.com/teams/8650/overview/liverpool
8651,Northampton Town,northampton-town,https://www.fotmob.com/teams/8651/overview/northampton-town
8652,Southend United,southend-united,https://www.fotmob.com/teams/8652/overview/southend-united
8653,Oxford United,oxford-united,https://www.fotmob.com/teams/8653/overview/oxford-united
8654,West Ham United,west-ham-united,https://www.fotmob.com/teams/8654/overview/west-ham-united
8655,Blackburn Rovers,blackburn-rovers,https://www.fotmob.com/teams/8655/overview/blackburn-rovers
8657,Sheffield United,sheffield-united,https://www.fotmob.com/teams/8657/overview/sheffield-united
8658,Birmingham City,birmingham-city,https://www.fotmob.com/teams/8658/overview/birmingham-city
8659,West Bromwich Albion,west-bromwich-albion,https://www.fotmob.com/teams/8659/overview/west-bromwich-albion
8660,Lewes,lewes,https://www.fotmob.com/teams/8660/overview/lewes
8661,Mallorca,mallorca,https://www.fotmob.com/teams/8661/overview/mallorca
8663,Lubeck,lubeck,https://www.fotmob.com/teams/8663/overview/lubeck
8666,Chornomorets Odesa,chornomorets-odesa,https://www.fotmob.com/teams/8666/overview/chornomorets-odesa
8667,Hull City,hull-city,https://www.fotmob.com/teams/8667/overview/hull-city
8668,Everton,everton,https://www.fotmob.com/teams/8668/overview/everton
8669,Coventry City,coventry-city,https://www.fotmob.com/teams/8669/overview/coventry-city
8670,Real Oviedo,real-oviedo,https://www.fotmob.com/teams/8670/overview/real-oviedo
8671,Accrington Stanley,accrington-stanley,https://www.fotmob.com/teams/8671/overview/accrington-stanley
8673,Legia Warszawa,legia-warszawa,https://www.fotmob.com/teams/8673/overview/legia-warszawa
8674,Fc Groningen,fc-groningen,https://www.fotmob.com/teams/8674/overview/fc-groningen
8675,Iraklis,iraklis,https://www.fotmob.com/teams/8675/overview/iraklis
8676,Wycombe Wanderers,wycombe-wanderers,https://www.fotmob.com/teams/8676/overview/wycombe-wanderers
8677,Peterborough United,peterborough-united,https://www.fotmob.com/teams/8677/overview/peterborough-united
8678,Afc Bournemouth,afc-bournemouth,https://www.fotmob.com/teams/8678/overview/afc-bournemouth
8679,Welling United,welling-united,https://www.fotmob.com/teams/8679/overview/welling-united
8680,Cheltenham Town,cheltenham-town,https://www.fotmob.com/teams/8680/overview/cheltenham-town
8681,Amkar Perm,amkar-perm,https://www.fotmob.com/teams/8681/overview/amkar-perm
8682,Le Mans,le-mans,https://www.fotmob.com/teams/8682/overview/le-mans
8683,Rubin Kazan,rubin-kazan,https://www.fotmob.com/teams/8683/overview/rubin-kazan
8685,Perugia,perugia,https://www.fotmob.com/teams/8685/overview/perugia
8686,Roma,roma,https://www.fotmob.com/teams/8686/overview/roma
8687,Fk Crvena Zvezda,fk-crvena-zvezda,https://www.fotmob.com/teams/8687/overview/fk-crvena-zvezda
8688,Dynamo Kyiv,dynamo-kyiv,https://www.fotmob.com/teams/8688/overview/dynamo-kyiv
8689,Lorient,lorient,https://www.fotmob.com/teams/8689/overview/lorient
8691,Karpaty,karpaty,https://www.fotmob.com/teams/8691/overview/karpaty
8692,Ofk Beograd,ofk-beograd,https://www.fotmob.com/teams/8692/overview/ofk-beograd
8695,Fenerbahce,fenerbahce,https://www.fotmob.com/teams/8695/overview/fenerbahce
8696,Racing Santander,racing-santander,https://www.fotmob.com/teams/8696/overview/racing-santander
8697,Werder Bremen,werder-bremen,https://www.fotmob.com/teams/8697/overview/werder-bremen
8698,Zenit St Petersburg,zenit-st-petersburg,https://www.fotmob.com/teams/8698/overview/zenit-st-petersburg
8699,Kashiwa Reysol,kashiwa-reysol,https://www.fotmob.com/teams/8699/overview/kashiwa-reysol
8700,Uzbekistan,uzbekistan,https://www.fotmob.com/teams/8700/overview/uzbekistan
8702,Internacional,internacional,https://www.fotmob.com/teams/8702/overview/internacional
8704,Torpedo Moscow,torpedo-moscow,https://www.fotmob.com/teams/8704/overview/torpedo-moscow
8705,Fc Rostov,fc-rostov,https://www.fotmob.com/teams/8705/overview/fc-rostov
8708,Fk Akhmat,fk-akhmat,https://www.fotmob.com/teams/8708/overview/fk-akhmat
8709,Krylya Sovetov Samara,krylya-sovetov-samara,https://www.fotmob.com/teams/8709/overview/krylya-sovetov-samara
8710,Lokomotiv Moscow,lokomotiv-moscow,https://www.fotmob.com/teams/8710/overview/lokomotiv-moscow
8712,Shinnik Yaroslavl,shinnik-yaroslavl,https://www.fotmob.com/teams/8712/overview/shinnik-yaroslavl
8713,Russia,russia,https://www.fotmob.com/teams/8713/overview/russia
8714,Leon Saturn Ramenskoye,leon-saturn-ramenskoye,https://www.fotmob.com/teams/8714/overview/leon-saturn-ramenskoye
8717,Bedford Town,bedford-town,https://www.fotmob.com/teams/8717/overview/bedford-town
8718,Bnei Sakhnin,bnei-sakhnin,https://www.fotmob.com/teams/8718/overview/bnei-sakhnin
8721,Wolfsburg,wolfsburg,https://www.fotmob.com/teams/8721/overview/wolfsburg
8722,1 Fc Koln,1-fc-koln,https://www.fotmob.com/teams/8722/overview/1-fc-koln
9723,Fcsb,fcsb,https://www.fotmob.com/teams/9723/overview/fcsb
9728,Shakhtar Donetsk,shakhtar-donetsk,https://www.fotmob.com/teams/9728/overview/shakhtar-donetsk
9729,Fc Sheriff,fc-sheriff,https://www.fotmob.com/teams/9729/overview/fc-sheriff
9730,Romania,romania,https://www.fotmob.com/teams/9730/overview/romania
9731,Cfr Cluj,cfr-cluj,https://www.fotmob.com/teams/9731/overview/cfr-cluj
9732,Fc Arges Pitesti,fc-arges-pitesti,https://www.fotmob.com/teams/9732/overview/fc-arges-pitesti
9736,Otelul Galati,otelul-galati,https://www.fotmob.com/teams/9736/overview/otelul-galati
9738,Rapid Bucuresti,rapid-bucuresti,https://www.fotmob.com/teams/9738/overview/rapid-bucuresti
9743,Waldhof Mannheim,waldhof-mannheim,https://www.fotmob.com/teams/9743/overview/waldhof-mannheim
9746,Le Havre,le-havre,https://www.fotmob.com/teams/9746/overview/le-havre
9747,Guingamp,guingamp,https://www.fotmob.com/teams/9747/overview/guingamp
9748,Lyon,lyon,https://www.fotmob.com/teams/9748/overview/lyon
9750,Samsunspor,samsunspor,https://www.fotmob.com/teams/9750/overview/samsunspor
9752,Trabzonspor,trabzonspor,https://www.fotmob.com/teams/9752/overview/trabzonspor
9753,1860 Munchen,1860-munchen,https://www.fotmob.com/teams/9753/overview/1860-munchen
9754,Hapoel Beer Sheva,hapoel-beer-sheva,https://www.fotmob.com/teams/9754/overview/hapoel-beer-sheva
9755,Hapoel Petah Tikva,hapoel-petah-tikva,https://www.fotmob.com/teams/9755/overview/hapoel-petah-tikva
9756,Jef United Chiba,jef-united-chiba,https://www.fotmob.com/teams/9756/overview/jef-united-chiba
9757,Sportfreunde Siegen,sportfreunde-siegen,https://www.fotmob.com/teams/9757/overview/sportfreunde-siegen
9758,East Fife,east-fife,https://www.fotmob.com/teams/9758/overview/east-fife
9760,Cska Moscow,cska-moscow,https://www.fotmob.com/teams/9760/overview/cska-moscow
9761,Nac Breda,nac-breda,https://www.fotmob.com/teams/9761/overview/nac-breda
9762,Chile,chile,https://www.fotmob.com/teams/9762/overview/chile
9763,Dinamo Moscow,dinamo-moscow,https://www.fotmob.com/teams/9763/overview/dinamo-moscow
9764,Gil Vicente,gil-vicente,https://www.fotmob.com/teams/9764/overview/gil-vicente
9765,Portimonense,portimonense,https://www.fotmob.com/teams/9765/overview/portimonense
9767,Coritiba,coritiba,https://www.fotmob.com/teams/9767/overview/coritiba
9768,Sporting Cp,sporting-cp,https://www.fotmob.com/teams/9768/overview/sporting-cp
9769,Gremio,gremio,https://www.fotmob.com/teams/9769/overview/gremio
9770,Flamengo,flamengo,https://www.fotmob.com/teams/9770/overview/flamengo
9771,Uniao De Leiria,uniao-de-leiria,https://www.fotmob.com/teams/9771/overview/uniao-de-leiria
9772,Benfica,benfica,https://www.fotmob.com/teams/9772/overview/benfica
9773,Fc Porto,fc-porto,https://www.fotmob.com/teams/9773/overview/fc-porto
9774,Chaves,chaves,https://www.fotmob.com/teams/9774/overview/chaves
9775,Vfl Osnabruck,vfl-osnabruck,https://www.fotmob.com/teams/9775/overview/vfl-osnabruck
9776,Eintracht Braunschweig,eintracht-braunschweig,https://www.fotmob.com/teams/9776/overview/eintracht-braunschweig
9777,Servette,servette,https://www.fotmob.com/teams/9777/overview/servette
9780,Alverca,alverca,https://www.fotmob.com/teams/9780/overview/alverca
9781,Cruzeiro,cruzeiro,https://www.fotmob.com/teams/9781/overview/cruzeiro
9783,Deportivo Coruna,deportivo-coruna,https://www.fotmob.com/teams/9783/overview/deportivo-coruna
9784,Crewe Alexandra,crewe-alexandra,https://www.fotmob.com/teams/9784/overview/crewe-alexandra
9785,Oldham Athletic,oldham-athletic,https://www.fotmob.com/teams/9785/overview/oldham-athletic
9786,Chesterfield,chesterfield,https://www.fotmob.com/teams/9786/overview/chesterfield
9788,Borussia Monchengladbach,borussia-monchengladbach,https://www.fotmob.com/teams/9788/overview/borussia-monchengladbach
9789,Borussia Dortmund,borussia-dortmund,https://www.fotmob.com/teams/9789/overview/borussia-dortmund
9790,Hamburger Sv,hamburger-sv,https://www.fotmob.com/teams/9790/overview/hamburger-sv
9791,Heracles,heracles,https://www.fotmob.com/teams/9791/overview/heracles
9792,Burton Albion,burton-albion,https://www.fotmob.com/teams/9792/overview/burton-albion
9794,Ebbsfleet United,ebbsfleet-united,https://www.fotmob.com/teams/9794/overview/ebbsfleet-united
9795,Swindon Town,swindon-town,https://www.fotmob.com/teams/9795/overview/swindon-town
9796,Huddersfield Town,huddersfield-town,https://www.fotmob.com/teams/9796/overview/huddersfield-town
9797,Chester Fc,chester-fc,https://www.fotmob.com/teams/9797/overview/chester-fc
9798,Reading,reading,https://www.fotmob.com/teams/9798/overview/reading
9799,Port Vale,port-vale,https://www.fotmob.com/teams/9799/overview/port-vale
9800,St Mirren,st-mirren,https://www.fotmob.com/teams/9800/overview/st-mirren
9801,Byasen,byasen,https://www.fotmob.com/teams/9801/overview/byasen
9802,Djurgarden,djurgarden,https://www.fotmob.com/teams/9802/overview/djurgarden
9803,Roda Jc Kerkrade,roda-jc-kerkrade,https://www.fotmob.com/teams/9803/overview/roda-jc-kerkrade
9804,Torino,torino,https://www.fotmob.com/teams/9804/overview/torino
9805,Ab,ab,https://www.fotmob.com/teams/9805/overview/ab
9808,Corinthians,corinthians,https://www.fotmob.com/teams/9808/overview/corinthians
9810,Eintracht Frankfurt,eintracht-frankfurt,https://www.fotmob.com/teams/9810/overview/eintracht-frankfurt
9812,Raufoss,raufoss,https://www.fotmob.com/teams/9812/overview/raufoss
9813,Eintracht Frankfurt Ii,eintracht-frankfurt-ii,https://www.fotmob.com/teams/9813/overview/eintracht-frankfurt-ii
9814,Ac Horsens,ac-horsens,https://www.fotmob.com/teams/9814/overview/ac-horsens
9815,Drobakfrogn,drobakfrogn,https://www.fotmob.com/teams/9815/overview/drobakfrogn
9817,Watford,watford,https://www.fotmob.com/teams/9817/overview/watford
9818,Mansfield Town,mansfield-town,https://www.fotmob.com/teams/9818/overview/mansfield-town
9819,Notts County,notts-county,https://www.fotmob.com/teams/9819/overview/notts-county
9821,Fc Roskilde,fc-roskilde,https://www.fotmob.com/teams/9821/overview/fc-roskilde
9823,Bayern Munchen,bayern-munchen,https://www.fotmob.com/teams/9823/overview/bayern-munchen
9824,Fc Vaduz,fc-vaduz,https://www.fotmob.com/teams/9824/overview/fc-vaduz
9825,Arsenal,arsenal,https://www.fotmob.com/teams/9825/overview/arsenal
9826,Crystal Palace,crystal-palace,https://www.fotmob.com/teams/9826/overview/crystal-palace
9828,Forest Green Rovers,forest-green-rovers,https://www.fotmob.com/teams/9828/overview/forest-green-rovers
9829,Monaco,monaco,https://www.fotmob.com/teams/9829/overview/monaco
9830,Nantes,nantes,https://www.fotmob.com/teams/9830/overview/nantes
9831,Nice,nice,https://www.fotmob.com/teams/9831/overview/nice
9832,Albinoleffe,albinoleffe,https://www.fotmob.com/teams/9832/overview/albinoleffe
9833,Exeter City,exeter-city,https://www.fotmob.com/teams/9833/overview/exeter-city
9834,Cambridge United,cambridge-united,https://www.fotmob.com/teams/9834/overview/cambridge-united
9835,Fc Den Bosch,fc-den-bosch,https://www.fotmob.com/teams/9835/overview/fc-den-bosch
9836,Dijon,dijon,https://www.fotmob.com/teams/9836/overview/dijon
9837,Reims,reims,https://www.fotmob.com/teams/9837/overview/reims
9838,Mvv Maastricht,mvv-maastricht,https://www.fotmob.com/teams/9838/overview/mvv-maastricht
9839,Vvv Venlo,vvv-venlo,https://www.fotmob.com/teams/9839/overview/vvv-venlo
9841,Wrexham,wrexham,https://www.fotmob.com/teams/9841/overview/wrexham
9843,Fc Helsingor,fc-helsingor,https://www.fotmob.com/teams/9843/overview/fc-helsingor
9844,Stabaek 2,stabaek-2,https://www.fotmob.com/teams/9844/overview/stabaek-2
9845,Odds Ballklubb 2,odds-ballklubb-2,https://www.fotmob.com/teams/9845/overview/odds-ballklubb-2
9847,Paris Saint Germain,paris-saint-germain,https://www.fotmob.com/teams/9847/overview/paris-saint-germain
9848,Strasbourg,strasbourg,https://www.fotmob.com/teams/9848/overview/strasbourg
9849,Arezzo,arezzo,https://www.fotmob.com/teams/9849/overview/arezzo
9850,Norwich City,norwich-city,https://www.fotmob.com/teams/9850/overview/norwich-city
9851,Rennes,rennes,https://www.fotmob.com/teams/9851/overview/rennes
9852,Sc Toulon,sc-toulon,https://www.fotmob.com/teams/9852/overview/sc-toulon
9853,Saint Etienne,saint-etienne,https://www.fotmob.com/teams/9853/overview/saint-etienne
9854,Chateauroux,chateauroux,https://www.fotmob.com/teams/9854/overview/chateauroux
9855,Grenoble,grenoble,https://www.fotmob.com/teams/9855/overview/grenoble
9857,Bologna,bologna,https://www.fotmob.com/teams/9857/overview/bologna
9859,Helsingborg,helsingborg,https://www.fotmob.com/teams/9859/overview/helsingborg
9860,Heart Midlothian,heart-midlothian,https://www.fotmob.com/teams/9860/overview/heart-midlothian
9861,Hjk,hjk,https://www.fotmob.com/teams/9861/overview/hjk
9862,Goias,goias,https://www.fotmob.com/teams/9862/overview/goias
9863,Fluminense,fluminense,https://www.fotmob.com/teams/9863/overview/fluminense
9864,Malaga,malaga,https://www.fotmob.com/teams/9864/overview/malaga
9865,Almeria,almeria,https://www.fotmob.com/teams/9865/overview/almeria
9866,Deportivo Alaves,deportivo-alaves,https://www.fotmob.com/teams/9866/overview/deportivo-alaves
9867,Tenerife,tenerife,https://www.fotmob.com/teams/9867/overview/tenerife
9868,Xerez,xerez,https://www.fotmob.com/teams/9868/overview/xerez
9869,Sporting Gijon,sporting-gijon,https://www.fotmob.com/teams/9869/overview/sporting-gijon
9872,Triestina,triestina,https://www.fotmob.com/teams/9872/overview/triestina
9873,Valenciennes,valenciennes,https://www.fotmob.com/teams/9873/overview/valenciennes
9874,Sochaux,sochaux,https://www.fotmob.com/teams/9874/overview/sochaux
9875,Napoli,napoli,https://www.fotmob.com/teams/9875/overview/napoli
9876,Hellas Verona,hellas-verona,https://www.fotmob.com/teams/9876/overview/hellas-verona
9879,Fulham,fulham,https://www.fotmob.com/teams/9879/overview/fulham
9882,Sampdoria,sampdoria,https://www.fotmob.com/teams/9882/overview/sampdoria
9883,Juventud De Las Piedras,juventud-de-las-piedras,https://www.fotmob.com/teams/9883/overview/juventud-de-las-piedras
9884,Crotone,crotone,https://www.fotmob.com/teams/9884/overview/crotone
9885,Juventus,juventus,https://www.fotmob.com/teams/9885/overview/juventus
9886,Rimini,rimini,https://www.fotmob.com/teams/9886/overview/rimini
9887,Modena,modena,https://www.fotmob.com/teams/9887/overview/modena
9888,Lecce,lecce,https://www.fotmob.com/teams/9888/overview/lecce
9889,Mantova,mantova,https://www.fotmob.com/teams/9889/overview/mantova
9891,Frosinone,frosinone,https://www.fotmob.com/teams/9891/overview/frosinone
9892,Kalmar Ff,kalmar-ff,https://www.fotmob.com/teams/9892/overview/kalmar-ff
9893,Ifk Goteborg,ifk-goteborg,https://www.fotmob.com/teams/9893/overview/ifk-goteborg
9894,Worksop Town,worksop-town,https://www.fotmob.com/teams/9894/overview/worksop-town
9895,Bury,bury,https://www.fotmob.com/teams/9895/overview/bury
9896,Shrewsbury Town,shrewsbury-town,https://www.fotmob.com/teams/9896/overview/shrewsbury-town
9899,Zemplin Michalovce,zemplin-michalovce,https://www.fotmob.com/teams/9899/overview/zemplin-michalovce
9900,Slovan Bratislava B,slovan-bratislava-b,https://www.fotmob.com/teams/9900/overview/slovan-bratislava-b
9901,1860 Muenchen Ii,1860-muenchen-ii,https://www.fotmob.com/teams/9901/overview/1860-muenchen-ii
9902,Ipswich Town,ipswich-town,https://www.fotmob.com/teams/9902/overview/ipswich-town
9903,Doncaster Rovers,doncaster-rovers,https://www.fotmob.com/teams/9903/overview/doncaster-rovers
9904,Hannover 96,hannover-96,https://www.fotmob.com/teams/9904/overview/hannover-96
9905,Mainz 05,mainz-05,https://www.fotmob.com/teams/9905/overview/mainz-05
9906,Atletico Madrid,atletico-madrid,https://www.fotmob.com/teams/9906/overview/atletico-madrid
9907,Lyngby,lyngby,https://www.fotmob.com/teams/9907/overview/lyngby
9908,Fc Utrecht,fc-utrecht,https://www.fotmob.com/teams/9908/overview/fc-utrecht
9910,Celta Vigo,celta-vigo,https://www.fotmob.com/teams/9910/overview/celta-vigo
9911,Bochum,bochum,https://www.fotmob.com/teams/9911/overview/bochum
9912,Arminia Bielefeld,arminia-bielefeld,https://www.fotmob.com/teams/9912/overview/arminia-bielefeld
9913,Ayr United,ayr-united,https://www.fotmob.com/teams/9913/overview/ayr-united
9914,Elgin City,elgin-city,https://www.fotmob.com/teams/9914/overview/elgin-city
9915,Altrincham,altrincham,https://www.fotmob.com/teams/9915/overview/altrincham
9916,York City,york-city,https://www.fotmob.com/teams/9916/overview/york-city
9917,Molde,molde,https://www.fotmob.com/teams/9917/overview/molde
9918,Stabaek,stabaek,https://www.fotmob.com/teams/9918/overview/stabaek
9919,Start,start,https://www.fotmob.com/teams/9919/overview/start
9920,Santa Cruz,santa-cruz,https://www.fotmob.com/teams/9920/overview/santa-cruz
9923,Hednesford,hednesford,https://www.fotmob.com/teams/9923/overview/hednesford
9924,Queen South,queen-south,https://www.fotmob.com/teams/9924/overview/queen-south
9925,Celtic,celtic,https://www.fotmob.com/teams/9925/overview/celtic
9926,Stranraer,stranraer,https://www.fotmob.com/teams/9926/overview/stranraer
9927,Motherwell,motherwell,https://www.fotmob.com/teams/9927/overview/motherwell
9929,Notodden,notodden,https://www.fotmob.com/teams/9929/overview/notodden
9930,Aarau,aarau,https://www.fotmob.com/teams/9930/overview/aarau
9931,Basel,basel,https://www.fotmob.com/teams/9931/overview/basel
9932,Cd Marathon,cd-marathon,https://www.fotmob.com/teams/9932/overview/cd-marathon
9933,Csd Municipal,csd-municipal,https://www.fotmob.com/teams/9933/overview/csd-municipal
9934,Deportivo Marquense,deportivo-marquense,https://www.fotmob.com/teams/9934/overview/deportivo-marquense
9935,Puntarenas Fc,puntarenas-fc,https://www.fotmob.com/teams/9935/overview/puntarenas-fc
9937,Brentford,brentford,https://www.fotmob.com/teams/9937/overview/brentford
9938,Dundee United,dundee-united,https://www.fotmob.com/teams/9938/overview/dundee-united
9939,Viborg,viborg,https://www.fotmob.com/teams/9939/overview/viborg
9940,Hillerod,hillerod,https://www.fotmob.com/teams/9940/overview/hillerod
9941,Toulouse,toulouse,https://www.fotmob.com/teams/9941/overview/toulouse
9946,Thisted,thisted,https://www.fotmob.com/teams/9946/overview/thisted
9950,Hobro,hobro,https://www.fotmob.com/teams/9950/overview/hobro
9952,Skive,skive,https://www.fotmob.com/teams/9952/overview/skive
9956,Grasshopper,grasshopper,https://www.fotmob.com/teams/9956/overview/grasshopper
9959,Vanlose If,vanlose-if,https://www.fotmob.com/teams/9959/overview/vanlose-if
9965,Allerod Fk,allerod-fk,https://www.fotmob.com/teams/9965/overview/allerod-fk
9968,Herlev,herlev,https://www.fotmob.com/teams/9968/overview/herlev
9969,Middelfart,middelfart,https://www.fotmob.com/teams/9969/overview/middelfart
9970,Norresundby,norresundby,https://www.fotmob.com/teams/9970/overview/norresundby
9977,Lask,lask,https://www.fotmob.com/teams/9977/overview/lask
9979,Kapfenberger Sv,kapfenberger-sv,https://www.fotmob.com/teams/9979/overview/kapfenberger-sv
9982,Austria Lustenau,austria-lustenau,https://www.fotmob.com/teams/9982/overview/austria-lustenau
9984,Cercle Brugge,cercle-brugge,https://www.fotmob.com/teams/9984/overview/cercle-brugge
9985,Standard Liege,standard-liege,https://www.fotmob.com/teams/9985/overview/standard-liege
9986,Sporting Charleroi,sporting-charleroi,https://www.fotmob.com/teams/9986/overview/sporting-charleroi
9987,Genk,genk,https://www.fotmob.com/teams/9987/overview/genk
9988,Royal Antwerp,royal-antwerp,https://www.fotmob.com/teams/9988/overview/royal-antwerp
9991,Gent,gent,https://www.fotmob.com/teams/9991/overview/gent
9997,Sttruiden,sttruiden,https://www.fotmob.com/teams/9997/overview/sttruiden
10000,Zulte Waregem,zulte-waregem,https://www.fotmob.com/teams/10000/overview/zulte-waregem
10001,Westerlo,westerlo,https://www.fotmob.com/teams/10001/overview/westerlo
10002,Orgryte,orgryte,https://www.fotmob.com/teams/10002/overview/orgryte
10003,Swansea City,swansea-city,https://www.fotmob.com/teams/10003/overview/swansea-city
10004,Millwall,millwall,https://www.fotmob.com/teams/10004/overview/millwall
10005,Grimsby Town,grimsby-town,https://www.fotmob.com/teams/10005/overview/grimsby-town
10006,Walsall,walsall,https://www.fotmob.com/teams/10006/overview/walsall
10007,Stockport County,stockport-county,https://www.fotmob.com/teams/10007/overview/stockport-county
10008,Altach,altach,https://www.fotmob.com/teams/10008/overview/altach
10010,Fc Wacker Innsbruck,fc-wacker-innsbruck,https://www.fotmob.com/teams/10010/overview/fc-wacker-innsbruck
10011,Austria Wien,austria-wien,https://www.fotmob.com/teams/10011/overview/austria-wien
10012,Grazer Ak,grazer-ak,https://www.fotmob.com/teams/10012/overview/grazer-ak
10013,Salzburg,salzburg,https://www.fotmob.com/teams/10013/overview/salzburg
10014,Sturm Graz,sturm-graz,https://www.fotmob.com/teams/10014/overview/sturm-graz
10015,Rapid Wien,rapid-wien,https://www.fotmob.com/teams/10015/overview/rapid-wien
10016,Orn Horten,orn-horten,https://www.fotmob.com/teams/10016/overview/orn-horten
10017,Ried,ried,https://www.fotmob.com/teams/10017/overview/ried
10018,Viking 2,viking-2,https://www.fotmob.com/teams/10018/overview/viking-2
10021,Asane,asane,https://www.fotmob.com/teams/10021/overview/asane
10022,Strindheim,strindheim,https://www.fotmob.com/teams/10022/overview/strindheim
10024,Albania,albania,https://www.fotmob.com/teams/10024/overview/albania
10027,Fc Dinamo City,fc-dinamo-city,https://www.fotmob.com/teams/10027/overview/fc-dinamo-city
10028,Partizani,partizani,https://www.fotmob.com/teams/10028/overview/partizani
10029,Kf Tirana,kf-tirana,https://www.fotmob.com/teams/10029/overview/kf-tirana
10031,Laci,laci,https://www.fotmob.com/teams/10031/overview/laci
10033,Skenderbeu,skenderbeu,https://www.fotmob.com/teams/10033/overview/skenderbeu
10034,Vllaznia,vllaznia,https://www.fotmob.com/teams/10034/overview/vllaznia
10037,Teuta Durres,teuta-durres,https://www.fotmob.com/teams/10037/overview/teuta-durres
10038,Elbasani,elbasani,https://www.fotmob.com/teams/10038/overview/elbasani
10039,Egnatia,egnatia,https://www.fotmob.com/teams/10039/overview/egnatia
10045,Andorra,andorra,https://www.fotmob.com/teams/10045/overview/andorra
10053,Admira Wacker,admira-wacker,https://www.fotmob.com/teams/10053/overview/admira-wacker
10056,Hartberg,hartberg,https://www.fotmob.com/teams/10056/overview/hartberg
10057,Belarus,belarus,https://www.fotmob.com/teams/10057/overview/belarus
10058,Dinamo Minsk,dinamo-minsk,https://www.fotmob.com/teams/10058/overview/dinamo-minsk
10060,Gomel,gomel,https://www.fotmob.com/teams/10060/overview/gomel
10061,Neman Grodno,neman-grodno,https://www.fotmob.com/teams/10061/overview/neman-grodno
10063,Bate Borisov,bate-borisov,https://www.fotmob.com/teams/10063/overview/bate-borisov
10064,Belshina Bobruisk,belshina-bobruisk,https://www.fotmob.com/teams/10064/overview/belshina-bobruisk
10065,Dynamo Brest,dynamo-brest,https://www.fotmob.com/teams/10065/overview/dynamo-brest
10067,Dnyapro Mogilev,dnyapro-mogilev,https://www.fotmob.com/teams/10067/overview/dnyapro-mogilev
10070,Slavia Mozyr,slavia-mozyr,https://www.fotmob.com/teams/10070/overview/slavia-mozyr
10071,Naftan Novopolotsk,naftan-novopolotsk,https://www.fotmob.com/teams/10071/overview/naftan-novopolotsk
10072,Torpedo Zhodino,torpedo-zhodino,https://www.fotmob.com/teams/10072/overview/torpedo-zhodino
10075,Fk Vitebsk,fk-vitebsk,https://www.fotmob.com/teams/10075/overview/fk-vitebsk
10076,River Plate,river-plate,https://www.fotmob.com/teams/10076/overview/river-plate
10077,Boca Juniors,boca-juniors,https://www.fotmob.com/teams/10077/overview/boca-juniors
10078,Independiente,independiente,https://www.fotmob.com/teams/10078/overview/independiente
10079,Velez Sarsfield,velez-sarsfield,https://www.fotmob.com/teams/10079/overview/velez-sarsfield
10080,Racing Club,racing-club,https://www.fotmob.com/teams/10080/overview/racing-club
10081,Huracan,huracan,https://www.fotmob.com/teams/10081/overview/huracan
10082,Lanus,lanus,https://www.fotmob.com/teams/10082/overview/lanus
10083,San Lorenzo,san-lorenzo,https://www.fotmob.com/teams/10083/overview/san-lorenzo
10084,Rosario Central,rosario-central,https://www.fotmob.com/teams/10084/overview/rosario-central
10085,Atletico Rafaela,atletico-rafaela,https://www.fotmob.com/teams/10085/overview/atletico-rafaela
10086,Argentinos Juniors,argentinos-juniors,https://www.fotmob.com/teams/10086/overview/argentinos-juniors
10087,Banfield,banfield,https://www.fotmob.com/teams/10087/overview/banfield
10088,Colon,colon,https://www.fotmob.com/teams/10088/overview/colon
10089,Club Atletico Platense,club-atletico-platense,https://www.fotmob.com/teams/10089/overview/club-atletico-platense
10090,Instituto,instituto,https://www.fotmob.com/teams/10090/overview/instituto
10091,Nueva Chicago,nueva-chicago,https://www.fotmob.com/teams/10091/overview/nueva-chicago
10092,Belgrano,belgrano,https://www.fotmob.com/teams/10092/overview/belgrano
10093,Chacarita Juniors,chacarita-juniors,https://www.fotmob.com/teams/10093/overview/chacarita-juniors
10094,Estudiantes,estudiantes,https://www.fotmob.com/teams/10094/overview/estudiantes
10095,Gimnasia Jujuy,gimnasia-jujuy,https://www.fotmob.com/teams/10095/overview/gimnasia-jujuy
10096,Union,union,https://www.fotmob.com/teams/10096/overview/union
10097,Los Andes,los-andes,https://www.fotmob.com/teams/10097/overview/los-andes
10098,Arsenal Sarandi,arsenal-sarandi,https://www.fotmob.com/teams/10098/overview/arsenal-sarandi
10099,Almagro,almagro,https://www.fotmob.com/teams/10099/overview/almagro
10100,Olimpo,olimpo,https://www.fotmob.com/teams/10100/overview/olimpo
10101,Talleres,talleres,https://www.fotmob.com/teams/10101/overview/talleres
10103,Gimnasia Lp,gimnasia-lp,https://www.fotmob.com/teams/10103/overview/gimnasia-lp
10104,Bristol Rovers,bristol-rovers,https://www.fotmob.com/teams/10104/overview/bristol-rovers
10105,Fk Sarajevo,fk-sarajevo,https://www.fotmob.com/teams/10105/overview/fk-sarajevo
10106,Bosnia Herzegovina,bosnia-herzegovina,https://www.fotmob.com/teams/10106/overview/bosnia-herzegovina
10107,Zrinjski Mostar,zrinjski-mostar,https://www.fotmob.com/teams/10107/overview/zrinjski-mostar
10108,Zeljeznicar,zeljeznicar,https://www.fotmob.com/teams/10108/overview/zeljeznicar
10109,Celik Zenica,celik-zenica,https://www.fotmob.com/teams/10109/overview/celik-zenica
10112,Siroki Brijeg,siroki-brijeg,https://www.fotmob.com/teams/10112/overview/siroki-brijeg
10116,Borac Banja Luka,borac-banja-luka,https://www.fotmob.com/teams/10116/overview/borac-banja-luka
10122,Fk Velez Mostar,fk-velez-mostar,https://www.fotmob.com/teams/10122/overview/fk-velez-mostar
10124,Radnik Bijeljina,radnik-bijeljina,https://www.fotmob.com/teams/10124/overview/radnik-bijeljina
10126,Beroe,beroe,https://www.fotmob.com/teams/10126/overview/beroe
10128,Pfc Lokomotiv Sofia 1929,pfc-lokomotiv-sofia-1929,https://www.fotmob.com/teams/10128/overview/pfc-lokomotiv-sofia-1929
10129,Lokomotiv Plovdiv,lokomotiv-plovdiv,https://www.fotmob.com/teams/10129/overview/lokomotiv-plovdiv
10131,Botev Plovdiv,botev-plovdiv,https://www.fotmob.com/teams/10131/overview/botev-plovdiv
10134,Slavia Sofia,slavia-sofia,https://www.fotmob.com/teams/10134/overview/slavia-sofia
10135,Etar,etar,https://www.fotmob.com/teams/10135/overview/etar
10137,Spartak Pleven,spartak-pleven,https://www.fotmob.com/teams/10137/overview/spartak-pleven
10139,Marek Dupnitsa,marek-dupnitsa,https://www.fotmob.com/teams/10139/overview/marek-dupnitsa
10140,Dobrudzha Dobrich,dobrudzha-dobrich,https://www.fotmob.com/teams/10140/overview/dobrudzha-dobrich
10141,Cherno More Varna,cherno-more-varna,https://www.fotmob.com/teams/10141/overview/cherno-more-varna
10143,Hebar,hebar,https://www.fotmob.com/teams/10143/overview/hebar
10144,Cska Sofia,cska-sofia,https://www.fotmob.com/teams/10144/overview/cska-sofia
10145,Spartak Varna,spartak-varna,https://www.fotmob.com/teams/10145/overview/spartak-varna
10147,Rilski Sportist,rilski-sportist,https://www.fotmob.com/teams/10147/overview/rilski-sportist
10148,Vihren Sandanski,vihren-sandanski,https://www.fotmob.com/teams/10148/overview/vihren-sandanski
10149,Nesebar,nesebar,https://www.fotmob.com/teams/10149/overview/nesebar
10150,Bulgaria,bulgaria,https://www.fotmob.com/teams/10150/overview/bulgaria
10154,Hajduk Split,hajduk-split,https://www.fotmob.com/teams/10154/overview/hajduk-split
10155,Croatia,croatia,https://www.fotmob.com/teams/10155/overview/croatia
10156,Dinamo Zagreb,dinamo-zagreb,https://www.fotmob.com/teams/10156/overview/dinamo-zagreb
10157,Osijek,osijek,https://www.fotmob.com/teams/10157/overview/osijek
10162,Rijeka,rijeka,https://www.fotmob.com/teams/10162/overview/rijeka
10163,Sheffield Wednesday,sheffield-wednesday,https://www.fotmob.com/teams/10163/overview/sheffield-wednesday
10164,Sydney Fc,sydney-fc,https://www.fotmob.com/teams/10164/overview/sydney-fc
10165,Nk Varazdin,nk-varazdin,https://www.fotmob.com/teams/10165/overview/nk-varazdin
10167,Parma,parma,https://www.fotmob.com/teams/10167/overview/parma
10168,Catanzaro,catanzaro,https://www.fotmob.com/teams/10168/overview/catanzaro
10170,Derby County,derby-county,https://www.fotmob.com/teams/10170/overview/derby-county
10171,Como,como,https://www.fotmob.com/teams/10171/overview/como
10172,Queens Park Rangers,queens-park-rangers,https://www.fotmob.com/teams/10172/overview/queens-park-rangers
10173,Gillingham,gillingham,https://www.fotmob.com/teams/10173/overview/gillingham
10174,St Albans,st-albans,https://www.fotmob.com/teams/10174/overview/st-albans
10175,Wil,wil,https://www.fotmob.com/teams/10175/overview/wil
10178,Istres,istres,https://www.fotmob.com/teams/10178/overview/istres
10179,Sion,sion,https://www.fotmob.com/teams/10179/overview/sion
10180,Mlada Boleslav,mlada-boleslav,https://www.fotmob.com/teams/10180/overview/mlada-boleslav
10181,Hapoel Tel Aviv,hapoel-tel-aviv,https://www.fotmob.com/teams/10181/overview/hapoel-tel-aviv
10182,Kayserispor,kayserispor,https://www.fotmob.com/teams/10182/overview/kayserispor
10184,Fc Petrzalka 1898,fc-petrzalka-1898,https://www.fotmob.com/teams/10184/overview/fc-petrzalka-1898
10185,Maccabi Haifa,maccabi-haifa,https://www.fotmob.com/teams/10185/overview/maccabi-haifa
10186,Ruzomberok,ruzomberok,https://www.fotmob.com/teams/10186/overview/ruzomberok
10187,Atromitos,atromitos,https://www.fotmob.com/teams/10187/overview/atromitos
10188,Besiktas,besiktas,https://www.fotmob.com/teams/10188/overview/besiktas
10189,Schalke 04,schalke-04,https://www.fotmob.com/teams/10189/overview/schalke-04
10190,St Gallen,st-gallen,https://www.fotmob.com/teams/10190/overview/st-gallen
10191,Thun,thun,https://www.fotmob.com/teams/10191/overview/thun
10192,Young Boys,young-boys,https://www.fotmob.com/teams/10192/overview/young-boys
10193,Torquay United,torquay-united,https://www.fotmob.com/teams/10193/overview/torquay-united
10194,Stoke City,stoke-city,https://www.fotmob.com/teams/10194/overview/stoke-city
10195,Fc Halifax Town,fc-halifax-town,https://www.fotmob.com/teams/10195/overview/fc-halifax-town
10196,Carlisle United,carlisle-united,https://www.fotmob.com/teams/10196/overview/carlisle-united
10197,Southport,southport,https://www.fotmob.com/teams/10197/overview/southport
10198,Yeovil Town,yeovil-town,https://www.fotmob.com/teams/10198/overview/yeovil-town
10199,Luzern,luzern,https://www.fotmob.com/teams/10199/overview/luzern
10200,Panathinaikos,panathinaikos,https://www.fotmob.com/teams/10200/overview/panathinaikos
10201,Newells Old Boys,newells-old-boys,https://www.fotmob.com/teams/10201/overview/newells-old-boys
10202,Nordsjaelland,nordsjaelland,https://www.fotmob.com/teams/10202/overview/nordsjaelland
10203,Nottingham Forest,nottingham-forest,https://www.fotmob.com/teams/10203/overview/nottingham-forest
10204,Brighton Hove Albion,brighton-hove-albion,https://www.fotmob.com/teams/10204/overview/brighton-hove-albion
10205,Villarreal,villarreal,https://www.fotmob.com/teams/10205/overview/villarreal
10206,Fortuna Hjorring,fortuna-hjorring,https://www.fotmob.com/teams/10206/overview/fortuna-hjorring
10210,Skjold,skjold,https://www.fotmob.com/teams/10210/overview/skjold
10212,Maritimo,maritimo,https://www.fotmob.com/teams/10212/overview/maritimo
10214,Nacional,nacional,https://www.fotmob.com/teams/10214/overview/nacional
10215,Academica,academica,https://www.fotmob.com/teams/10215/overview/academica
10217,Ado Den Haag,ado-den-haag,https://www.fotmob.com/teams/10217/overview/ado-den-haag
10218,Excelsior,excelsior,https://www.fotmob.com/teams/10218/overview/excelsior
10219,Rkc Waalwijk,rkc-waalwijk,https://www.fotmob.com/teams/10219/overview/rkc-waalwijk
10224,Lyn,lyn,https://www.fotmob.com/teams/10224/overview/lyn
10225,Assyriska Ff,assyriska-ff,https://www.fotmob.com/teams/10225/overview/assyriska-ff
10226,Quilmes,quilmes,https://www.fotmob.com/teams/10226/overview/quilmes
10227,Godoy Cruz,godoy-cruz,https://www.fotmob.com/teams/10227/overview/godoy-cruz
10228,Sc Heerenveen,sc-heerenveen,https://www.fotmob.com/teams/10228/overview/sc-heerenveen
10229,Az Alkmaar,az-alkmaar,https://www.fotmob.com/teams/10229/overview/az-alkmaar
10232,Ullkisa,ullkisa,https://www.fotmob.com/teams/10232/overview/ullkisa
10233,Genoa,genoa,https://www.fotmob.com/teams/10233/overview/genoa
10234,Avarta,avarta,https://www.fotmob.com/teams/10234/overview/avarta
10235,Feyenoord,feyenoord,https://www.fotmob.com/teams/10235/overview/feyenoord
10237,Malmo Ff,malmo-ff,https://www.fotmob.com/teams/10237/overview/malmo-ff
10240,Hvidovre,hvidovre,https://www.fotmob.com/teams/10240/overview/hvidovre
10242,Troyes,troyes,https://www.fotmob.com/teams/10242/overview/troyes
10243,Fc Zurich,fc-zurich,https://www.fotmob.com/teams/10243/overview/fc-zurich
10245,Slovan Liberec,slovan-liberec,https://www.fotmob.com/teams/10245/overview/slovan-liberec
10247,Sparta Prague,sparta-prague,https://www.fotmob.com/teams/10247/overview/sparta-prague
10248,Austria Wien Ii,austria-wien-ii,https://www.fotmob.com/teams/10248/overview/austria-wien-ii
10249,Montpellier,montpellier,https://www.fotmob.com/teams/10249/overview/montpellier
10250,Raith Rovers,raith-rovers,https://www.fotmob.com/teams/10250/overview/raith-rovers
10251,Hibernian,hibernian,https://www.fotmob.com/teams/10251/overview/hibernian
10252,Aston Villa,aston-villa,https://www.fotmob.com/teams/10252/overview/aston-villa
10253,Stevenage,stevenage,https://www.fotmob.com/teams/10253/overview/stevenage
10254,Tamworth,tamworth,https://www.fotmob.com/teams/10254/overview/tamworth
10255,Egypt,egypt,https://www.fotmob.com/teams/10255/overview/egypt
10257,Rosenborg 2,rosenborg-2,https://www.fotmob.com/teams/10257/overview/rosenborg-2
10259,Northern Ireland,northern-ireland,https://www.fotmob.com/teams/10259/overview/northern-ireland
10260,Manchester United,manchester-united,https://www.fotmob.com/teams/10260/overview/manchester-united
10261,Newcastle United,newcastle-united,https://www.fotmob.com/teams/10261/overview/newcastle-united
10262,Newport County,newport-county,https://www.fotmob.com/teams/10262/overview/newport-county
10264,Braga,braga,https://www.fotmob.com/teams/10264/overview/braga
10265,Wisa Krakow,wisa-krakow,https://www.fotmob.com/teams/10265/overview/wisa-krakow
10267,Valencia,valencia,https://www.fotmob.com/teams/10267/overview/valencia
10268,Elche,elche,https://www.fotmob.com/teams/10268/overview/elche
10269,Vfb Stuttgart,vfb-stuttgart,https://www.fotmob.com/teams/10269/overview/vfb-stuttgart
10270,Bursaspor,bursaspor,https://www.fotmob.com/teams/10270/overview/bursaspor
10271,Dinamo Bucuresti,dinamo-bucuresti,https://www.fotmob.com/teams/10271/overview/dinamo-bucuresti
10272,Atletico Mg,atletico-mg,https://www.fotmob.com/teams/10272/overview/atletico-mg
10273,Athletico Paranaense,athletico-paranaense,https://www.fotmob.com/teams/10273/overview/athletico-paranaense
10274,Juventude,juventude,https://www.fotmob.com/teams/10274/overview/juventude
10276,Vasco Da Gama,vasco-da-gama,https://www.fotmob.com/teams/10276/overview/vasco-da-gama
10277,Sao Paulo,sao-paulo,https://www.fotmob.com/teams/10277/overview/sao-paulo
10278,Hercules,hercules,https://www.fotmob.com/teams/10278/overview/hercules
10279,Castellon,castellon,https://www.fotmob.com/teams/10279/overview/castellon
10280,America De Cali,america-de-cali,https://www.fotmob.com/teams/10280/overview/america-de-cali
10281,Real Valladolid,real-valladolid,https://www.fotmob.com/teams/10281/overview/real-valladolid
10283,Palmeiras,palmeiras,https://www.fotmob.com/teams/10283/overview/palmeiras
10284,Kidderminster Harriers,kidderminster-harriers,https://www.fotmob.com/teams/10284/overview/kidderminster-harriers
45655,Es Setif,es-setif,https://www.fotmob.com/teams/45655/overview/es-setif
45720,Gyirmot,gyirmot,https://www.fotmob.com/teams/45720/overview/gyirmot
45722,Leatherhead,leatherhead,https://www.fotmob.com/teams/45722/overview/leatherhead
45723,Fleetwood Town,fleetwood-town,https://www.fotmob.com/teams/45723/overview/fleetwood-town
45724,Chelmsford,chelmsford,https://www.fotmob.com/teams/45724/overview/chelmsford
45725,Maidenhead United,maidenhead-united,https://www.fotmob.com/teams/45725/overview/maidenhead-united
45729,Bromley,bromley,https://www.fotmob.com/teams/45729/overview/bromley
45731,Kings Lynn Town,kings-lynn-town,https://www.fotmob.com/teams/45731/overview/kings-lynn-town
45807,Basingstoke,basingstoke,https://www.fotmob.com/teams/45807/overview/basingstoke
46036,Annan Athletic,annan-athletic,https://www.fotmob.com/teams/46036/overview/annan-athletic
46038,Jeonbuk Hyundai Motors Fc,jeonbuk-hyundai-motors-fc,https://www.fotmob.com/teams/46038/overview/jeonbuk-hyundai-motors-fc
46474,Dunav Ruse,dunav-ruse,https://www.fotmob.com/teams/46474/overview/dunav-ruse
46475,Montana,montana,https://www.fotmob.com/teams/46475/overview/montana
46571,Fc Midtjylland,fc-midtjylland,https://www.fotmob.com/teams/46571/overview/fc-midtjylland
46837,Dynamo Briansk,dynamo-briansk,https://www.fotmob.com/teams/46837/overview/dynamo-briansk
46904,Skedsmo,skedsmo,https://www.fotmob.com/teams/46904/overview/skedsmo
46909,Heming,heming,https://www.fotmob.com/teams/46909/overview/heming
46917,Djerv 1919,djerv-1919,https://www.fotmob.com/teams/46917/overview/djerv-1919
46922,Ranheim 2,ranheim-2,https://www.fotmob.com/teams/46922/overview/ranheim-2
47205,Voltigeurs De Chateaubriant,voltigeurs-de-chateaubriant,https://www.fotmob.com/teams/47205/overview/voltigeurs-de-chateaubriant
47207,Concarneau,concarneau,https://www.fotmob.com/teams/47207/overview/concarneau
47211,Orleans,orleans,https://www.fotmob.com/teams/47211/overview/orleans
47214,Dunkerque,dunkerque,https://www.fotmob.com/teams/47214/overview/dunkerque
47240,Internacional De Bogota,internacional-de-bogota,https://www.fotmob.com/teams/47240/overview/internacional-de-bogota
47387,America Rn,america-rn,https://www.fotmob.com/teams/47387/overview/america-rn
47403,Brattvag,brattvag,https://www.fotmob.com/teams/47403/overview/brattvag
47535,Mafra,mafra,https://www.fotmob.com/teams/47535/overview/mafra
47541,Trinec,trinec,https://www.fotmob.com/teams/47541/overview/trinec
49437,Montenegro,montenegro,https://www.fotmob.com/teams/49437/overview/montenegro
49559,Nublense,nublense,https://www.fotmob.com/teams/49559/overview/nublense
49577,Tpv,tpv,https://www.fotmob.com/teams/49577/overview/tpv
49615,Yokohama Fc,yokohama-fc,https://www.fotmob.com/teams/49615/overview/yokohama-fc
49678,Blooming,blooming,https://www.fotmob.com/teams/49678/overview/blooming
49681,Carabobo Fc,carabobo-fc,https://www.fotmob.com/teams/49681/overview/carabobo-fc
49682,Portuguesa Fc,portuguesa-fc,https://www.fotmob.com/teams/49682/overview/portuguesa-fc
49683,Monagas Sc,monagas-sc,https://www.fotmob.com/teams/49683/overview/monagas-sc
49685,Trujillanos Fc,trujillanos-fc,https://www.fotmob.com/teams/49685/overview/trujillanos-fc
49686,Zamora Fc,zamora-fc,https://www.fotmob.com/teams/49686/overview/zamora-fc
49687,Luqueno,luqueno,https://www.fotmob.com/teams/49687/overview/luqueno
49688,2 De Mayo,2-de-mayo,https://www.fotmob.com/teams/49688/overview/2-de-mayo
49689,Nacional,nacional,https://www.fotmob.com/teams/49689/overview/nacional
49693,Avangard Kursk,avangard-kursk,https://www.fotmob.com/teams/49693/overview/avangard-kursk
49694,Baltika,baltika,https://www.fotmob.com/teams/49694/overview/baltika
49695,Kamaz,kamaz,https://www.fotmob.com/teams/49695/overview/kamaz
49696,Mashuk Kmv,mashuk-kmv,https://www.fotmob.com/teams/49696/overview/mashuk-kmv
49698,Nosta,nosta,https://www.fotmob.com/teams/49698/overview/nosta
49700,Ska Khabarovsk,ska-khabarovsk,https://www.fotmob.com/teams/49700/overview/ska-khabarovsk
49705,Tekstilshchik,tekstilshchik,https://www.fotmob.com/teams/49705/overview/tekstilshchik
49706,Ural,ural,https://www.fotmob.com/teams/49706/overview/ural
49720,Aurora,aurora,https://www.fotmob.com/teams/49720/overview/aurora
49726,Club Sport Herediano,club-sport-herediano,https://www.fotmob.com/teams/49726/overview/club-sport-herediano
49728,Deportiva San Carlos,deportiva-san-carlos,https://www.fotmob.com/teams/49728/overview/deportiva-san-carlos
49730,Municipal Perez Zeledon,municipal-perez-zeledon,https://www.fotmob.com/teams/49730/overview/municipal-perez-zeledon
49732,Cs Cartagines,cs-cartagines,https://www.fotmob.com/teams/49732/overview/cs-cartagines
49739,Cd Aguila,cd-aguila,https://www.fotmob.com/teams/49739/overview/cd-aguila
49740,Alianza Fc,alianza-fc,https://www.fotmob.com/teams/49740/overview/alianza-fc
49742,Cd Fas,cd-fas,https://www.fotmob.com/teams/49742/overview/cd-fas
49744,Firpo,firpo,https://www.fotmob.com/teams/49744/overview/firpo
49746,Isidro Metapan,isidro-metapan,https://www.fotmob.com/teams/49746/overview/isidro-metapan
49756,Cd Suchitepequez,cd-suchitepequez,https://www.fotmob.com/teams/49756/overview/cd-suchitepequez
49758,Club Xelaju,club-xelaju,https://www.fotmob.com/teams/49758/overview/club-xelaju
49761,Comunicaciones Fc,comunicaciones-fc,https://www.fotmob.com/teams/49761/overview/comunicaciones-fc
49777,Platense Fc,platense-fc,https://www.fotmob.com/teams/49777/overview/platense-fc
49783,Real Espana,real-espana,https://www.fotmob.com/teams/49783/overview/real-espana
49785,Fc Motagua,fc-motagua,https://www.fotmob.com/teams/49785/overview/fc-motagua
51442,Henan Fc,henan-fc,https://www.fotmob.com/teams/51442/overview/henan-fc
51443,Zhejiang Professional,zhejiang-professional,https://www.fotmob.com/teams/51443/overview/zhejiang-professional
56453,Toronto Fc,toronto-fc,https://www.fotmob.com/teams/56453/overview/toronto-fc
56865,Fc Minsk,fc-minsk,https://www.fotmob.com/teams/56865/overview/fc-minsk
57112,Faroe Islands U21,faroe-islands-u21,https://www.fotmob.com/teams/57112/overview/faroe-islands-u21
57115,Liechtenstein U21,liechtenstein-u21,https://www.fotmob.com/teams/57115/overview/liechtenstein-u21
57118,Montenegro U21,montenegro-u21,https://www.fotmob.com/teams/57118/overview/montenegro-u21
59844,Sportivo Trinidense,sportivo-trinidense,https://www.fotmob.com/teams/59844/overview/sportivo-trinidense
59854,Ab Argir,ab-argir,https://www.fotmob.com/teams/59854/overview/ab-argir
62337,Wexford Fc,wexford-fc,https://www.fotmob.com/teams/62337/overview/wexford-fc
67293,Grei Kvinner Elite,grei-kvinner-elite,https://www.fotmob.com/teams/67293/overview/grei-kvinner-elite
67316,Austria U20,austria-u20,https://www.fotmob.com/teams/67316/overview/austria-u20
67317,Congo U20,congo-u20,https://www.fotmob.com/teams/67317/overview/congo-u20
67318,Uruguay U20,uruguay-u20,https://www.fotmob.com/teams/67318/overview/uruguay-u20
67319,Jordan U20,jordan-u20,https://www.fotmob.com/teams/67319/overview/jordan-u20
67320,Zambia U20,zambia-u20,https://www.fotmob.com/teams/67320/overview/zambia-u20
67321,New Zealand U20,new-zealand-u20,https://www.fotmob.com/teams/67321/overview/new-zealand-u20
67322,Gambia U20,gambia-u20,https://www.fotmob.com/teams/67322/overview/gambia-u20
67323,Poland U20,poland-u20,https://www.fotmob.com/teams/67323/overview/poland-u20
67324,North Korea U20,north-korea-u20,https://www.fotmob.com/teams/67324/overview/north-korea-u20
67325,Scotland U20,scotland-u20,https://www.fotmob.com/teams/67325/overview/scotland-u20
67326,Costa Rica U20,costa-rica-u20,https://www.fotmob.com/teams/67326/overview/costa-rica-u20
67366,Lion City Sailors Fc,lion-city-sailors-fc,https://www.fotmob.com/teams/67366/overview/lion-city-sailors-fc
67377,Fc Jurong,fc-jurong,https://www.fotmob.com/teams/67377/overview/fc-jurong
67378,Balestier Khalsa Fc,balestier-khalsa-fc,https://www.fotmob.com/teams/67378/overview/balestier-khalsa-fc
67380,Geylang International Fc,geylang-international-fc,https://www.fotmob.com/teams/67380/overview/geylang-international-fc
67381,Young Lions,young-lions,https://www.fotmob.com/teams/67381/overview/young-lions
67383,Hougang United Fc,hougang-united-fc,https://www.fotmob.com/teams/67383/overview/hougang-united-fc
67386,Tampines Rovers Fc,tampines-rovers-fc,https://www.fotmob.com/teams/67386/overview/tampines-rovers-fc
68374,Mauritania,mauritania,https://www.fotmob.com/teams/68374/overview/mauritania
73158,Utsiktens Bk,utsiktens-bk,https://www.fotmob.com/teams/73158/overview/utsiktens-bk
73596,Bahamas,bahamas,https://www.fotmob.com/teams/73596/overview/bahamas
74659,France U17,france-u17,https://www.fotmob.com/teams/74659/overview/france-u17
74660,Ukraine U17,ukraine-u17,https://www.fotmob.com/teams/74660/overview/ukraine-u17
74661,Iceland U17,iceland-u17,https://www.fotmob.com/teams/74661/overview/iceland-u17
74870,Argentina,argentina,https://www.fotmob.com/teams/74870/overview/argentina
74872,North Korea,north-korea,https://www.fotmob.com/teams/74872/overview/north-korea
74873,Canada,canada,https://www.fotmob.com/teams/74873/overview/canada
74875,Ghana,ghana,https://www.fotmob.com/teams/74875/overview/ghana
74876,New Zealand,new-zealand,https://www.fotmob.com/teams/74876/overview/new-zealand
77755,Bangor,bangor,https://www.fotmob.com/teams/77755/overview/bangor
78773,Ghana U20,ghana-u20,https://www.fotmob.com/teams/78773/overview/ghana-u20
78785,Wellington Phoenix,wellington-phoenix,https://www.fotmob.com/teams/78785/overview/wellington-phoenix
78786,Togo U17,togo-u17,https://www.fotmob.com/teams/78786/overview/togo-u17
78787,New Zealand U17,new-zealand-u17,https://www.fotmob.com/teams/78787/overview/new-zealand-u17
78788,Honduras U17,honduras-u17,https://www.fotmob.com/teams/78788/overview/honduras-u17
78789,Argentina U17,argentina-u17,https://www.fotmob.com/teams/78789/overview/argentina-u17
78790,Syria U17,syria-u17,https://www.fotmob.com/teams/78790/overview/syria-u17
78791,Nigeria U17,nigeria-u17,https://www.fotmob.com/teams/78791/overview/nigeria-u17
78792,Japan U17,japan-u17,https://www.fotmob.com/teams/78792/overview/japan-u17
78793,Haiti U17,haiti-u17,https://www.fotmob.com/teams/78793/overview/haiti-u17
78794,Tunisia U17,tunisia-u17,https://www.fotmob.com/teams/78794/overview/tunisia-u17
78795,Tajikistan U17,tajikistan-u17,https://www.fotmob.com/teams/78795/overview/tajikistan-u17
78796,Trinidad Tobago U17,trinidad-tobago-u17,https://www.fotmob.com/teams/78796/overview/trinidad-tobago-u17
78797,Colombia U17,colombia-u17,https://www.fotmob.com/teams/78797/overview/colombia-u17
79904,Meppen,meppen,https://www.fotmob.com/teams/79904/overview/meppen
79905,Oldenburg,oldenburg,https://www.fotmob.com/teams/79905/overview/oldenburg
80460,Russia U19,russia-u19,https://www.fotmob.com/teams/80460/overview/russia-u19
80591,Zamalek Sc,zamalek-sc,https://www.fotmob.com/teams/80591/overview/zamalek-sc
80619,Sw Bregenz,sw-bregenz,https://www.fotmob.com/teams/80619/overview/sw-bregenz
80654,Asteras Tripolis,asteras-tripolis,https://www.fotmob.com/teams/80654/overview/asteras-tripolis
88516,Lippstadt,lippstadt,https://www.fotmob.com/teams/88516/overview/lippstadt
88517,Suwon Samsung Bluewings,suwon-samsung-bluewings,https://www.fotmob.com/teams/88517/overview/suwon-samsung-bluewings
88584,Fc Yenisey Krasnoyarsk,fc-yenisey-krasnoyarsk,https://www.fotmob.com/teams/88584/overview/fc-yenisey-krasnoyarsk
88610,Ishoj If,ishoj-if,https://www.fotmob.com/teams/88610/overview/ishoj-if
88616,Gvi,gvi,https://www.fotmob.com/teams/88616/overview/gvi
88617,Ledoje Smorum Fodbold,ledoje-smorum-fodbold,https://www.fotmob.com/teams/88617/overview/ledoje-smorum-fodbold
88657,Dukla Praha,dukla-praha,https://www.fotmob.com/teams/88657/overview/dukla-praha
88747,Kolding If,kolding-if,https://www.fotmob.com/teams/88747/overview/kolding-if
88748,Asa Aarhus,asa-aarhus,https://www.fotmob.com/teams/88748/overview/asa-aarhus
88811,Doxa Katokopia,doxa-katokopia,https://www.fotmob.com/teams/88811/overview/doxa-katokopia
88885,Fsv Frankfurt,fsv-frankfurt,https://www.fotmob.com/teams/88885/overview/fsv-frankfurt
88998,Sorrento,sorrento,https://www.fotmob.com/teams/88998/overview/sorrento
89022,Universitatea Cluj,universitatea-cluj,https://www.fotmob.com/teams/89022/overview/universitatea-cluj
89334,Fc Normannia Gmund,fc-normannia-gmund,https://www.fotmob.com/teams/89334/overview/fc-normannia-gmund
89337,Tsg Neustrelitz,tsg-neustrelitz,https://www.fotmob.com/teams/89337/overview/tsg-neustrelitz
89338,Tsv Havelse,tsv-havelse,https://www.fotmob.com/teams/89338/overview/tsv-havelse
89339,Wormatia Worms,wormatia-worms,https://www.fotmob.com/teams/89339/overview/wormatia-worms
89340,Victoria Hamburg,victoria-hamburg,https://www.fotmob.com/teams/89340/overview/victoria-hamburg
89395,San Martin San Juan,san-martin-san-juan,https://www.fotmob.com/teams/89395/overview/san-martin-san-juan
89396,Tigre,tigre,https://www.fotmob.com/teams/89396/overview/tigre
89465,Gks Jastrzebie,gks-jastrzebie,https://www.fotmob.com/teams/89465/overview/gks-jastrzebie
89466,Motor Lublin,motor-lublin,https://www.fotmob.com/teams/89466/overview/motor-lublin
89467,Warta Poznan,warta-poznan,https://www.fotmob.com/teams/89467/overview/warta-poznan
89469,Znicz Pruszkow,znicz-pruszkow,https://www.fotmob.com/teams/89469/overview/znicz-pruszkow
89512,Fk Bokelj,fk-bokelj,https://www.fotmob.com/teams/89512/overview/fk-bokelj
89674,Deportivo Malacateco,deportivo-malacateco,https://www.fotmob.com/teams/89674/overview/deportivo-malacateco
89753,Hapoel Ramat Gan,hapoel-ramat-gan,https://www.fotmob.com/teams/89753/overview/hapoel-ramat-gan
91431,Sevilla Atletico,sevilla-atletico,https://www.fotmob.com/teams/91431/overview/sevilla-atletico
91781,Madla,madla,https://www.fotmob.com/teams/91781/overview/madla
91802,Gjellerasen,gjellerasen,https://www.fotmob.com/teams/91802/overview/gjellerasen
92005,Asgardstrand,asgardstrand,https://www.fotmob.com/teams/92005/overview/asgardstrand
92171,Stabaek,stabaek,https://www.fotmob.com/teams/92171/overview/stabaek
92630,Fc Seoul,fc-seoul,https://www.fotmob.com/teams/92630/overview/fc-seoul
93057,Deportivo Miranda,deportivo-miranda,https://www.fotmob.com/teams/93057/overview/deportivo-miranda
93061,Estudiantes Merida,estudiantes-merida,https://www.fotmob.com/teams/93061/overview/estudiantes-merida
94925,Osnabruck Ii,osnabruck-ii,https://www.fotmob.com/teams/94925/overview/osnabruck-ii
94926,Eintracht Nordhorn,eintracht-nordhorn,https://www.fotmob.com/teams/94926/overview/eintracht-nordhorn
94927,Lubeck Ii,lubeck-ii,https://www.fotmob.com/teams/94927/overview/lubeck-ii
94929,Tus Heeslingen,tus-heeslingen,https://www.fotmob.com/teams/94929/overview/tus-heeslingen
94931,Altonaer Fc 93,altonaer-fc-93,https://www.fotmob.com/teams/94931/overview/altonaer-fc-93
94935,Freiberg,freiberg,https://www.fotmob.com/teams/94935/overview/freiberg
94937,Fc Heidenheim,fc-heidenheim,https://www.fotmob.com/teams/94937/overview/fc-heidenheim
94938,Fca Walldorf,fca-walldorf,https://www.fotmob.com/teams/94938/overview/fca-walldorf
94940,Hoffenheim Ii,hoffenheim-ii,https://www.fotmob.com/teams/94940/overview/hoffenheim-ii
94941,Sonnenhof Grossaspach,sonnenhof-grossaspach,https://www.fotmob.com/teams/94941/overview/sonnenhof-grossaspach
94943,Nurnberg Ii,nurnberg-ii,https://www.fotmob.com/teams/94943/overview/nurnberg-ii
94947,Greuther Furth Ii,greuther-furth-ii,https://www.fotmob.com/teams/94947/overview/greuther-furth-ii
94949,Spvgg Weiden,spvgg-weiden,https://www.fotmob.com/teams/94949/overview/spvgg-weiden
94950,Fc Memmingen,fc-memmingen,https://www.fotmob.com/teams/94950/overview/fc-memmingen
94953,Tsv Grossbardorf,tsv-grossbardorf,https://www.fotmob.com/teams/94953/overview/tsv-grossbardorf
94957,Spvgg Bayern Hof,spvgg-bayern-hof,https://www.fotmob.com/teams/94957/overview/spvgg-bayern-hof
94958,Eintracht Bamberg,eintracht-bamberg,https://www.fotmob.com/teams/94958/overview/eintracht-bamberg
94959,Sv Heimstetten,sv-heimstetten,https://www.fotmob.com/teams/94959/overview/sv-heimstetten
95026,Viktoria Aschaffenburg,viktoria-aschaffenburg,https://www.fotmob.com/teams/95026/overview/viktoria-aschaffenburg
95033,Ksv Baunatal,ksv-baunatal,https://www.fotmob.com/teams/95033/overview/ksv-baunatal
95035,Fsv Fernwald,fsv-fernwald,https://www.fotmob.com/teams/95035/overview/fsv-fernwald
95039,Bayern Alzenau,bayern-alzenau,https://www.fotmob.com/teams/95039/overview/bayern-alzenau
95043,Sw Essen,sw-essen,https://www.fotmob.com/teams/95043/overview/sw-essen
95045,Bergisch Gladbach,bergisch-gladbach,https://www.fotmob.com/teams/95045/overview/bergisch-gladbach
95047,Bonner Sc,bonner-sc,https://www.fotmob.com/teams/95047/overview/bonner-sc
95052,Fortuna Dusseldorf Ii,fortuna-dusseldorf-ii,https://www.fotmob.com/teams/95052/overview/fortuna-dusseldorf-ii
95102,Eintracht Rheine,eintracht-rheine,https://www.fotmob.com/teams/95102/overview/eintracht-rheine
95103,Sportfreunde Lotte,sportfreunde-lotte,https://www.fotmob.com/teams/95103/overview/sportfreunde-lotte
95105,Tsg Sprockhovel,tsg-sprockhovel,https://www.fotmob.com/teams/95105/overview/tsg-sprockhovel
95106,Sc Wiedenbruck,sc-wiedenbruck,https://www.fotmob.com/teams/95106/overview/sc-wiedenbruck
95108,Spvgg Erkenschwick,spvgg-erkenschwick,https://www.fotmob.com/teams/95108/overview/spvgg-erkenschwick
95109,Fv Engers,fv-engers,https://www.fotmob.com/teams/95109/overview/fv-engers
95110,Tus Mechtersheim,tus-mechtersheim,https://www.fotmob.com/teams/95110/overview/tus-mechtersheim
95189,Bfc Preussen,bfc-preussen,https://www.fotmob.com/teams/95189/overview/bfc-preussen
95190,Optik Rathenow,optik-rathenow,https://www.fotmob.com/teams/95190/overview/optik-rathenow
95192,Bfc Dynamo,bfc-dynamo,https://www.fotmob.com/teams/95192/overview/bfc-dynamo
95195,Greifswalder Fc,greifswalder-fc,https://www.fotmob.com/teams/95195/overview/greifswalder-fc
95196,Berliner Ak 07,berliner-ak-07,https://www.fotmob.com/teams/95196/overview/berliner-ak-07
95201,Vfb Auerbach,vfb-auerbach,https://www.fotmob.com/teams/95201/overview/vfb-auerbach
95202,Fsv Zwickau,fsv-zwickau,https://www.fotmob.com/teams/95202/overview/fsv-zwickau
95203,Budissa Bautzen,budissa-bautzen,https://www.fotmob.com/teams/95203/overview/budissa-bautzen
95204,Germania Halberstadt,germania-halberstadt,https://www.fotmob.com/teams/95204/overview/germania-halberstadt
95205,Fc Eilenburg,fc-eilenburg,https://www.fotmob.com/teams/95205/overview/fc-eilenburg
95209,Zfc Meuselwitz,zfc-meuselwitz,https://www.fotmob.com/teams/95209/overview/zfc-meuselwitz
95745,Pendikspor,pendikspor,https://www.fotmob.com/teams/95745/overview/pendikspor
95796,Afghanistan,afghanistan,https://www.fotmob.com/teams/95796/overview/afghanistan
95797,Bangladesh,bangladesh,https://www.fotmob.com/teams/95797/overview/bangladesh
95798,Guam,guam,https://www.fotmob.com/teams/95798/overview/guam
95799,Nepal,nepal,https://www.fotmob.com/teams/95799/overview/nepal
95800,Bhutan,bhutan,https://www.fotmob.com/teams/95800/overview/bhutan
95801,Timor Leste,timor-leste,https://www.fotmob.com/teams/95801/overview/timor-leste
95971,Mongolia,mongolia,https://www.fotmob.com/teams/95971/overview/mongolia
96498,Amed Sportif,amed-sportif,https://www.fotmob.com/teams/96498/overview/amed-sportif
96923,Utebo,utebo,https://www.fotmob.com/teams/96923/overview/utebo
96925,Sd Huesca,sd-huesca,https://www.fotmob.com/teams/96925/overview/sd-huesca
96927,Reus,reus,https://www.fotmob.com/teams/96927/overview/reus
96929,Coruxo Fc,coruxo-fc,https://www.fotmob.com/teams/96929/overview/coruxo-fc
96953,Francs Borains,francs-borains,https://www.fotmob.com/teams/96953/overview/francs-borains
98585,San Francisco Fc,san-francisco-fc,https://www.fotmob.com/teams/98585/overview/san-francisco-fc
101595,New Caledonia,new-caledonia,https://www.fotmob.com/teams/101595/overview/new-caledonia
101610,Persepolis,persepolis,https://www.fotmob.com/teams/101610/overview/persepolis
101611,Sepahan,sepahan,https://www.fotmob.com/teams/101611/overview/sepahan
101612,Malavan,malavan,https://www.fotmob.com/teams/101612/overview/malavan
101614,Esteghlal,esteghlal,https://www.fotmob.com/teams/101614/overview/esteghlal
101615,Saipa,saipa,https://www.fotmob.com/teams/101615/overview/saipa
101618,Zob Ahan,zob-ahan,https://www.fotmob.com/teams/101618/overview/zob-ahan
101619,Paykan,paykan,https://www.fotmob.com/teams/101619/overview/paykan
101622,Mes Kerman,mes-kerman,https://www.fotmob.com/teams/101622/overview/mes-kerman
101623,Fajr Sepasi,fajr-sepasi,https://www.fotmob.com/teams/101623/overview/fajr-sepasi
101624,Sanat Naft Abadan,sanat-naft-abadan,https://www.fotmob.com/teams/101624/overview/sanat-naft-abadan
101627,Damash,damash,https://www.fotmob.com/teams/101627/overview/damash
101628,Usm Alger,usm-alger,https://www.fotmob.com/teams/101628/overview/usm-alger
101629,Aso Chlef,aso-chlef,https://www.fotmob.com/teams/101629/overview/aso-chlef
101630,Js Kabylie,js-kabylie,https://www.fotmob.com/teams/101630/overview/js-kabylie
101633,Cr Belouizdad,cr-belouizdad,https://www.fotmob.com/teams/101633/overview/cr-belouizdad
101636,Mc Oran,mc-oran,https://www.fotmob.com/teams/101636/overview/mc-oran
101643,Al Najaf,al-najaf,https://www.fotmob.com/teams/101643/overview/al-najaf
101644,Al Minaa,al-minaa,https://www.fotmob.com/teams/101644/overview/al-minaa
101645,Karbalaa,karbalaa,https://www.fotmob.com/teams/101645/overview/karbalaa
101649,Erbil,erbil,https://www.fotmob.com/teams/101649/overview/erbil
101650,Duhok,duhok,https://www.fotmob.com/teams/101650/overview/duhok
101655,Al Shorta,al-shorta,https://www.fotmob.com/teams/101655/overview/al-shorta
101656,Al Quwa Al Jawiya,al-quwa-al-jawiya,https://www.fotmob.com/teams/101656/overview/al-quwa-al-jawiya
101659,Al Zawraa,al-zawraa,https://www.fotmob.com/teams/101659/overview/al-zawraa
101660,Al Talaba,al-talaba,https://www.fotmob.com/teams/101660/overview/al-talaba
101661,Al Naft,al-naft,https://www.fotmob.com/teams/101661/overview/al-naft
101662,Al Kahrabaa,al-kahrabaa,https://www.fotmob.com/teams/101662/overview/al-kahrabaa
101710,Al Nasr,al-nasr,https://www.fotmob.com/teams/101710/overview/al-nasr
101711,Al Arabi,al-arabi,https://www.fotmob.com/teams/101711/overview/al-arabi
101712,Al Jahra,al-jahra,https://www.fotmob.com/teams/101712/overview/al-jahra
101713,Kuwait Sc,kuwait-sc,https://www.fotmob.com/teams/101713/overview/kuwait-sc
101714,Al Qadsia,al-qadsia,https://www.fotmob.com/teams/101714/overview/al-qadsia
101716,Al Salmiyah,al-salmiyah,https://www.fotmob.com/teams/101716/overview/al-salmiyah
101717,Al Tadhamon,al-tadhamon,https://www.fotmob.com/teams/101717/overview/al-tadhamon
101718,Kazma,kazma,https://www.fotmob.com/teams/101718/overview/kazma
101745,Al Ahly Sc,al-ahly-sc,https://www.fotmob.com/teams/101745/overview/al-ahly-sc
101746,Ismaily Sc,ismaily-sc,https://www.fotmob.com/teams/101746/overview/ismaily-sc
101747,Talaea El Gaish,talaea-el-gaish,https://www.fotmob.com/teams/101747/overview/talaea-el-gaish
101752,Ghazl Al Mahalla,ghazl-al-mahalla,https://www.fotmob.com/teams/101752/overview/ghazl-al-mahalla
101754,Enppi,enppi,https://www.fotmob.com/teams/101754/overview/enppi
101757,Al Mokawloon Al Arab,al-mokawloon-al-arab,https://www.fotmob.com/teams/101757/overview/al-mokawloon-al-arab
101762,Al Masry Sc,al-masry-sc,https://www.fotmob.com/teams/101762/overview/al-masry-sc
101766,Al Ittihad Alexandria,al-ittihad-alexandria,https://www.fotmob.com/teams/101766/overview/al-ittihad-alexandria
101767,Haras El Hodoud,haras-el-hodoud,https://www.fotmob.com/teams/101767/overview/haras-el-hodoud
101895,Al Sadd,al-sadd,https://www.fotmob.com/teams/101895/overview/al-sadd
101897,Al Gharafa,al-gharafa,https://www.fotmob.com/teams/101897/overview/al-gharafa
101898,Al Rayyan,al-rayyan,https://www.fotmob.com/teams/101898/overview/al-rayyan
101899,Al Arabi,al-arabi,https://www.fotmob.com/teams/101899/overview/al-arabi
101900,Qatar Sc,qatar-sc,https://www.fotmob.com/teams/101900/overview/qatar-sc
101901,Al Wakrah,al-wakrah,https://www.fotmob.com/teams/101901/overview/al-wakrah
101904,Al Shamal,al-shamal,https://www.fotmob.com/teams/101904/overview/al-shamal
101905,Al Sailiya,al-sailiya,https://www.fotmob.com/teams/101905/overview/al-sailiya
101911,Al Hazem,al-hazem,https://www.fotmob.com/teams/101911/overview/al-hazem
101915,Al Ettifaq,al-ettifaq,https://www.fotmob.com/teams/101915/overview/al-ettifaq
101916,Al Shabab,al-shabab,https://www.fotmob.com/teams/101916/overview/al-shabab
101918,Al Nassr Fc,al-nassr-fc,https://www.fotmob.com/teams/101918/overview/al-nassr-fc
101919,Al Qadsiah,al-qadsiah,https://www.fotmob.com/teams/101919/overview/al-qadsiah
102016,Hearts Oak,hearts-oak,https://www.fotmob.com/teams/102016/overview/hearts-oak
102017,Ashanti Gold,ashanti-gold,https://www.fotmob.com/teams/102017/overview/ashanti-gold
102018,Asante Kotoko Sc,asante-kotoko-sc,https://www.fotmob.com/teams/102018/overview/asante-kotoko-sc
102019,Heart Lions,heart-lions,https://www.fotmob.com/teams/102019/overview/heart-lions
102027,All Blacks,all-blacks,https://www.fotmob.com/teams/102027/overview/all-blacks
102032,Codm Meknes,codm-meknes,https://www.fotmob.com/teams/102032/overview/codm-meknes
102033,Difaa El Jadida,difaa-el-jadida,https://www.fotmob.com/teams/102033/overview/difaa-el-jadida
102035,Far Rabat,far-rabat,https://www.fotmob.com/teams/102035/overview/far-rabat
102036,Fus Rabat,fus-rabat,https://www.fotmob.com/teams/102036/overview/fus-rabat
102037,Hassania Agadir,hassania-agadir,https://www.fotmob.com/teams/102037/overview/hassania-agadir
102040,Jsm Laayoune,jsm-laayoune,https://www.fotmob.com/teams/102040/overview/jsm-laayoune
102042,Kacm,kacm,https://www.fotmob.com/teams/102042/overview/kacm
102043,Mas Fes,mas-fes,https://www.fotmob.com/teams/102043/overview/mas-fes
102047,Olympic Club De Safi,olympic-club-de-safi,https://www.fotmob.com/teams/102047/overview/olympic-club-de-safi
102049,Raja Casablanca,raja-casablanca,https://www.fotmob.com/teams/102049/overview/raja-casablanca
102050,Wydad Casablanca,wydad-casablanca,https://www.fotmob.com/teams/102050/overview/wydad-casablanca
102052,Bayelsa United,bayelsa-united,https://www.fotmob.com/teams/102052/overview/bayelsa-united
102053,Bendel Insurance,bendel-insurance,https://www.fotmob.com/teams/102053/overview/bendel-insurance
102054,Enugu Rangers,enugu-rangers,https://www.fotmob.com/teams/102054/overview/enugu-rangers
102059,Kano Pillars,kano-pillars,https://www.fotmob.com/teams/102059/overview/kano-pillars
102060,Kwara United,kwara-united,https://www.fotmob.com/teams/102060/overview/kwara-united
102062,Nasarawa United,nasarawa-united,https://www.fotmob.com/teams/102062/overview/nasarawa-united
102063,Niger Tornadoes,niger-tornadoes,https://www.fotmob.com/teams/102063/overview/niger-tornadoes
102068,Wikki Tourist,wikki-tourist,https://www.fotmob.com/teams/102068/overview/wikki-tourist
102097,Lamontville Golden Arrows,lamontville-golden-arrows,https://www.fotmob.com/teams/102097/overview/lamontville-golden-arrows
102099,Siwelele,siwelele,https://www.fotmob.com/teams/102099/overview/siwelele
102100,Amazulu Fc,amazulu-fc,https://www.fotmob.com/teams/102100/overview/amazulu-fc
102101,Al Jazira,al-jazira,https://www.fotmob.com/teams/102101/overview/al-jazira
102102,Club Africain,club-africain,https://www.fotmob.com/teams/102102/overview/club-africain
102104,Olympique De Beja,olympique-de-beja,https://www.fotmob.com/teams/102104/overview/olympique-de-beja
102105,Avenir De La Marsa,avenir-de-la-marsa,https://www.fotmob.com/teams/102105/overview/avenir-de-la-marsa
102106,Cs Sfaxien,cs-sfaxien,https://www.fotmob.com/teams/102106/overview/cs-sfaxien
102107,Ca Bizertin,ca-bizertin,https://www.fotmob.com/teams/102107/overview/ca-bizertin
102109,Us Monastir,us-monastir,https://www.fotmob.com/teams/102109/overview/us-monastir
102111,Al Wasl,al-wasl,https://www.fotmob.com/teams/102111/overview/al-wasl
102112,Zarzis,zarzis,https://www.fotmob.com/teams/102112/overview/zarzis
102113,Hatta,hatta,https://www.fotmob.com/teams/102113/overview/hatta
102116,Stade Tunisien,stade-tunisien,https://www.fotmob.com/teams/102116/overview/stade-tunisien
102117,Al Ain,al-ain,https://www.fotmob.com/teams/102117/overview/al-ain
102118,Al Dhafra,al-dhafra,https://www.fotmob.com/teams/102118/overview/al-dhafra
102119,Shabab Al Ahli Dubai Fc,shabab-al-ahli-dubai-fc,https://www.fotmob.com/teams/102119/overview/shabab-al-ahli-dubai-fc
102122,Al Wahda,al-wahda,https://www.fotmob.com/teams/102122/overview/al-wahda
102123,Al Nasr Sc,al-nasr-sc,https://www.fotmob.com/teams/102123/overview/al-nasr-sc
102124,Sharjah Cultural Club,sharjah-cultural-club,https://www.fotmob.com/teams/102124/overview/sharjah-cultural-club
102141,Pakhtakor Tashkent,pakhtakor-tashkent,https://www.fotmob.com/teams/102141/overview/pakhtakor-tashkent
102142,Bunyodkor Tashkent,bunyodkor-tashkent,https://www.fotmob.com/teams/102142/overview/bunyodkor-tashkent
102144,Mashal Muborak,mashal-muborak,https://www.fotmob.com/teams/102144/overview/mashal-muborak
102145,Neftchi Fargona,neftchi-fargona,https://www.fotmob.com/teams/102145/overview/neftchi-fargona
102147,Qizilqum Zarafshon,qizilqum-zarafshon,https://www.fotmob.com/teams/102147/overview/qizilqum-zarafshon
102149,Dinamo Samarkand,dinamo-samarkand,https://www.fotmob.com/teams/102149/overview/dinamo-samarkand
102151,Andijon,andijon,https://www.fotmob.com/teams/102151/overview/andijon
102153,Nasaf Qarshi,nasaf-qarshi,https://www.fotmob.com/teams/102153/overview/nasaf-qarshi
102155,Navbahor Namangan,navbahor-namangan,https://www.fotmob.com/teams/102155/overview/navbahor-namangan
102158,Buxoro,buxoro,https://www.fotmob.com/teams/102158/overview/buxoro
102167,Lokomotiv Tashkent,lokomotiv-tashkent,https://www.fotmob.com/teams/102167/overview/lokomotiv-tashkent
102231,Bangkok United,bangkok-united,https://www.fotmob.com/teams/102231/overview/bangkok-united
102859,Gks Tychy,gks-tychy,https://www.fotmob.com/teams/102859/overview/gks-tychy
103017,Petrojet,petrojet,https://www.fotmob.com/teams/103017/overview/petrojet
103595,Humenne,humenne,https://www.fotmob.com/teams/103595/overview/humenne
103598,Dac 1904 Dunajska Streda,dac-1904-dunajska-streda,https://www.fotmob.com/teams/103598/overview/dac-1904-dunajska-streda
104815,Betim Ec,betim-ec,https://www.fotmob.com/teams/104815/overview/betim-ec
104821,Crb,crb,https://www.fotmob.com/teams/104821/overview/crb
104822,Avai Fc,avai-fc,https://www.fotmob.com/teams/104822/overview/avai-fc
104823,Ituano Fc,ituano-fc,https://www.fotmob.com/teams/104823/overview/ituano-fc
105552,Hampton Richmond,hampton-richmond,https://www.fotmob.com/teams/105552/overview/hampton-richmond
105553,Workington,workington,https://www.fotmob.com/teams/105553/overview/workington
105554,Horsham,horsham,https://www.fotmob.com/teams/105554/overview/horsham
106189,Artis Brno,artis-brno,https://www.fotmob.com/teams/106189/overview/artis-brno
106560,Istanbulspor,istanbulspor,https://www.fotmob.com/teams/106560/overview/istanbulspor
106975,Medeama Sc,medeama-sc,https://www.fotmob.com/teams/106975/overview/medeama-sc
107356,Sportist Svoge,sportist-svoge,https://www.fotmob.com/teams/107356/overview/sportist-svoge
107596,Marienlyst,marienlyst,https://www.fotmob.com/teams/107596/overview/marienlyst
108899,Le Poire Sur Vie,le-poire-sur-vie,https://www.fotmob.com/teams/108899/overview/le-poire-sur-vie
109373,Pohang Steelers,pohang-steelers,https://www.fotmob.com/teams/109373/overview/pohang-steelers
109374,Hcm City,hcm-city,https://www.fotmob.com/teams/109374/overview/hcm-city
109375,Nam Dinh,nam-dinh,https://www.fotmob.com/teams/109375/overview/nam-dinh
109377,Jeonnam Dragons,jeonnam-dragons,https://www.fotmob.com/teams/109377/overview/jeonnam-dragons
109378,Chonburi Fc,chonburi-fc,https://www.fotmob.com/teams/109378/overview/chonburi-fc
109705,Red Bull Bragantino,red-bull-bragantino,https://www.fotmob.com/teams/109705/overview/red-bull-bragantino
109706,Vila Nova,vila-nova,https://www.fotmob.com/teams/109706/overview/vila-nova
109708,Abc,abc,https://www.fotmob.com/teams/109708/overview/abc
111114,South Africa U21,south-africa-u21,https://www.fotmob.com/teams/111114/overview/south-africa-u21
111117,Madureira Rj,madureira-rj,https://www.fotmob.com/teams/111117/overview/madureira-rj
111120,Sollentuna Fk,sollentuna-fk,https://www.fotmob.com/teams/111120/overview/sollentuna-fk
111689,America Rj,america-rj,https://www.fotmob.com/teams/111689/overview/america-rj
112484,Nomme Jk Kalju,nomme-jk-kalju,https://www.fotmob.com/teams/112484/overview/nomme-jk-kalju
112688,Hokkaido Consadole Sapporo,hokkaido-consadole-sapporo,https://www.fotmob.com/teams/112688/overview/hokkaido-consadole-sapporo
113053,Universidad Catolica,universidad-catolica,https://www.fotmob.com/teams/113053/overview/universidad-catolica
113054,Tecnico Universitario,tecnico-universitario,https://www.fotmob.com/teams/113054/overview/tecnico-universitario
113055,Volga Ulyanovsk,volga-ulyanovsk,https://www.fotmob.com/teams/113055/overview/volga-ulyanovsk
113056,Dinamo Barnaul,dinamo-barnaul,https://www.fotmob.com/teams/113056/overview/dinamo-barnaul
114130,Selfoss,selfoss,https://www.fotmob.com/teams/114130/overview/selfoss
114830,Guabira,guabira,https://www.fotmob.com/teams/114830/overview/guabira
115128,Agmk,agmk,https://www.fotmob.com/teams/115128/overview/agmk
115129,Sogdiana,sogdiana,https://www.fotmob.com/teams/115129/overview/sogdiana
118614,Djerv,djerv,https://www.fotmob.com/teams/118614/overview/djerv
118629,Vestfossen,vestfossen,https://www.fotmob.com/teams/118629/overview/vestfossen
119139,Brodd,brodd,https://www.fotmob.com/teams/119139/overview/brodd
120231,Scotland U17,scotland-u17,https://www.fotmob.com/teams/120231/overview/scotland-u17
120233,Ireland U17,ireland-u17,https://www.fotmob.com/teams/120233/overview/ireland-u17
121274,Seychelles,seychelles,https://www.fotmob.com/teams/121274/overview/seychelles
121281,Niger,niger,https://www.fotmob.com/teams/121281/overview/niger
121282,Ethiopia,ethiopia,https://www.fotmob.com/teams/121282/overview/ethiopia
121284,Burundi,burundi,https://www.fotmob.com/teams/121284/overview/burundi
121285,Djibouti,djibouti,https://www.fotmob.com/teams/121285/overview/djibouti
121521,Asane,asane,https://www.fotmob.com/teams/121521/overview/asane
127408,Saint Lucia,saint-lucia,https://www.fotmob.com/teams/127408/overview/saint-lucia
127409,Belize,belize,https://www.fotmob.com/teams/127409/overview/belize
127410,Netherlands Antilles,netherlands-antilles,https://www.fotmob.com/teams/127410/overview/netherlands-antilles
127411,Suriname,suriname,https://www.fotmob.com/teams/127411/overview/suriname
127862,Ivory Coast U21,ivory-coast-u21,https://www.fotmob.com/teams/127862/overview/ivory-coast-u21
127863,Nigeria U21,nigeria-u21,https://www.fotmob.com/teams/127863/overview/nigeria-u21
127864,Usa U21,usa-u21,https://www.fotmob.com/teams/127864/overview/usa-u21
127865,Brazil U21,brazil-u21,https://www.fotmob.com/teams/127865/overview/brazil-u21
127866,China U21,china-u21,https://www.fotmob.com/teams/127866/overview/china-u21
127867,New Zealand U21,new-zealand-u21,https://www.fotmob.com/teams/127867/overview/new-zealand-u21
127868,Cameroon U21,cameroon-u21,https://www.fotmob.com/teams/127868/overview/cameroon-u21
127869,Honduras U21,honduras-u21,https://www.fotmob.com/teams/127869/overview/honduras-u21
129937,Quorn,quorn,https://www.fotmob.com/teams/129937/overview/quorn
130394,Seattle Sounders Fc,seattle-sounders-fc,https://www.fotmob.com/teams/130394/overview/seattle-sounders-fc
131122,Bulgaria U19,bulgaria-u19,https://www.fotmob.com/teams/131122/overview/bulgaria-u19
131123,Hungary U19,hungary-u19,https://www.fotmob.com/teams/131123/overview/hungary-u19
131398,Ukraine,ukraine,https://www.fotmob.com/teams/131398/overview/ukraine
131399,Scotland,scotland,https://www.fotmob.com/teams/131399/overview/scotland
131400,Portugal,portugal,https://www.fotmob.com/teams/131400/overview/portugal
131401,Slovakia,slovakia,https://www.fotmob.com/teams/131401/overview/slovakia
131537,Asa Aarhus,asa-aarhus,https://www.fotmob.com/teams/131537/overview/asa-aarhus
132286,Fc Orenburg,fc-orenburg,https://www.fotmob.com/teams/132286/overview/fc-orenburg
132289,Torpedo Vladimir,torpedo-vladimir,https://www.fotmob.com/teams/132289/overview/torpedo-vladimir
132717,Kecskemeti Te,kecskemeti-te,https://www.fotmob.com/teams/132717/overview/kecskemeti-te
133895,Incheon United,incheon-united,https://www.fotmob.com/teams/133895/overview/incheon-united
133896,Ulsan Hd Fc,ulsan-hd-fc,https://www.fotmob.com/teams/133896/overview/ulsan-hd-fc
133897,Daegu Fc,daegu-fc,https://www.fotmob.com/teams/133897/overview/daegu-fc
133898,Jeju Sk,jeju-sk,https://www.fotmob.com/teams/133898/overview/jeju-sk
133899,Gyeongnam Fc,gyeongnam-fc,https://www.fotmob.com/teams/133899/overview/gyeongnam-fc
133900,Daejeon Hana Citizen,daejeon-hana-citizen,https://www.fotmob.com/teams/133900/overview/daejeon-hana-citizen
133901,Gimcheon Sangmu,gimcheon-sangmu,https://www.fotmob.com/teams/133901/overview/gimcheon-sangmu
136492,Atletico Balboa,atletico-balboa,https://www.fotmob.com/teams/136492/overview/atletico-balboa
139914,Foolad Khuzestan,foolad-khuzestan,https://www.fotmob.com/teams/139914/overview/foolad-khuzestan
141667,Jezero,jezero,https://www.fotmob.com/teams/141667/overview/jezero
141784,Atletico Baleares,atletico-baleares,https://www.fotmob.com/teams/141784/overview/atletico-baleares
143833,Karvina,karvina,https://www.fotmob.com/teams/143833/overview/karvina
145007,Lr Vicenza,lr-vicenza,https://www.fotmob.com/teams/145007/overview/lr-vicenza
145016,Pontedera,pontedera,https://www.fotmob.com/teams/145016/overview/pontedera
145470,Hunfelder Sv,hunfelder-sv,https://www.fotmob.com/teams/145470/overview/hunfelder-sv
145473,Hessen Kassel Ii,hessen-kassel-ii,https://www.fotmob.com/teams/145473/overview/hessen-kassel-ii
145474,Eintracht Stadtallendorf,eintracht-stadtallendorf,https://www.fotmob.com/teams/145474/overview/eintracht-stadtallendorf
145477,Elversberg Ii,elversberg-ii,https://www.fotmob.com/teams/145477/overview/elversberg-ii
145483,Ingolstadt Ii,ingolstadt-ii,https://www.fotmob.com/teams/145483/overview/ingolstadt-ii
145484,Tsv Buchbach,tsv-buchbach,https://www.fotmob.com/teams/145484/overview/tsv-buchbach
145486,Wurzburger Kickers,wurzburger-kickers,https://www.fotmob.com/teams/145486/overview/wurzburger-kickers
145498,Tsg Balingen,tsg-balingen,https://www.fotmob.com/teams/145498/overview/tsg-balingen
145501,Fv Illertissen,fv-illertissen,https://www.fotmob.com/teams/145501/overview/fv-illertissen
145597,Lokomotive Leipzig,lokomotive-leipzig,https://www.fotmob.com/teams/145597/overview/lokomotive-leipzig
145598,Magdeburg Ii,magdeburg-ii,https://www.fotmob.com/teams/145598/overview/magdeburg-ii
145610,Arminia Hannover,arminia-hannover,https://www.fotmob.com/teams/145610/overview/arminia-hannover
145612,Vfv Hildesheim,vfv-hildesheim,https://www.fotmob.com/teams/145612/overview/vfv-hildesheim
145613,Sc Langenhagen,sc-langenhagen,https://www.fotmob.com/teams/145613/overview/sc-langenhagen
145626,Sv Drochtersenassel,sv-drochtersenassel,https://www.fotmob.com/teams/145626/overview/sv-drochtersenassel
145628,Goslarer Sc,goslarer-sc,https://www.fotmob.com/teams/145628/overview/goslarer-sc
145630,Fc Hansa Luneburg,fc-hansa-luneburg,https://www.fotmob.com/teams/145630/overview/fc-hansa-luneburg
145632,Eintracht Northeim,eintracht-northeim,https://www.fotmob.com/teams/145632/overview/eintracht-northeim
145634,Vsk Osterholz Scharmbeck,vsk-osterholz-scharmbeck,https://www.fotmob.com/teams/145634/overview/vsk-osterholz-scharmbeck
145635,Tsv Ottersberg,tsv-ottersberg,https://www.fotmob.com/teams/145635/overview/tsv-ottersberg
145637,Tus Guldenstern Stade,tus-guldenstern-stade,https://www.fotmob.com/teams/145637/overview/tus-guldenstern-stade
145638,Ssv Vorsfelde,ssv-vorsfelde,https://www.fotmob.com/teams/145638/overview/ssv-vorsfelde
145647,Eckernforder Sv,eckernforder-sv,https://www.fotmob.com/teams/145647/overview/eckernforder-sv
145649,Heider Sv,heider-sv,https://www.fotmob.com/teams/145649/overview/heider-sv
145655,Fc Kilia Kiel,fc-kilia-kiel,https://www.fotmob.com/teams/145655/overview/fc-kilia-kiel
145656,Holstein Kiel Ii,holstein-kiel-ii,https://www.fotmob.com/teams/145656/overview/holstein-kiel-ii
145696,Sg Aumund Vegesack,sg-aumund-vegesack,https://www.fotmob.com/teams/145696/overview/sg-aumund-vegesack
145698,Blumenthaler Sv,blumenthaler-sv,https://www.fotmob.com/teams/145698/overview/blumenthaler-sv
145699,Vatan Sport Bremen,vatan-sport-bremen,https://www.fotmob.com/teams/145699/overview/vatan-sport-bremen
145704,Werder Bremen Iii,werder-bremen-iii,https://www.fotmob.com/teams/145704/overview/werder-bremen-iii
145705,Bremer Sv,bremer-sv,https://www.fotmob.com/teams/145705/overview/bremer-sv
145706,Osc Bremerhaven,osc-bremerhaven,https://www.fotmob.com/teams/145706/overview/osc-bremerhaven
145707,Brinkumer Sv,brinkumer-sv,https://www.fotmob.com/teams/145707/overview/brinkumer-sv
145710,Tus Schwachhausen,tus-schwachhausen,https://www.fotmob.com/teams/145710/overview/tus-schwachhausen
145714,Tsv Buchholz,tsv-buchholz,https://www.fotmob.com/teams/145714/overview/tsv-buchholz
145718,Tsv Concordia,tsv-concordia,https://www.fotmob.com/teams/145718/overview/tsv-concordia
145722,Niendorfer Tsv,niendorfer-tsv,https://www.fotmob.com/teams/145722/overview/niendorfer-tsv
145723,Eintracht Norderstedt,eintracht-norderstedt,https://www.fotmob.com/teams/145723/overview/eintracht-norderstedt
145725,Uhlenhorster Sc Paloma,uhlenhorster-sc-paloma,https://www.fotmob.com/teams/145725/overview/uhlenhorster-sc-paloma
146371,San Martin De Tucuman,san-martin-de-tucuman,https://www.fotmob.com/teams/146371/overview/san-martin-de-tucuman
146408,Van Spor Kulubu,van-spor-kulubu,https://www.fotmob.com/teams/146408/overview/van-spor-kulubu
148967,Cerro Largo,cerro-largo,https://www.fotmob.com/teams/148967/overview/cerro-largo
149408,Rfc Seraing,rfc-seraing,https://www.fotmob.com/teams/149408/overview/rfc-seraing
149599,Durban City,durban-city,https://www.fotmob.com/teams/149599/overview/durban-city
149600,Polokwane City,polokwane-city,https://www.fotmob.com/teams/149600/overview/polokwane-city
149646,Kavala,kavala,https://www.fotmob.com/teams/149646/overview/kavala
149647,Anagennisi Karditsas,anagennisi-karditsas,https://www.fotmob.com/teams/149647/overview/anagennisi-karditsas
149993,Khorfakkan,khorfakkan,https://www.fotmob.com/teams/149993/overview/khorfakkan
149994,Ajman,ajman,https://www.fotmob.com/teams/149994/overview/ajman
150412,Al Shabab Sc,al-shabab-sc,https://www.fotmob.com/teams/150412/overview/al-shabab-sc
150414,Abha,abha,https://www.fotmob.com/teams/150414/overview/abha
150980,Gvvv Veenendaal,gvvv-veenendaal,https://www.fotmob.com/teams/150980/overview/gvvv-veenendaal
154186,Fc Gagra,fc-gagra,https://www.fotmob.com/teams/154186/overview/fc-gagra
154580,Warri Wolves Fc,warri-wolves-fc,https://www.fotmob.com/teams/154580/overview/warri-wolves-fc
154788,Asil Lysi,asil-lysi,https://www.fotmob.com/teams/154788/overview/asil-lysi
154791,Chalkanoras Idaliou,chalkanoras-idaliou,https://www.fotmob.com/teams/154791/overview/chalkanoras-idaliou
154792,Meap Nisou,meap-nisou,https://www.fotmob.com/teams/154792/overview/meap-nisou
154796,Paeek,paeek,https://www.fotmob.com/teams/154796/overview/paeek
154797,Po Achyronas Onisilos,po-achyronas-onisilos,https://www.fotmob.com/teams/154797/overview/po-achyronas-onisilos
154798,Omonia Aradippou,omonia-aradippou,https://www.fotmob.com/teams/154798/overview/omonia-aradippou
155166,Liptovsky Mikulas,liptovsky-mikulas,https://www.fotmob.com/teams/155166/overview/liptovsky-mikulas
156120,Tahiti U20,tahiti-u20,https://www.fotmob.com/teams/156120/overview/tahiti-u20
157007,Fc Silon Taborsko,fc-silon-taborsko,https://www.fotmob.com/teams/157007/overview/fc-silon-taborsko
158085,Arouca,arouca,https://www.fotmob.com/teams/158085/overview/arouca
158316,Sutton United,sutton-united,https://www.fotmob.com/teams/158316/overview/sutton-united
158317,Evesham United,evesham-united,https://www.fotmob.com/teams/158317/overview/evesham-united
158319,Afc Wimbledon,afc-wimbledon,https://www.fotmob.com/teams/158319/overview/afc-wimbledon
158320,Bury Town,bury-town,https://www.fotmob.com/teams/158320/overview/bury-town
158321,Brackley Town,brackley-town,https://www.fotmob.com/teams/158321/overview/brackley-town
158390,Curzon,curzon,https://www.fotmob.com/teams/158390/overview/curzon
158543,Leiston,leiston,https://www.fotmob.com/teams/158543/overview/leiston
159949,Berekum Chelsea,berekum-chelsea,https://www.fotmob.com/teams/159949/overview/berekum-chelsea
159979,Iceland,iceland,https://www.fotmob.com/teams/159979/overview/iceland
159980,Netherlands,netherlands,https://www.fotmob.com/teams/159980/overview/netherlands
160419,Sandecja Nowy Sacz,sandecja-nowy-sacz,https://www.fotmob.com/teams/160419/overview/sandecja-nowy-sacz
161195,Cf Montreal,cf-montreal,https://www.fotmob.com/teams/161195/overview/cf-montreal
161348,Kfum 2,kfum-2,https://www.fotmob.com/teams/161348/overview/kfum-2
161352,Holmlia,holmlia,https://www.fotmob.com/teams/161352/overview/holmlia
161353,Oppsal,oppsal,https://www.fotmob.com/teams/161353/overview/oppsal
161378,Bjarg,bjarg,https://www.fotmob.com/teams/161378/overview/bjarg
161381,Hinna Fk,hinna-fk,https://www.fotmob.com/teams/161381/overview/hinna-fk
161384,Melbo,melbo,https://www.fotmob.com/teams/161384/overview/melbo
161694,Villefranche Beaujolais,villefranche-beaujolais,https://www.fotmob.com/teams/161694/overview/villefranche-beaujolais
161698,Andrezieux Boutheon,andrezieux-boutheon,https://www.fotmob.com/teams/161698/overview/andrezieux-boutheon
161727,Atletico Tucuman,atletico-tucuman,https://www.fotmob.com/teams/161727/overview/atletico-tucuman
161728,Aldosivi,aldosivi,https://www.fotmob.com/teams/161728/overview/aldosivi
161729,Independiente Rivadavia,independiente-rivadavia,https://www.fotmob.com/teams/161729/overview/independiente-rivadavia
161730,Defensa Y Justicia,defensa-y-justicia,https://www.fotmob.com/teams/161730/overview/defensa-y-justicia
161732,All Boys,all-boys,https://www.fotmob.com/teams/161732/overview/all-boys
161733,Ferro Carril Oeste,ferro-carril-oeste,https://www.fotmob.com/teams/161733/overview/ferro-carril-oeste
161743,Celta Fortuna,celta-fortuna,https://www.fotmob.com/teams/161743/overview/celta-fortuna
161744,Real Sociedad B,real-sociedad-b,https://www.fotmob.com/teams/161744/overview/real-sociedad-b
161745,Rc Deportivo Fabril,rc-deportivo-fabril,https://www.fotmob.com/teams/161745/overview/rc-deportivo-fabril
161747,Rayo Cantabria,rayo-cantabria,https://www.fotmob.com/teams/161747/overview/rayo-cantabria
161748,Real Valladolid B,real-valladolid-b,https://www.fotmob.com/teams/161748/overview/real-valladolid-b
161750,Alcorcon,alcorcon,https://www.fotmob.com/teams/161750/overview/alcorcon
161758,Navalcarnero,navalcarnero,https://www.fotmob.com/teams/161758/overview/navalcarnero
161759,Atletico Madrileno,atletico-madrileno,https://www.fotmob.com/teams/161759/overview/atletico-madrileno
161760,Las Palmas B,las-palmas-b,https://www.fotmob.com/teams/161760/overview/las-palmas-b
161771,Villarreal B,villarreal-b,https://www.fotmob.com/teams/161771/overview/villarreal-b
161774,Barca Atletic,barca-atletic,https://www.fotmob.com/teams/161774/overview/barca-atletic
161777,Valencia B,valencia-b,https://www.fotmob.com/teams/161777/overview/valencia-b
161778,Osasuna B,osasuna-b,https://www.fotmob.com/teams/161778/overview/osasuna-b
161780,Betis Deportivo Balompie,betis-deportivo-balompie,https://www.fotmob.com/teams/161780/overview/betis-deportivo-balompie
161781,Marbella Fc,marbella-fc,https://www.fotmob.com/teams/161781/overview/marbella-fc
161782,Guadalajara,guadalajara,https://www.fotmob.com/teams/161782/overview/guadalajara
161800,Redditch United,redditch-united,https://www.fotmob.com/teams/161800/overview/redditch-united
161801,Solihull Moors,solihull-moors,https://www.fotmob.com/teams/161801/overview/solihull-moors
161802,Hyde United,hyde-united,https://www.fotmob.com/teams/161802/overview/hyde-united
161803,Eastleigh,eastleigh,https://www.fotmob.com/teams/161803/overview/eastleigh
161808,Tonbridge Angels,tonbridge-angels,https://www.fotmob.com/teams/161808/overview/tonbridge-angels
161809,Carshalton Athletic,carshalton-athletic,https://www.fotmob.com/teams/161809/overview/carshalton-athletic
161812,Wealdstone,wealdstone,https://www.fotmob.com/teams/161812/overview/wealdstone
161813,Dartford,dartford,https://www.fotmob.com/teams/161813/overview/dartford
161816,Marine,marine,https://www.fotmob.com/teams/161816/overview/marine
161818,Ashton United,ashton-united,https://www.fotmob.com/teams/161818/overview/ashton-united
161822,Fc United Manchester,fc-united-manchester,https://www.fotmob.com/teams/161822/overview/fc-united-manchester
161824,Buxton,buxton,https://www.fotmob.com/teams/161824/overview/buxton
161831,Hemel Hempstead,hemel-hempstead,https://www.fotmob.com/teams/161831/overview/hemel-hempstead
161833,Gloucester City,gloucester-city,https://www.fotmob.com/teams/161833/overview/gloucester-city
161834,Stourbridge,stourbridge,https://www.fotmob.com/teams/161834/overview/stourbridge
161836,Oxford City,oxford-city,https://www.fotmob.com/teams/161836/overview/oxford-city
161838,Hitchin Town,hitchin-town,https://www.fotmob.com/teams/161838/overview/hitchin-town
161839,Yate Town,yate-town,https://www.fotmob.com/teams/161839/overview/yate-town
161841,Banbury United,banbury-united,https://www.fotmob.com/teams/161841/overview/banbury-united
161849,Antequera,antequera,https://www.fotmob.com/teams/161849/overview/antequera
161850,Athletic Club B,athletic-club-b,https://www.fotmob.com/teams/161850/overview/athletic-club-b
162141,Pk Keski Uusimaa,pk-keski-uusimaa,https://www.fotmob.com/teams/162141/overview/pk-keski-uusimaa
162142,Eif,eif,https://www.fotmob.com/teams/162142/overview/eif
162146,Ilves,ilves,https://www.fotmob.com/teams/162146/overview/ilves
162150,Salpa,salpa,https://www.fotmob.com/teams/162150/overview/salpa
162162,Sjk,sjk,https://www.fotmob.com/teams/162162/overview/sjk
162164,Asa,asa,https://www.fotmob.com/teams/162164/overview/asa
162165,Brasil De Pelotas,brasil-de-pelotas,https://www.fotmob.com/teams/162165/overview/brasil-de-pelotas
162167,Confianca,confianca,https://www.fotmob.com/teams/162167/overview/confianca
162171,Luverdense,luverdense,https://www.fotmob.com/teams/162171/overview/luverdense
162172,Marcilio Dias,marcilio-dias,https://www.fotmob.com/teams/162172/overview/marcilio-dias
162173,Mixto,mixto,https://www.fotmob.com/teams/162173/overview/mixto
162176,Sampaio Correa,sampaio-correa,https://www.fotmob.com/teams/162176/overview/sampaio-correa
162177,Aguia De Maraba,aguia-de-maraba,https://www.fotmob.com/teams/162177/overview/aguia-de-maraba
162183,Charleston Battery,charleston-battery,https://www.fotmob.com/teams/162183/overview/charleston-battery
162192,Vegalta Sendai,vegalta-sendai,https://www.fotmob.com/teams/162192/overview/vegalta-sendai
162193,Sagan Tosu,sagan-tosu,https://www.fotmob.com/teams/162193/overview/sagan-tosu
162194,Thespa Gunma,thespa-gunma,https://www.fotmob.com/teams/162194/overview/thespa-gunma
162195,Mito Hollyhock,mito-hollyhock,https://www.fotmob.com/teams/162195/overview/mito-hollyhock
162196,Roasso Kumamoto,roasso-kumamoto,https://www.fotmob.com/teams/162196/overview/roasso-kumamoto
162197,Fc Gifu,fc-gifu,https://www.fotmob.com/teams/162197/overview/fc-gifu
162198,Ehime Fc,ehime-fc,https://www.fotmob.com/teams/162198/overview/ehime-fc
162199,Tokushima Vortis,tokushima-vortis,https://www.fotmob.com/teams/162199/overview/tokushima-vortis
162360,Murcia B,murcia-b,https://www.fotmob.com/teams/162360/overview/murcia-b
162366,Ilioupoli Gs,ilioupoli-gs,https://www.fotmob.com/teams/162366/overview/ilioupoli-gs
162386,Panetolikos,panetolikos,https://www.fotmob.com/teams/162386/overview/panetolikos
162387,Makedonikos Neapolis,makedonikos-neapolis,https://www.fotmob.com/teams/162387/overview/makedonikos-neapolis
162400,Venados Fc,venados-fc,https://www.fotmob.com/teams/162400/overview/venados-fc
162404,Tapatio,tapatio,https://www.fotmob.com/teams/162404/overview/tapatio
162407,Correcaminos De La Uat,correcaminos-de-la-uat,https://www.fotmob.com/teams/162407/overview/correcaminos-de-la-uat
162409,Jaiba Brava Del Tampico Madero,jaiba-brava-del-tampico-madero,https://www.fotmob.com/teams/162409/overview/jaiba-brava-del-tampico-madero
162415,Alacranes De Durango,alacranes-de-durango,https://www.fotmob.com/teams/162415/overview/alacranes-de-durango
162418,Tijuana,tijuana,https://www.fotmob.com/teams/162418/overview/tijuana
162557,Rubio Nu,rubio-nu,https://www.fotmob.com/teams/162557/overview/rubio-nu
162904,Deportes Iquique,deportes-iquique,https://www.fotmob.com/teams/162904/overview/deportes-iquique
162905,Curico Unido,curico-unido,https://www.fotmob.com/teams/162905/overview/curico-unido
162922,Manta,manta,https://www.fotmob.com/teams/162922/overview/manta
162975,Bandrmaspor,bandrmaspor,https://www.fotmob.com/teams/162975/overview/bandrmaspor
163008,Batman Petrolspor,batman-petrolspor,https://www.fotmob.com/teams/163008/overview/batman-petrolspor
163183,Xorazm,xorazm,https://www.fotmob.com/teams/163183/overview/xorazm
163250,Ir Reykjavik,ir-reykjavik,https://www.fotmob.com/teams/163250/overview/ir-reykjavik
163251,Afturelding,afturelding,https://www.fotmob.com/teams/163251/overview/afturelding
163363,Jong Ajax,jong-ajax,https://www.fotmob.com/teams/163363/overview/jong-ajax
163540,Paide Linnameeskond,paide-linnameeskond,https://www.fotmob.com/teams/163540/overview/paide-linnameeskond
163782,Mirassol,mirassol,https://www.fotmob.com/teams/163782/overview/mirassol
163783,Osasco Sporting,osasco-sporting,https://www.fotmob.com/teams/163783/overview/osasco-sporting
163784,Noroeste,noroeste,https://www.fotmob.com/teams/163784/overview/noroeste
164353,Nacional Potosi,nacional-potosi,https://www.fotmob.com/teams/164353/overview/nacional-potosi
164720,Montedio Yamagata,montedio-yamagata,https://www.fotmob.com/teams/164720/overview/montedio-yamagata
164734,Gangwon Fc,gangwon-fc,https://www.fotmob.com/teams/164734/overview/gangwon-fc
164737,Kataller Toyama,kataller-toyama,https://www.fotmob.com/teams/164737/overview/kataller-toyama
164738,Tochigi Sc,tochigi-sc,https://www.fotmob.com/teams/164738/overview/tochigi-sc
164739,Fagiano Okayama Fc,fagiano-okayama-fc,https://www.fotmob.com/teams/164739/overview/fagiano-okayama-fc
165084,Young Africans,young-africans,https://www.fotmob.com/teams/165084/overview/young-africans
165086,Simba Sc,simba-sc,https://www.fotmob.com/teams/165086/overview/simba-sc
165087,Tanzania Prisons,tanzania-prisons,https://www.fotmob.com/teams/165087/overview/tanzania-prisons
165088,Mtibwa Sugar,mtibwa-sugar,https://www.fotmob.com/teams/165088/overview/mtibwa-sugar
165091,Azam Fc,azam-fc,https://www.fotmob.com/teams/165091/overview/azam-fc
165148,Sport Huancayo,sport-huancayo,https://www.fotmob.com/teams/165148/overview/sport-huancayo
165158,Brunei Dpmm,brunei-dpmm,https://www.fotmob.com/teams/165158/overview/brunei-dpmm
165181,Mumbai Fc,mumbai-fc,https://www.fotmob.com/teams/165181/overview/mumbai-fc
165182,Dempo Sc,dempo-sc,https://www.fotmob.com/teams/165182/overview/dempo-sc
165184,East Bengal Fc,east-bengal-fc,https://www.fotmob.com/teams/165184/overview/east-bengal-fc
165187,Mohammedan Sc,mohammedan-sc,https://www.fotmob.com/teams/165187/overview/mohammedan-sc
165191,Persija Jakarta,persija-jakarta,https://www.fotmob.com/teams/165191/overview/persija-jakarta
165194,Persijap Jepara,persijap-jepara,https://www.fotmob.com/teams/165194/overview/persijap-jepara
165196,Persib Bandung,persib-bandung,https://www.fotmob.com/teams/165196/overview/persib-bandung
165197,Persik,persik,https://www.fotmob.com/teams/165197/overview/persik
165198,Psm Makassar,psm-makassar,https://www.fotmob.com/teams/165198/overview/psm-makassar
165199,Madura United,madura-united,https://www.fotmob.com/teams/165199/overview/madura-united
165200,Arema,arema,https://www.fotmob.com/teams/165200/overview/arema
165206,Persita,persita,https://www.fotmob.com/teams/165206/overview/persita
165213,Al Hedood,al-hedood,https://www.fotmob.com/teams/165213/overview/al-hedood
165214,Diyala,diyala,https://www.fotmob.com/teams/165214/overview/diyala
165215,Amanat Baghdad,amanat-baghdad,https://www.fotmob.com/teams/165215/overview/amanat-baghdad
165222,Negeri Sembilan,negeri-sembilan,https://www.fotmob.com/teams/165222/overview/negeri-sembilan
165223,Selangor,selangor,https://www.fotmob.com/teams/165223/overview/selangor
165225,Kelantan,kelantan,https://www.fotmob.com/teams/165225/overview/kelantan
165228,Johor Darul Tazim,johor-darul-tazim,https://www.fotmob.com/teams/165228/overview/johor-darul-tazim
165229,Terengganu,terengganu,https://www.fotmob.com/teams/165229/overview/terengganu
165231,Perak,perak,https://www.fotmob.com/teams/165231/overview/perak
165232,Penang,penang,https://www.fotmob.com/teams/165232/overview/penang
165235,Pdrm,pdrm,https://www.fotmob.com/teams/165235/overview/pdrm
165243,Buriram United,buriram-united,https://www.fotmob.com/teams/165243/overview/buriram-united
165249,Samut Prakan City,samut-prakan-city,https://www.fotmob.com/teams/165249/overview/samut-prakan-city
165250,Bg Pathum United,bg-pathum-united,https://www.fotmob.com/teams/165250/overview/bg-pathum-united
165255,Port Fc,port-fc,https://www.fotmob.com/teams/165255/overview/port-fc
165349,Serbian White Eagles,serbian-white-eagles,https://www.fotmob.com/teams/165349/overview/serbian-white-eagles
165468,Cd Arabe Unido,cd-arabe-unido,https://www.fotmob.com/teams/165468/overview/cd-arabe-unido
165469,Tauro Fc,tauro-fc,https://www.fotmob.com/teams/165469/overview/tauro-fc
165472,Sporting San Miguelito,sporting-san-miguelito,https://www.fotmob.com/teams/165472/overview/sporting-san-miguelito
165473,Alianza Fc,alianza-fc,https://www.fotmob.com/teams/165473/overview/alianza-fc
165475,Cd Universitario,cd-universitario,https://www.fotmob.com/teams/165475/overview/cd-universitario
165476,Cd Plaza Amador,cd-plaza-amador,https://www.fotmob.com/teams/165476/overview/cd-plaza-amador
165477,Real Esteli Fc,real-esteli-fc,https://www.fotmob.com/teams/165477/overview/real-esteli-fc
165478,Deportivo Ocotal,deportivo-ocotal,https://www.fotmob.com/teams/165478/overview/deportivo-ocotal
165479,Diriangen Fc,diriangen-fc,https://www.fotmob.com/teams/165479/overview/diriangen-fc
165481,Deportivo Walter Ferretti,deportivo-walter-ferretti,https://www.fotmob.com/teams/165481/overview/deportivo-walter-ferretti
165483,Real Madriz Fc,real-madriz-fc,https://www.fotmob.com/teams/165483/overview/real-madriz-fc
165485,Managua Fc,managua-fc,https://www.fotmob.com/teams/165485/overview/managua-fc
165545,Atletico Go,atletico-go,https://www.fotmob.com/teams/165545/overview/atletico-go
165546,Campinense,campinense,https://www.fotmob.com/teams/165546/overview/campinense
166865,Fc Astana,fc-astana,https://www.fotmob.com/teams/166865/overview/fc-astana
167840,Herd,herd,https://www.fotmob.com/teams/167840/overview/herd
167964,07 Vestur,07-vestur,https://www.fotmob.com/teams/167964/overview/07-vestur
168719,Fc Krasnodar,fc-krasnodar,https://www.fotmob.com/teams/168719/overview/fc-krasnodar
168833,Andorra U21,andorra-u21,https://www.fotmob.com/teams/168833/overview/andorra-u21
169157,Banga Gargzdai,banga-gargzdai,https://www.fotmob.com/teams/169157/overview/banga-gargzdai
169297,Fk Haugesund,fk-haugesund,https://www.fotmob.com/teams/169297/overview/fk-haugesund
169345,Qatar U20,qatar-u20,https://www.fotmob.com/teams/169345/overview/qatar-u20
169361,Central Sc,central-sc,https://www.fotmob.com/teams/169361/overview/central-sc
169437,Trinidad Tobago U20,trinidad-tobago-u20,https://www.fotmob.com/teams/169437/overview/trinidad-tobago-u20
169439,Venezuela U20,venezuela-u20,https://www.fotmob.com/teams/169439/overview/venezuela-u20
169441,Cameroon U20,cameroon-u20,https://www.fotmob.com/teams/169441/overview/cameroon-u20
169442,Hungary U20,hungary-u20,https://www.fotmob.com/teams/169442/overview/hungary-u20
172206,Caxias,caxias,https://www.fotmob.com/teams/172206/overview/caxias
172341,Ceara,ceara,https://www.fotmob.com/teams/172341/overview/ceara
174551,Italy U23,italy-u23,https://www.fotmob.com/teams/174551/overview/italy-u23
175029,Slovenia U19,slovenia-u19,https://www.fotmob.com/teams/175029/overview/slovenia-u19
175111,Grotta,grotta,https://www.fotmob.com/teams/175111/overview/grotta
175388,Nk Lokomotiva,nk-lokomotiva,https://www.fotmob.com/teams/175388/overview/nk-lokomotiva
175557,Nb Bornholm,nb-bornholm,https://www.fotmob.com/teams/175557/overview/nb-bornholm
175558,Fa 2000,fa-2000,https://www.fotmob.com/teams/175558/overview/fa-2000
175653,Mornar,mornar,https://www.fotmob.com/teams/175653/overview/mornar
175682,Fc Milsami Orhei,fc-milsami-orhei,https://www.fotmob.com/teams/175682/overview/fc-milsami-orhei
175807,Fc Vlasim,fc-vlasim,https://www.fotmob.com/teams/175807/overview/fc-vlasim
175959,Vfb Marburg,vfb-marburg,https://www.fotmob.com/teams/175959/overview/vfb-marburg
176296,Fc Chelyabinsk,fc-chelyabinsk,https://www.fotmob.com/teams/176296/overview/fc-chelyabinsk
176352,Tractor,tractor,https://www.fotmob.com/teams/176352/overview/tractor
176496,Deportivo La Guaira,deportivo-la-guaira,https://www.fotmob.com/teams/176496/overview/deportivo-la-guaira
176771,Sv Auersmacher,sv-auersmacher,https://www.fotmob.com/teams/176771/overview/sv-auersmacher
176772,Eisbachtaler Sportfreunde,eisbachtaler-sportfreunde,https://www.fotmob.com/teams/176772/overview/eisbachtaler-sportfreunde
177063,Aveley,aveley,https://www.fotmob.com/teams/177063/overview/aveley
177064,Cray Wanderers,cray-wanderers,https://www.fotmob.com/teams/177064/overview/cray-wanderers
177067,Truro City,truro-city,https://www.fotmob.com/teams/177067/overview/truro-city
177076,Fsv Luckenwalde,fsv-luckenwalde,https://www.fotmob.com/teams/177076/overview/fsv-luckenwalde
177079,Union Neumunster,union-neumunster,https://www.fotmob.com/teams/177079/overview/union-neumunster
177081,Sv Eichede,sv-eichede,https://www.fotmob.com/teams/177081/overview/sv-eichede
177082,Sc Weiche Flensburg,sc-weiche-flensburg,https://www.fotmob.com/teams/177082/overview/sc-weiche-flensburg
177146,Sv Grohn,sv-grohn,https://www.fotmob.com/teams/177146/overview/sv-grohn
177179,Js Kairouanaise,js-kairouanaise,https://www.fotmob.com/teams/177179/overview/js-kairouanaise
177225,Mallorca B,mallorca-b,https://www.fotmob.com/teams/177225/overview/mallorca-b
177226,Espanyol B,espanyol-b,https://www.fotmob.com/teams/177226/overview/espanyol-b
177231,Cd Estepona,cd-estepona,https://www.fotmob.com/teams/177231/overview/cd-estepona
177356,Al Fateh Fc,al-fateh-fc,https://www.fotmob.com/teams/177356/overview/al-fateh-fc
177358,Olimpia Grudziadz,olimpia-grudziadz,https://www.fotmob.com/teams/177358/overview/olimpia-grudziadz
177360,Resovia,resovia,https://www.fotmob.com/teams/177360/overview/resovia
177361,Termalica Nieciecza,termalica-nieciecza,https://www.fotmob.com/teams/177361/overview/termalica-nieciecza
177362,Stal Rzeszow,stal-rzeszow,https://www.fotmob.com/teams/177362/overview/stal-rzeszow
177522,Renate,renate,https://www.fotmob.com/teams/177522/overview/renate
177535,Leones Negros,leones-negros,https://www.fotmob.com/teams/177535/overview/leones-negros
177537,Sv Schalding Heining,sv-schalding-heining,https://www.fotmob.com/teams/177537/overview/sv-schalding-heining
177539,Sv Ramlingen Ehlershausen,sv-ramlingen-ehlershausen,https://www.fotmob.com/teams/177539/overview/sv-ramlingen-ehlershausen
178268,El Gouna Fc,el-gouna-fc,https://www.fotmob.com/teams/178268/overview/el-gouna-fc
178272,Deportivo Merlo,deportivo-merlo,https://www.fotmob.com/teams/178272/overview/deportivo-merlo
178273,Boca Unidos,boca-unidos,https://www.fotmob.com/teams/178273/overview/boca-unidos
178387,Muglaspor,muglaspor,https://www.fotmob.com/teams/178387/overview/muglaspor
178474,Dynamo Dresden Ii,dynamo-dresden-ii,https://www.fotmob.com/teams/178474/overview/dynamo-dresden-ii
178475,Rb Leipzig,rb-leipzig,https://www.fotmob.com/teams/178475/overview/rb-leipzig
178478,Vfl Halle 96,vfl-halle-96,https://www.fotmob.com/teams/178478/overview/vfl-halle-96
178671,Brunei,brunei,https://www.fotmob.com/teams/178671/overview/brunei
179097,Al Ahli,al-ahli,https://www.fotmob.com/teams/179097/overview/al-ahli
179219,Ha Noi Fc,ha-noi-fc,https://www.fotmob.com/teams/179219/overview/ha-noi-fc
179220,Da Nang,da-nang,https://www.fotmob.com/teams/179220/overview/da-nang
179221,Song Lam Nghe,song-lam-nghe,https://www.fotmob.com/teams/179221/overview/song-lam-nghe
179222,Hai Phong,hai-phong,https://www.fotmob.com/teams/179222/overview/hai-phong
179226,Thanh Hoa Fc,thanh-hoa-fc,https://www.fotmob.com/teams/179226/overview/thanh-hoa-fc
179227,Hoang Anh Gia Lai,hoang-anh-gia-lai,https://www.fotmob.com/teams/179227/overview/hoang-anh-gia-lai
179228,Cong Ho Chi Minh City,cong-ho-chi-minh-city,https://www.fotmob.com/teams/179228/overview/cong-ho-chi-minh-city
179505,Municipal Limeno,municipal-limeno,https://www.fotmob.com/teams/179505/overview/municipal-limeno
180447,Iran U21,iran-u21,https://www.fotmob.com/teams/180447/overview/iran-u21
180536,Chinandega Fc,chinandega-fc,https://www.fotmob.com/teams/180536/overview/chinandega-fc
180616,Iran U17,iran-u17,https://www.fotmob.com/teams/180616/overview/iran-u17
180617,Burkina Faso U17,burkina-faso-u17,https://www.fotmob.com/teams/180617/overview/burkina-faso-u17
180618,Malawi U17,malawi-u17,https://www.fotmob.com/teams/180618/overview/malawi-u17
180619,Uae U17,uae-u17,https://www.fotmob.com/teams/180619/overview/uae-u17
180621,Algeria U17,algeria-u17,https://www.fotmob.com/teams/180621/overview/algeria-u17
181461,Umea Ik,umea-ik,https://www.fotmob.com/teams/181461/overview/umea-ik
181462,Linkopings Fc,linkopings-fc,https://www.fotmob.com/teams/181462/overview/linkopings-fc
181463,Fc Rosengard,fc-rosengard,https://www.fotmob.com/teams/181463/overview/fc-rosengard
181464,Bk Hacken,bk-hacken,https://www.fotmob.com/teams/181464/overview/bk-hacken
181465,Kif Orebro,kif-orebro,https://www.fotmob.com/teams/181465/overview/kif-orebro
181466,Djurgarden,djurgarden,https://www.fotmob.com/teams/181466/overview/djurgarden
181468,Aik,aik,https://www.fotmob.com/teams/181468/overview/aik
181469,Hammarby If,hammarby-if,https://www.fotmob.com/teams/181469/overview/hammarby-if
181470,Kristianstads Dff,kristianstads-dff,https://www.fotmob.com/teams/181470/overview/kristianstads-dff
181471,Pitea If,pitea-if,https://www.fotmob.com/teams/181471/overview/pitea-if
181802,Tenerife B,tenerife-b,https://www.fotmob.com/teams/181802/overview/tenerife-b
181912,Atenas,atenas,https://www.fotmob.com/teams/181912/overview/atenas
182933,Baniyas,baniyas,https://www.fotmob.com/teams/182933/overview/baniyas
183563,De Treffers,de-treffers,https://www.fotmob.com/teams/183563/overview/de-treffers
183567,Barendrecht,barendrecht,https://www.fotmob.com/teams/183567/overview/barendrecht
183883,Ceska Lipa,ceska-lipa,https://www.fotmob.com/teams/183883/overview/ceska-lipa
184465,Shooting Stars,shooting-stars,https://www.fotmob.com/teams/184465/overview/shooting-stars
184466,Rivers United Fc,rivers-united-fc,https://www.fotmob.com/teams/184466/overview/rivers-united-fc
184549,Shillong Lajong,shillong-lajong,https://www.fotmob.com/teams/184549/overview/shillong-lajong
185504,Fc Rapperswil Jona,fc-rapperswil-jona,https://www.fotmob.com/teams/185504/overview/fc-rapperswil-jona
185749,Bhayangkara Presisi Indonesia Fc,bhayangkara-presisi-indonesia-fc,https://www.fotmob.com/teams/185749/overview/bhayangkara-presisi-indonesia-fc
185751,Bali United Fc,bali-united-fc,https://www.fotmob.com/teams/185751/overview/bali-united-fc
186663,Aduana Stars,aduana-stars,https://www.fotmob.com/teams/186663/overview/aduana-stars
187020,Mezokovesd Se,mezokovesd-se,https://www.fotmob.com/teams/187020/overview/mezokovesd-se
187801,Fk Skopje,fk-skopje,https://www.fotmob.com/teams/187801/overview/fk-skopje
187854,Novi Pazar,novi-pazar,https://www.fotmob.com/teams/187854/overview/novi-pazar
187866,Rudes,rudes,https://www.fotmob.com/teams/187866/overview/rudes
187880,Botev Vratsa,botev-vratsa,https://www.fotmob.com/teams/187880/overview/botev-vratsa
187906,Us Hostert,us-hostert,https://www.fotmob.com/teams/187906/overview/us-hostert
187927,Bsk Banja Luka,bsk-banja-luka,https://www.fotmob.com/teams/187927/overview/bsk-banja-luka
187928,Sloga Doboj,sloga-doboj,https://www.fotmob.com/teams/187928/overview/sloga-doboj
187943,Changwon City,changwon-city,https://www.fotmob.com/teams/187943/overview/changwon-city
187951,Suwon Fc,suwon-fc,https://www.fotmob.com/teams/187951/overview/suwon-fc
187952,Gangneung City,gangneung-city,https://www.fotmob.com/teams/187952/overview/gangneung-city
187953,Gimhae Fc 2008,gimhae-fc-2008,https://www.fotmob.com/teams/187953/overview/gimhae-fc-2008
187954,Daejeon Korail,daejeon-korail,https://www.fotmob.com/teams/187954/overview/daejeon-korail
187955,Busan Transport Corp,busan-transport-corp,https://www.fotmob.com/teams/187955/overview/busan-transport-corp
187959,Gyeongju H N,gyeongju-h-n,https://www.fotmob.com/teams/187959/overview/gyeongju-h-n
187960,Cheonan City,cheonan-city,https://www.fotmob.com/teams/187960/overview/cheonan-city
187969,Carrick Rangers,carrick-rangers,https://www.fotmob.com/teams/187969/overview/carrick-rangers
187983,Otrant,otrant,https://www.fotmob.com/teams/187983/overview/otrant
188151,Dacia Buiucani,dacia-buiucani,https://www.fotmob.com/teams/188151/overview/dacia-buiucani
188154,Lusitania Lourosa,lusitania-lourosa,https://www.fotmob.com/teams/188154/overview/lusitania-lourosa
188163,Tondela,tondela,https://www.fotmob.com/teams/188163/overview/tondela
188172,Kozarmisleny,kozarmisleny,https://www.fotmob.com/teams/188172/overview/kozarmisleny
188173,Fc Ajka,fc-ajka,https://www.fotmob.com/teams/188173/overview/fc-ajka
188185,Concordia Chiajna,concordia-chiajna,https://www.fotmob.com/teams/188185/overview/concordia-chiajna
188187,Petrolul Ploiesti,petrolul-ploiesti,https://www.fotmob.com/teams/188187/overview/petrolul-ploiesti
188191,Botosani,botosani,https://www.fotmob.com/teams/188191/overview/botosani
188193,Cetatea Suceava,cetatea-suceava,https://www.fotmob.com/teams/188193/overview/cetatea-suceava
188199,Ramnicu Valcea,ramnicu-valcea,https://www.fotmob.com/teams/188199/overview/ramnicu-valcea
188213,Universidad Central,universidad-central,https://www.fotmob.com/teams/188213/overview/universidad-central
188292,San Pedro,san-pedro,https://www.fotmob.com/teams/188292/overview/san-pedro
188294,Aurora Fc,aurora-fc,https://www.fotmob.com/teams/188294/overview/aurora-fc
188298,Antigua Guatemala,antigua-guatemala,https://www.fotmob.com/teams/188298/overview/antigua-guatemala
188299,Deportivo Mixco,deportivo-mixco,https://www.fotmob.com/teams/188299/overview/deportivo-mixco
188302,Coban Imperial,coban-imperial,https://www.fotmob.com/teams/188302/overview/coban-imperial
188303,Guastatoya,guastatoya,https://www.fotmob.com/teams/188303/overview/guastatoya
188313,Boston River,boston-river,https://www.fotmob.com/teams/188313/overview/boston-river
189393,Chicago Stars,chicago-stars,https://www.fotmob.com/teams/189393/overview/chicago-stars
189397,Gotham Fc,gotham-fc,https://www.fotmob.com/teams/189397/overview/gotham-fc
189420,Sotra Sportsklubb,sotra-sportsklubb,https://www.fotmob.com/teams/189420/overview/sotra-sportsklubb
189475,Sudtirol,sudtirol,https://www.fotmob.com/teams/189475/overview/sudtirol
189481,Union Brescia,union-brescia,https://www.fotmob.com/teams/189481/overview/union-brescia
189486,Pro Vercelli,pro-vercelli,https://www.fotmob.com/teams/189486/overview/pro-vercelli
189506,Monopoli,monopoli,https://www.fotmob.com/teams/189506/overview/monopoli
189567,Bergantinos Cf,bergantinos-cf,https://www.fotmob.com/teams/189567/overview/bergantinos-cf
189594,Real Aviles Cf,real-aviles-cf,https://www.fotmob.com/teams/189594/overview/real-aviles-cf
189624,Sd Amorebieta,sd-amorebieta,https://www.fotmob.com/teams/189624/overview/sd-amorebieta
189627,Cd Basconia,cd-basconia,https://www.fotmob.com/teams/189627/overview/cd-basconia
189629,Sd Gernika,sd-gernika,https://www.fotmob.com/teams/189629/overview/sd-gernika
189631,Arenas Getxo,arenas-getxo,https://www.fotmob.com/teams/189631/overview/arenas-getxo
189634,Eibar B,eibar-b,https://www.fotmob.com/teams/189634/overview/eibar-b
189639,Ce Europa,ce-europa,https://www.fotmob.com/teams/189639/overview/ce-europa
189659,Elche Ilicitano,elche-ilicitano,https://www.fotmob.com/teams/189659/overview/elche-ilicitano
189669,La Nucia,la-nucia,https://www.fotmob.com/teams/189669/overview/la-nucia
189672,Getafe B,getafe-b,https://www.fotmob.com/teams/189672/overview/getafe-b
189673,Atletico Madrid C,atletico-madrid-c,https://www.fotmob.com/teams/189673/overview/atletico-madrid-c
189674,Rayo Majadahonda,rayo-majadahonda,https://www.fotmob.com/teams/189674/overview/rayo-majadahonda
189680,Real Madrid C,real-madrid-c,https://www.fotmob.com/teams/189680/overview/real-madrid-c
189689,Real Avila,real-avila,https://www.fotmob.com/teams/189689/overview/real-avila
189690,Atletico Tordesillas,atletico-tordesillas,https://www.fotmob.com/teams/189690/overview/atletico-tordesillas
189696,Atletico Astorga,atletico-astorga,https://www.fotmob.com/teams/189696/overview/atletico-astorga
189730,Atletico Sanluqueno Cf,atletico-sanluqueno-cf,https://www.fotmob.com/teams/189730/overview/atletico-sanluqueno-cf
189750,Poblense,poblense,https://www.fotmob.com/teams/189750/overview/poblense
189778,Cieza,cieza,https://www.fotmob.com/teams/189778/overview/cieza
189781,Yeclano,yeclano,https://www.fotmob.com/teams/189781/overview/yeclano
189783,Ucam Murcia,ucam-murcia,https://www.fotmob.com/teams/189783/overview/ucam-murcia
189807,Cd Coria,cd-coria,https://www.fotmob.com/teams/189807/overview/cd-coria
190055,Tudelano,tudelano,https://www.fotmob.com/teams/190055/overview/tudelano
190077,Naxara,naxara,https://www.fotmob.com/teams/190077/overview/naxara
190078,Arnedo,arnedo,https://www.fotmob.com/teams/190078/overview/arnedo
190091,Cd Teruel,cd-teruel,https://www.fotmob.com/teams/190091/overview/cd-teruel
190118,Albacete B,albacete-b,https://www.fotmob.com/teams/190118/overview/albacete-b
190513,Jitex Bk,jitex-bk,https://www.fotmob.com/teams/190513/overview/jitex-bk
190516,Sertaozinho,sertaozinho,https://www.fotmob.com/teams/190516/overview/sertaozinho
190517,Monte Azul,monte-azul,https://www.fotmob.com/teams/190517/overview/monte-azul
191098,Les Herbiers,les-herbiers,https://www.fotmob.com/teams/191098/overview/les-herbiers
191111,Versailles,versailles,https://www.fotmob.com/teams/191111/overview/versailles
191112,Chauray,chauray,https://www.fotmob.com/teams/191112/overview/chauray
191433,If Karlstad,if-karlstad,https://www.fotmob.com/teams/191433/overview/if-karlstad
191607,San Luis,san-luis,https://www.fotmob.com/teams/191607/overview/san-luis
191716,Philadelphia Union,philadelphia-union,https://www.fotmob.com/teams/191716/overview/philadelphia-union
191751,Johor Darul Tazim Ii,johor-darul-tazim-ii,https://www.fotmob.com/teams/191751/overview/johor-darul-tazim-ii
191752,Kuala Lumpur City,kuala-lumpur-city,https://www.fotmob.com/teams/191752/overview/kuala-lumpur-city
191753,Terengganu Ii,terengganu-ii,https://www.fotmob.com/teams/191753/overview/terengganu-ii
191814,Zakho,zakho,https://www.fotmob.com/teams/191814/overview/zakho
191818,Al Karkh,al-karkh,https://www.fotmob.com/teams/191818/overview/al-karkh
191820,Naft Maysan,naft-maysan,https://www.fotmob.com/teams/191820/overview/naft-maysan
192433,San Marcos,san-marcos,https://www.fotmob.com/teams/192433/overview/san-marcos
192435,Union La Calera,union-la-calera,https://www.fotmob.com/teams/192435/overview/union-la-calera
192436,Deportes Copiapo,deportes-copiapo,https://www.fotmob.com/teams/192436/overview/deportes-copiapo
192875,Independiente Del Valle,independiente-del-valle,https://www.fotmob.com/teams/192875/overview/independiente-del-valle
192962,Fk Jelgava,fk-jelgava,https://www.fotmob.com/teams/192962/overview/fk-jelgava
192963,Internacional Fc De Palmira,internacional-fc-de-palmira,https://www.fotmob.com/teams/192963/overview/internacional-fc-de-palmira
193022,Real Santander,real-santander,https://www.fotmob.com/teams/193022/overview/real-santander
193023,Boca Juniors De Cali,boca-juniors-de-cali,https://www.fotmob.com/teams/193023/overview/boca-juniors-de-cali
193025,Aguilas Doradas,aguilas-doradas,https://www.fotmob.com/teams/193025/overview/aguilas-doradas
193026,Real Cundinamarca,real-cundinamarca,https://www.fotmob.com/teams/193026/overview/real-cundinamarca
193027,Barranquilla Fc,barranquilla-fc,https://www.fotmob.com/teams/193027/overview/barranquilla-fc
193028,Patriotas,patriotas,https://www.fotmob.com/teams/193028/overview/patriotas
193029,Alianza Fc,alianza-fc,https://www.fotmob.com/teams/193029/overview/alianza-fc
193030,Tigres Fc,tigres-fc,https://www.fotmob.com/teams/193030/overview/tigres-fc
193031,Atletico Fc,atletico-fc,https://www.fotmob.com/teams/193031/overview/atletico-fc
193032,Bogota Fc,bogota-fc,https://www.fotmob.com/teams/193032/overview/bogota-fc
193033,Leones,leones,https://www.fotmob.com/teams/193033/overview/leones
193858,Giravanz Kitakyushu,giravanz-kitakyushu,https://www.fotmob.com/teams/193858/overview/giravanz-kitakyushu
194010,Gainare Tottori,gainare-tottori,https://www.fotmob.com/teams/194010/overview/gainare-tottori
194011,Machida Zelvia,machida-zelvia,https://www.fotmob.com/teams/194011/overview/machida-zelvia
194013,Reilac Shiga,reilac-shiga,https://www.fotmob.com/teams/194013/overview/reilac-shiga
194015,Blaublitz Akita,blaublitz-akita,https://www.fotmob.com/teams/194015/overview/blaublitz-akita
194016,V Varen Nagasaki,v-varen-nagasaki,https://www.fotmob.com/teams/194016/overview/v-varen-nagasaki
194021,Fc Ryukyu,fc-ryukyu,https://www.fotmob.com/teams/194021/overview/fc-ryukyu
194022,Matsumoto Yamaga,matsumoto-yamaga,https://www.fotmob.com/teams/194022/overview/matsumoto-yamaga
194023,Zweigen Kanazawa,zweigen-kanazawa,https://www.fotmob.com/teams/194023/overview/zweigen-kanazawa
194029,Tochigi City Fc,tochigi-city-fc,https://www.fotmob.com/teams/194029/overview/tochigi-city-fc
194754,Guayaquil City,guayaquil-city,https://www.fotmob.com/teams/194754/overview/guayaquil-city
195445,Fiji U23,fiji-u23,https://www.fotmob.com/teams/195445/overview/fiji-u23
195451,Fc Mokpo,fc-mokpo,https://www.fotmob.com/teams/195451/overview/fc-mokpo
195601,Pfc Sochi,pfc-sochi,https://www.fotmob.com/teams/195601/overview/pfc-sochi
196079,Fc Rotor Volgograd,fc-rotor-volgograd,https://www.fotmob.com/teams/196079/overview/fc-rotor-volgograd
196257,Maccabi Kabilio Jaffa,maccabi-kabilio-jaffa,https://www.fotmob.com/teams/196257/overview/maccabi-kabilio-jaffa
197328,Tampa Bay Rowdies,tampa-bay-rowdies,https://www.fotmob.com/teams/197328/overview/tampa-bay-rowdies
197384,Independencia,independencia,https://www.fotmob.com/teams/197384/overview/independencia
197390,Interporto,interporto,https://www.fotmob.com/teams/197390/overview/interporto
197391,Gurupi,gurupi,https://www.fotmob.com/teams/197391/overview/gurupi
197392,Araguaina,araguaina,https://www.fotmob.com/teams/197392/overview/araguaina
197394,Tocantinopolis,tocantinopolis,https://www.fotmob.com/teams/197394/overview/tocantinopolis
197395,Palmas,palmas,https://www.fotmob.com/teams/197395/overview/palmas
197398,Ao Itabaiana,ao-itabaiana,https://www.fotmob.com/teams/197398/overview/ao-itabaiana
197401,America Se,america-se,https://www.fotmob.com/teams/197401/overview/america-se
197402,Guarany Se,guarany-se,https://www.fotmob.com/teams/197402/overview/guarany-se
197403,Sergipe,sergipe,https://www.fotmob.com/teams/197403/overview/sergipe
197429,Operario Ferroviario,operario-ferroviario,https://www.fotmob.com/teams/197429/overview/operario-ferroviario
197430,Cianorte,cianorte,https://www.fotmob.com/teams/197430/overview/cianorte
197603,Sao Raimundo Rr,sao-raimundo-rr,https://www.fotmob.com/teams/197603/overview/sao-raimundo-rr
197604,Gas,gas,https://www.fotmob.com/teams/197604/overview/gas
197608,Aguia Negra,aguia-negra,https://www.fotmob.com/teams/197608/overview/aguia-negra
197609,Naviraiense,naviraiense,https://www.fotmob.com/teams/197609/overview/naviraiense
197610,Corumbaense,corumbaense,https://www.fotmob.com/teams/197610/overview/corumbaense
197611,Ivinhema,ivinhema,https://www.fotmob.com/teams/197611/overview/ivinhema
197614,Pantanal,pantanal,https://www.fotmob.com/teams/197614/overview/pantanal
197623,Costa Rica Ec,costa-rica-ec,https://www.fotmob.com/teams/197623/overview/costa-rica-ec
197640,Piaui,piaui,https://www.fotmob.com/teams/197640/overview/piaui
197641,Parnahyba,parnahyba,https://www.fotmob.com/teams/197641/overview/parnahyba
197644,Cori Sabba,cori-sabba,https://www.fotmob.com/teams/197644/overview/cori-sabba
197648,Vitoria Das Tabocas,vitoria-das-tabocas,https://www.fotmob.com/teams/197648/overview/vitoria-das-tabocas
197654,Ceilandia,ceilandia,https://www.fotmob.com/teams/197654/overview/ceilandia
197656,Brasilia,brasilia,https://www.fotmob.com/teams/197656/overview/brasilia
197659,Rio Branco Es,rio-branco-es,https://www.fotmob.com/teams/197659/overview/rio-branco-es
197666,Vitoria Es,vitoria-es,https://www.fotmob.com/teams/197666/overview/vitoria-es
197669,Murici,murici,https://www.fotmob.com/teams/197669/overview/murici
197671,Coruripe,coruripe,https://www.fotmob.com/teams/197671/overview/coruripe
197675,Clube Sociedade Esportiva,clube-sociedade-esportiva,https://www.fotmob.com/teams/197675/overview/clube-sociedade-esportiva
197677,Penedense,penedense,https://www.fotmob.com/teams/197677/overview/penedense
197682,Nacional Am,nacional-am,https://www.fotmob.com/teams/197682/overview/nacional-am
197689,Joinville,joinville,https://www.fotmob.com/teams/197689/overview/joinville
197692,Brusque,brusque,https://www.fotmob.com/teams/197692/overview/brusque
197693,Chapecoense Af,chapecoense-af,https://www.fotmob.com/teams/197693/overview/chapecoense-af
197695,Ferroviario,ferroviario,https://www.fotmob.com/teams/197695/overview/ferroviario
197697,Horizonte,horizonte,https://www.fotmob.com/teams/197697/overview/horizonte
197700,Quixada,quixada,https://www.fotmob.com/teams/197700/overview/quixada
197702,Maranguape,maranguape,https://www.fotmob.com/teams/197702/overview/maranguape
197706,Atletico Alagoinhas,atletico-alagoinhas,https://www.fotmob.com/teams/197706/overview/atletico-alagoinhas
197707,Bahia De Feira,bahia-de-feira,https://www.fotmob.com/teams/197707/overview/bahia-de-feira
197715,Santa Cruz De Natal,santa-cruz-de-natal,https://www.fotmob.com/teams/197715/overview/santa-cruz-de-natal
197721,Acd Potiguar,acd-potiguar,https://www.fotmob.com/teams/197721/overview/acd-potiguar
197722,Potyguar Cn,potyguar-cn,https://www.fotmob.com/teams/197722/overview/potyguar-cn
197769,Crac,crac,https://www.fotmob.com/teams/197769/overview/crac
197770,Anapolina,anapolina,https://www.fotmob.com/teams/197770/overview/anapolina
197777,Iape,iape,https://www.fotmob.com/teams/197777/overview/iape
197778,Moto Club Ma,moto-club-ma,https://www.fotmob.com/teams/197778/overview/moto-club-ma
197781,Maranhao,maranhao,https://www.fotmob.com/teams/197781/overview/maranhao
197782,Imperatriz,imperatriz,https://www.fotmob.com/teams/197782/overview/imperatriz
197790,Treze,treze,https://www.fotmob.com/teams/197790/overview/treze
197791,Sousa,sousa,https://www.fotmob.com/teams/197791/overview/sousa
197792,Botafogo Pb,botafogo-pb,https://www.fotmob.com/teams/197792/overview/botafogo-pb
197793,Nacional De Patos,nacional-de-patos,https://www.fotmob.com/teams/197793/overview/nacional-de-patos
197796,Esporte De Patos,esporte-de-patos,https://www.fotmob.com/teams/197796/overview/esporte-de-patos
197797,Atletico Cajazeirense,atletico-cajazeirense,https://www.fotmob.com/teams/197797/overview/atletico-cajazeirense
197805,Democrata Gv,democrata-gv,https://www.fotmob.com/teams/197805/overview/democrata-gv
197808,Uberlandia,uberlandia,https://www.fotmob.com/teams/197808/overview/uberlandia
197815,Cuiaba,cuiaba,https://www.fotmob.com/teams/197815/overview/cuiaba
197816,Operario Vg,operario-vg,https://www.fotmob.com/teams/197816/overview/operario-vg
197821,Uniao Rondonopolis,uniao-rondonopolis,https://www.fotmob.com/teams/197821/overview/uniao-rondonopolis
197864,Bfc Daugavpils,bfc-daugavpils,https://www.fotmob.com/teams/197864/overview/bfc-daugavpils
197870,Fk Tukums 2000,fk-tukums-2000,https://www.fotmob.com/teams/197870/overview/fk-tukums-2000
197883,Novo Hamburgo,novo-hamburgo,https://www.fotmob.com/teams/197883/overview/novo-hamburgo
197884,Inter De Santa Maria,inter-de-santa-maria,https://www.fotmob.com/teams/197884/overview/inter-de-santa-maria
197885,Ypiranga Rs,ypiranga-rs,https://www.fotmob.com/teams/197885/overview/ypiranga-rs
197888,Avenida,avenida,https://www.fotmob.com/teams/197888/overview/avenida
197889,Ec Sao Jose,ec-sao-jose,https://www.fotmob.com/teams/197889/overview/ec-sao-jose
197890,Sao Luiz,sao-luiz,https://www.fotmob.com/teams/197890/overview/sao-luiz
197937,Baranovichi,baranovichi,https://www.fotmob.com/teams/197937/overview/baranovichi
198132,Boavista,boavista,https://www.fotmob.com/teams/198132/overview/boavista
198133,Bangu,bangu,https://www.fotmob.com/teams/198133/overview/bangu
198135,Volta Redonda,volta-redonda,https://www.fotmob.com/teams/198135/overview/volta-redonda
198149,Dinamo Kirov,dinamo-kirov,https://www.fotmob.com/teams/198149/overview/dinamo-kirov
198150,Fc Ufa,fc-ufa,https://www.fotmob.com/teams/198150/overview/fc-ufa
198152,Khimik Dzerzhinsk,khimik-dzerzhinsk,https://www.fotmob.com/teams/198152/overview/khimik-dzerzhinsk
198153,Neftekhimik,neftekhimik,https://www.fotmob.com/teams/198153/overview/neftekhimik
198154,Rubin Kazan 2,rubin-kazan-2,https://www.fotmob.com/teams/198154/overview/rubin-kazan-2
198155,Zenit Izhevsk,zenit-izhevsk,https://www.fotmob.com/teams/198155/overview/zenit-izhevsk
198156,Tyumen,tyumen,https://www.fotmob.com/teams/198156/overview/tyumen
198158,Kaluga,kaluga,https://www.fotmob.com/teams/198158/overview/kaluga
198162,Fc Orel,fc-orel,https://www.fotmob.com/teams/198162/overview/fc-orel
198165,Zenit Penza,zenit-penza,https://www.fotmob.com/teams/198165/overview/zenit-penza
198167,Fc Ryazan,fc-ryazan,https://www.fotmob.com/teams/198167/overview/fc-ryazan
198186,Sportivo San Lorenzo,sportivo-san-lorenzo,https://www.fotmob.com/teams/198186/overview/sportivo-san-lorenzo
198191,Dinamo Vologda,dinamo-vologda,https://www.fotmob.com/teams/198191/overview/dinamo-vologda
198202,Angusht Nazran,angusht-nazran,https://www.fotmob.com/teams/198202/overview/angusht-nazran
198203,Astrakhan,astrakhan,https://www.fotmob.com/teams/198203/overview/astrakhan
198207,Dinamo Stavropol,dinamo-stavropol,https://www.fotmob.com/teams/198207/overview/dinamo-stavropol
198208,Druzhba,druzhba,https://www.fotmob.com/teams/198208/overview/druzhba
198301,Santa Rosa,santa-rosa,https://www.fotmob.com/teams/198301/overview/santa-rosa
198302,Cameta,cameta,https://www.fotmob.com/teams/198302/overview/cameta
198304,Sao Raimundo Pa,sao-raimundo-pa,https://www.fotmob.com/teams/198304/overview/sao-raimundo-pa
198616,Shanghai Port,shanghai-port,https://www.fotmob.com/teams/198616/overview/shanghai-port
199536,Lithuania U19,lithuania-u19,https://www.fotmob.com/teams/199536/overview/lithuania-u19
200279,Kaspiy Aktau,kaspiy-aktau,https://www.fotmob.com/teams/200279/overview/kaspiy-aktau
200281,Fc Yelimay,fc-yelimay,https://www.fotmob.com/teams/200281/overview/fc-yelimay
201124,Denmark U20,denmark-u20,https://www.fotmob.com/teams/201124/overview/denmark-u20
201125,Russia U20,russia-u20,https://www.fotmob.com/teams/201125/overview/russia-u20
201141,Portugal U17,portugal-u17,https://www.fotmob.com/teams/201141/overview/portugal-u17
201142,Greece U17,greece-u17,https://www.fotmob.com/teams/201142/overview/greece-u17
202757,Sarmiento,sarmiento,https://www.fotmob.com/teams/202757/overview/sarmiento
203576,Melbourne City Fc,melbourne-city-fc,https://www.fotmob.com/teams/203576/overview/melbourne-city-fc
203826,Al Duhail Sc,al-duhail-sc,https://www.fotmob.com/teams/203826/overview/al-duhail-sc
203830,Santamarina,santamarina,https://www.fotmob.com/teams/203830/overview/santamarina
204262,Netherlands U19,netherlands-u19,https://www.fotmob.com/teams/204262/overview/netherlands-u19
204263,Croatia U19,croatia-u19,https://www.fotmob.com/teams/204263/overview/croatia-u19
204681,Czechoslovakia,czechoslovakia,https://www.fotmob.com/teams/204681/overview/czechoslovakia
204682,West Germany,west-germany,https://www.fotmob.com/teams/204682/overview/west-germany
204683,Yugoslavia,yugoslavia,https://www.fotmob.com/teams/204683/overview/yugoslavia
205189,Smouha Sc,smouha-sc,https://www.fotmob.com/teams/205189/overview/smouha-sc
205190,Wadi Degla Fc,wadi-degla-fc,https://www.fotmob.com/teams/205190/overview/wadi-degla-fc
205684,Bukovyna Chernivtsi,bukovyna-chernivtsi,https://www.fotmob.com/teams/205684/overview/bukovyna-chernivtsi
205686,Al Taawoun,al-taawoun,https://www.fotmob.com/teams/205686/overview/al-taawoun
205687,Al Faisaly,al-faisaly,https://www.fotmob.com/teams/205687/overview/al-faisaly
205813,Us Mondorf Les Bains,us-mondorf-les-bains,https://www.fotmob.com/teams/205813/overview/us-mondorf-les-bains
205870,Puszcza Niepoomice,puszcza-niepoomice,https://www.fotmob.com/teams/205870/overview/puszcza-niepoomice
206091,Austria Salzburg,austria-salzburg,https://www.fotmob.com/teams/206091/overview/austria-salzburg
206148,Gabes,gabes,https://www.fotmob.com/teams/206148/overview/gabes
206149,Tarup Paarup,tarup-paarup,https://www.fotmob.com/teams/206149/overview/tarup-paarup
206295,Vvsb,vvsb,https://www.fotmob.com/teams/206295/overview/vvsb
206300,Katwijk,katwijk,https://www.fotmob.com/teams/206300/overview/katwijk
206344,Chojniczanka Chojnice,chojniczanka-chojnice,https://www.fotmob.com/teams/206344/overview/chojniczanka-chojnice
206546,Gfk Tikves Kavadarci,gfk-tikves-kavadarci,https://www.fotmob.com/teams/206546/overview/gfk-tikves-kavadarci
206560,Hnk Gorica,hnk-gorica,https://www.fotmob.com/teams/206560/overview/hnk-gorica
206570,Fc Anker Wismar,fc-anker-wismar,https://www.fotmob.com/teams/206570/overview/fc-anker-wismar
207145,Chesham United,chesham-united,https://www.fotmob.com/teams/207145/overview/chesham-united
207242,Minnesota United,minnesota-united,https://www.fotmob.com/teams/207242/overview/minnesota-united
207867,Sv Gonsenheim,sv-gonsenheim,https://www.fotmob.com/teams/207867/overview/sv-gonsenheim
207869,Colwyn Bay,colwyn-bay,https://www.fotmob.com/teams/207869/overview/colwyn-bay
207873,Stellenbosch Fc,stellenbosch-fc,https://www.fotmob.com/teams/207873/overview/stellenbosch-fc
207874,Almirante Brown,almirante-brown,https://www.fotmob.com/teams/207874/overview/almirante-brown
207875,Patronato De Parana,patronato-de-parana,https://www.fotmob.com/teams/207875/overview/patronato-de-parana
207989,Bsv Rehden,bsv-rehden,https://www.fotmob.com/teams/207989/overview/bsv-rehden
207990,Sv Teutonia Uelzen,sv-teutonia-uelzen,https://www.fotmob.com/teams/207990/overview/sv-teutonia-uelzen
208031,Sv Todesfelde,sv-todesfelde,https://www.fotmob.com/teams/208031/overview/sv-todesfelde
208110,Westfalia Rhynern,westfalia-rhynern,https://www.fotmob.com/teams/208110/overview/westfalia-rhynern
208931,Carpi,carpi,https://www.fotmob.com/teams/208931/overview/carpi
208932,Virtus Entella,virtus-entella,https://www.fotmob.com/teams/208932/overview/virtus-entella
208936,Trapani,trapani,https://www.fotmob.com/teams/208936/overview/trapani
209008,Real Oviedo B,real-oviedo-b,https://www.fotmob.com/teams/209008/overview/real-oviedo-b
209190,Al Ittihad Kalba,al-ittihad-kalba,https://www.fotmob.com/teams/209190/overview/al-ittihad-kalba
209196,Sd Tarazona,sd-tarazona,https://www.fotmob.com/teams/209196/overview/sd-tarazona
209199,Ebro,ebro,https://www.fotmob.com/teams/209199/overview/ebro
210132,Fcv Farul Constanta,fcv-farul-constanta,https://www.fotmob.com/teams/210132/overview/fcv-farul-constanta
210173,Ludogorets Razgrad,ludogorets-razgrad,https://www.fotmob.com/teams/210173/overview/ludogorets-razgrad
210656,Inter San Carlos,inter-san-carlos,https://www.fotmob.com/teams/210656/overview/inter-san-carlos
210845,Ud Logrones B,ud-logrones-b,https://www.fotmob.com/teams/210845/overview/ud-logrones-b
210847,Sd Logrones,sd-logrones,https://www.fotmob.com/teams/210847/overview/sd-logrones
211562,Uzbekistan U21,uzbekistan-u21,https://www.fotmob.com/teams/211562/overview/uzbekistan-u21
212658,Campobasso,campobasso,https://www.fotmob.com/teams/212658/overview/campobasso
212660,Latina,latina,https://www.fotmob.com/teams/212660/overview/latina
212796,Ad Fafe,ad-fafe,https://www.fotmob.com/teams/212796/overview/ad-fafe
212820,Torreense,torreense,https://www.fotmob.com/teams/212820/overview/torreense
212821,Casa Pia Ac,casa-pia-ac,https://www.fotmob.com/teams/212821/overview/casa-pia-ac
213295,Plateau United,plateau-united,https://www.fotmob.com/teams/213295/overview/plateau-united
213307,Ksc Lokeren,ksc-lokeren,https://www.fotmob.com/teams/213307/overview/ksc-lokeren
213348,Fc Bastia Borgo,fc-bastia-borgo,https://www.fotmob.com/teams/213348/overview/fc-bastia-borgo
213353,Goal Fc,goal-fc,https://www.fotmob.com/teams/213353/overview/goal-fc
213373,Lorient B,lorient-b,https://www.fotmob.com/teams/213373/overview/lorient-b
213522,San Telmo,san-telmo,https://www.fotmob.com/teams/213522/overview/san-telmo
213523,Club Atletico Estudiantes,club-atletico-estudiantes,https://www.fotmob.com/teams/213523/overview/club-atletico-estudiantes
213525,Atlanta,atlanta,https://www.fotmob.com/teams/213525/overview/atlanta
213526,Villa San Carlos,villa-san-carlos,https://www.fotmob.com/teams/213526/overview/villa-san-carlos
213527,Deportivo Armenio,deportivo-armenio,https://www.fotmob.com/teams/213527/overview/deportivo-armenio
213528,Tristan Suarez,tristan-suarez,https://www.fotmob.com/teams/213528/overview/tristan-suarez
213529,Acassuso,acassuso,https://www.fotmob.com/teams/213529/overview/acassuso
213530,Deportivo Moron,deportivo-moron,https://www.fotmob.com/teams/213530/overview/deportivo-moron
213531,Temperley,temperley,https://www.fotmob.com/teams/213531/overview/temperley
213532,Brown De Adrogue,brown-de-adrogue,https://www.fotmob.com/teams/213532/overview/brown-de-adrogue
213533,Sportivo Italiano,sportivo-italiano,https://www.fotmob.com/teams/213533/overview/sportivo-italiano
213534,Barracas Central,barracas-central,https://www.fotmob.com/teams/213534/overview/barracas-central
213535,Colegiales,colegiales,https://www.fotmob.com/teams/213535/overview/colegiales
213536,Comunicaciones,comunicaciones,https://www.fotmob.com/teams/213536/overview/comunicaciones
213537,Flandria,flandria,https://www.fotmob.com/teams/213537/overview/flandria
213539,Club Cipolletti,club-cipolletti,https://www.fotmob.com/teams/213539/overview/club-cipolletti
213541,Douglas Haig,douglas-haig,https://www.fotmob.com/teams/213541/overview/douglas-haig
213542,Guillermo Brown,guillermo-brown,https://www.fotmob.com/teams/213542/overview/guillermo-brown
213550,Villa Mitre,villa-mitre,https://www.fotmob.com/teams/213550/overview/villa-mitre
213588,Juventud Unida Universitario,juventud-unida-universitario,https://www.fotmob.com/teams/213588/overview/juventud-unida-universitario
213590,Deportivo Maipu,deportivo-maipu,https://www.fotmob.com/teams/213590/overview/deportivo-maipu
213591,Estudiantes De Rio Cuarto,estudiantes-de-rio-cuarto,https://www.fotmob.com/teams/213591/overview/estudiantes-de-rio-cuarto
213592,Racing De Cordoba,racing-de-cordoba,https://www.fotmob.com/teams/213592/overview/racing-de-cordoba
213593,Sportivo Belgrano,sportivo-belgrano,https://www.fotmob.com/teams/213593/overview/sportivo-belgrano
213595,9 De Julio Rafaela,9-de-julio-rafaela,https://www.fotmob.com/teams/213595/overview/9-de-julio-rafaela
213596,Central Cordoba De Santiago,central-cordoba-de-santiago,https://www.fotmob.com/teams/213596/overview/central-cordoba-de-santiago
213597,Central Norte,central-norte,https://www.fotmob.com/teams/213597/overview/central-norte
213599,Gimnasia Y Esgrima De Concepcion,gimnasia-y-esgrima-de-concepcion,https://www.fotmob.com/teams/213599/overview/gimnasia-y-esgrima-de-concepcion
213600,Juventud Antoniana,juventud-antoniana,https://www.fotmob.com/teams/213600/overview/juventud-antoniana
213603,Ca Defensores De Belgrano,ca-defensores-de-belgrano,https://www.fotmob.com/teams/213603/overview/ca-defensores-de-belgrano
213987,Sumqayit,sumqayit,https://www.fotmob.com/teams/213987/overview/sumqayit
215564,Semen Padang,semen-padang,https://www.fotmob.com/teams/215564/overview/semen-padang
215609,Huracan Fc,huracan-fc,https://www.fotmob.com/teams/215609/overview/huracan-fc
215629,Oratorio,oratorio,https://www.fotmob.com/teams/215629/overview/oratorio
215633,Trem Dc,trem-dc,https://www.fotmob.com/teams/215633/overview/trem-dc
229970,Saint Vincent Grenadines U20,saint-vincent-grenadines-u20,https://www.fotmob.com/teams/229970/overview/saint-vincent-grenadines-u20
230139,Philippines,philippines,https://www.fotmob.com/teams/230139/overview/philippines
230692,Comoros,comoros,https://www.fotmob.com/teams/230692/overview/comoros
230693,Central African Republic,central-african-republic,https://www.fotmob.com/teams/230693/overview/central-african-republic
230700,Guinea Bissau,guinea-bissau,https://www.fotmob.com/teams/230700/overview/guinea-bissau
231478,Sunderland,sunderland,https://www.fotmob.com/teams/231478/overview/sunderland
231481,Nottingham Forest Wfc,nottingham-forest-wfc,https://www.fotmob.com/teams/231481/overview/nottingham-forest-wfc
231484,Watford,watford,https://www.fotmob.com/teams/231484/overview/watford
231488,Manchester City,manchester-city,https://www.fotmob.com/teams/231488/overview/manchester-city
231494,Aston Villa,aston-villa,https://www.fotmob.com/teams/231494/overview/aston-villa
231497,West Ham United,west-ham-united,https://www.fotmob.com/teams/231497/overview/west-ham-united
231498,Portsmouth,portsmouth,https://www.fotmob.com/teams/231498/overview/portsmouth
231502,Charlton,charlton,https://www.fotmob.com/teams/231502/overview/charlton
231505,Brighton,brighton,https://www.fotmob.com/teams/231505/overview/brighton
231931,Sao Bernardo,sao-bernardo,https://www.fotmob.com/teams/231931/overview/sao-bernardo
231932,Linense,linense,https://www.fotmob.com/teams/231932/overview/linense
238505,Nova Iguacu,nova-iguacu,https://www.fotmob.com/teams/238505/overview/nova-iguacu
238626,Su 1 De Dezembro,su-1-de-dezembro,https://www.fotmob.com/teams/238626/overview/su-1-de-dezembro
238631,Sc Joao Ver,sc-joao-ver,https://www.fotmob.com/teams/238631/overview/sc-joao-ver
238635,Poole Town Fc,poole-town-fc,https://www.fotmob.com/teams/238635/overview/poole-town-fc
238671,Paris 13 Atletico,paris-13-atletico,https://www.fotmob.com/teams/238671/overview/paris-13-atletico
238687,Fc Fleury 91,fc-fleury-91,https://www.fotmob.com/teams/238687/overview/fc-fleury-91
238884,Us Granvillaise,us-granvillaise,https://www.fotmob.com/teams/238884/overview/us-granvillaise
238900,Furiani Agliani,furiani-agliani,https://www.fotmob.com/teams/238900/overview/furiani-agliani
238915,Feignies Aulnoye,feignies-aulnoye,https://www.fotmob.com/teams/238915/overview/feignies-aulnoye
238923,Dinan Lehon,dinan-lehon,https://www.fotmob.com/teams/238923/overview/dinan-lehon
239122,Aparecidense,aparecidense,https://www.fotmob.com/teams/239122/overview/aparecidense
239132,Cs Alagoano,cs-alagoano,https://www.fotmob.com/teams/239132/overview/cs-alagoano
239136,Guarai,guarai,https://www.fotmob.com/teams/239136/overview/guarai
239703,Castanhal Ec,castanhal-ec,https://www.fotmob.com/teams/239703/overview/castanhal-ec
239707,Tuna Luso,tuna-luso,https://www.fotmob.com/teams/239707/overview/tuna-luso
239729,Colombia,colombia,https://www.fotmob.com/teams/239729/overview/colombia
239730,Equatorial Guinea,equatorial-guinea,https://www.fotmob.com/teams/239730/overview/equatorial-guinea
240061,Concordia Atletico,concordia-atletico,https://www.fotmob.com/teams/240061/overview/concordia-atletico
241064,Bk Olympic,bk-olympic,https://www.fotmob.com/teams/241064/overview/bk-olympic
241068,Konyaspor Kif,konyaspor-kif,https://www.fotmob.com/teams/241068/overview/konyaspor-kif
241285,Tvaakers If,tvaakers-if,https://www.fotmob.com/teams/241285/overview/tvaakers-if
242698,Sabah,sabah,https://www.fotmob.com/teams/242698/overview/sabah
243243,Chiangrai United,chiangrai-united,https://www.fotmob.com/teams/243243/overview/chiangrai-united
243295,North Carolina Courage,north-carolina-courage,https://www.fotmob.com/teams/243295/overview/north-carolina-courage
243585,Kamatamare Sanuki,kamatamare-sanuki,https://www.fotmob.com/teams/243585/overview/kamatamare-sanuki
243586,Nagano Parceiro,nagano-parceiro,https://www.fotmob.com/teams/243586/overview/nagano-parceiro
243800,Tanjong Pagar United Fc,tanjong-pagar-united-fc,https://www.fotmob.com/teams/243800/overview/tanjong-pagar-united-fc
244164,South Korea,south-korea,https://www.fotmob.com/teams/244164/overview/south-korea
244165,Spain,spain,https://www.fotmob.com/teams/244165/overview/spain
244167,Fortaleza Fc,fortaleza-fc,https://www.fotmob.com/teams/244167/overview/fortaleza-fc
244170,Faroe Islands,faroe-islands,https://www.fotmob.com/teams/244170/overview/faroe-islands
244236,Primavera,primavera,https://www.fotmob.com/teams/244236/overview/primavera
245905,Gwangju Fc,gwangju-fc,https://www.fotmob.com/teams/245905/overview/gwangju-fc
246204,Asane 2,asane-2,https://www.fotmob.com/teams/246204/overview/asane-2
246244,Operario Ms,operario-ms,https://www.fotmob.com/teams/246244/overview/operario-ms
246492,Fc Lahti Akatemia,fc-lahti-akatemia,https://www.fotmob.com/teams/246492/overview/fc-lahti-akatemia
246503,Magallanes,magallanes,https://www.fotmob.com/teams/246503/overview/magallanes
248871,Rfs,rfs,https://www.fotmob.com/teams/248871/overview/rfs
256074,Qatar U21,qatar-u21,https://www.fotmob.com/teams/256074/overview/qatar-u21
256075,Saudi Arabia U21,saudi-arabia-u21,https://www.fotmob.com/teams/256075/overview/saudi-arabia-u21
256076,Guinea U21,guinea-u21,https://www.fotmob.com/teams/256076/overview/guinea-u21
257518,Riteriai,riteriai,https://www.fotmob.com/teams/257518/overview/riteriai
257932,Arendal Fotball,arendal-fotball,https://www.fotmob.com/teams/257932/overview/arendal-fotball
258657,Arsenal,arsenal,https://www.fotmob.com/teams/258657/overview/arsenal
258658,Birmingham City,birmingham-city,https://www.fotmob.com/teams/258658/overview/birmingham-city
258659,Bristol City,bristol-city,https://www.fotmob.com/teams/258659/overview/bristol-city
258661,Chelsea,chelsea,https://www.fotmob.com/teams/258661/overview/chelsea
258663,Everton,everton,https://www.fotmob.com/teams/258663/overview/everton
258665,Liverpool,liverpool,https://www.fotmob.com/teams/258665/overview/liverpool
260273,Pk 35,pk-35,https://www.fotmob.com/teams/260273/overview/pk-35
260901,Denmark U17,denmark-u17,https://www.fotmob.com/teams/260901/overview/denmark-u17
260903,Romania U17,romania-u17,https://www.fotmob.com/teams/260903/overview/romania-u17
262131,Aruba,aruba,https://www.fotmob.com/teams/262131/overview/aruba
262132,Anguilla,anguilla,https://www.fotmob.com/teams/262132/overview/anguilla
262133,Montserrat,montserrat,https://www.fotmob.com/teams/262133/overview/montserrat
262134,Dominican Republic,dominican-republic,https://www.fotmob.com/teams/262134/overview/dominican-republic
262135,British Virgin Islands,british-virgin-islands,https://www.fotmob.com/teams/262135/overview/british-virgin-islands
262136,Us Virgin Islands,us-virgin-islands,https://www.fotmob.com/teams/262136/overview/us-virgin-islands
262137,Turks Caicos Islands,turks-caicos-islands,https://www.fotmob.com/teams/262137/overview/turks-caicos-islands
263040,Croatia U20,croatia-u20,https://www.fotmob.com/teams/263040/overview/croatia-u20
263041,Ecuador U20,ecuador-u20,https://www.fotmob.com/teams/263041/overview/ecuador-u20
263042,Guatemala U20,guatemala-u20,https://www.fotmob.com/teams/263042/overview/guatemala-u20
265234,Congo U17,congo-u17,https://www.fotmob.com/teams/265234/overview/congo-u17
265235,Canada U17,canada-u17,https://www.fotmob.com/teams/265235/overview/canada-u17
265236,Ecuador U17,ecuador-u17,https://www.fotmob.com/teams/265236/overview/ecuador-u17
265237,Jamaica U17,jamaica-u17,https://www.fotmob.com/teams/265237/overview/jamaica-u17
265238,Panama U17,panama-u17,https://www.fotmob.com/teams/265238/overview/panama-u17
265239,Rwanda U17,rwanda-u17,https://www.fotmob.com/teams/265239/overview/rwanda-u17
265240,Uzbekistan U17,uzbekistan-u17,https://www.fotmob.com/teams/265240/overview/uzbekistan-u17
267810,Orlando City,orlando-city,https://www.fotmob.com/teams/267810/overview/orlando-city
267811,Richmond Kickers,richmond-kickers,https://www.fotmob.com/teams/267811/overview/richmond-kickers
267813,Orange County Sc,orange-county-sc,https://www.fotmob.com/teams/267813/overview/orange-county-sc
267816,Pittsburgh Riverhounds Sc,pittsburgh-riverhounds-sc,https://www.fotmob.com/teams/267816/overview/pittsburgh-riverhounds-sc
267818,Charlotte Eagles,charlotte-eagles,https://www.fotmob.com/teams/267818/overview/charlotte-eagles
267819,Dayton Dutch Lions,dayton-dutch-lions,https://www.fotmob.com/teams/267819/overview/dayton-dutch-lions
268557,Fc Alania Vladikavkaz,fc-alania-vladikavkaz,https://www.fotmob.com/teams/268557/overview/fc-alania-vladikavkaz
268834,Ireland U19,ireland-u19,https://www.fotmob.com/teams/268834/overview/ireland-u19
268835,Romania U19,romania-u19,https://www.fotmob.com/teams/268835/overview/romania-u19
269583,Eimsbutteler Tv,eimsbutteler-tv,https://www.fotmob.com/teams/269583/overview/eimsbutteler-tv
271230,Sc Eltersdorf,sc-eltersdorf,https://www.fotmob.com/teams/271230/overview/sc-eltersdorf
271469,Sv Rot Weiss Hadamar,sv-rot-weiss-hadamar,https://www.fotmob.com/teams/271469/overview/sv-rot-weiss-hadamar
271923,Una Strassen,una-strassen,https://www.fotmob.com/teams/271923/overview/una-strassen
272437,Vitalo,vitalo,https://www.fotmob.com/teams/272437/overview/vitalo
272871,Radomlje,radomlje,https://www.fotmob.com/teams/272871/overview/radomlje
273095,Hobro Ii,hobro-ii,https://www.fotmob.com/teams/273095/overview/hobro-ii
273098,Tsv Sasel,tsv-sasel,https://www.fotmob.com/teams/273098/overview/tsv-sasel
273099,Vfl Pinneberg,vfl-pinneberg,https://www.fotmob.com/teams/273099/overview/vfl-pinneberg
273149,Osterbro If,osterbro-if,https://www.fotmob.com/teams/273149/overview/osterbro-if
273525,Chrobry Gogow,chrobry-gogow,https://www.fotmob.com/teams/273525/overview/chrobry-gogow
273750,Pogon Siedlce,pogon-siedlce,https://www.fotmob.com/teams/273750/overview/pogon-siedlce
274583,Patro Eisden,patro-eisden,https://www.fotmob.com/teams/274583/overview/patro-eisden
274594,Wingate Finchley,wingate-finchley,https://www.fotmob.com/teams/274594/overview/wingate-finchley
274599,Chorley,chorley,https://www.fotmob.com/teams/274599/overview/chorley
274600,Rushall Olympic,rushall-olympic,https://www.fotmob.com/teams/274600/overview/rushall-olympic
275027,Afc Totton,afc-totton,https://www.fotmob.com/teams/275027/overview/afc-totton
275029,Frome Town,frome-town,https://www.fotmob.com/teams/275029/overview/frome-town
275929,Ts Woltmershausen,ts-woltmershausen,https://www.fotmob.com/teams/275929/overview/ts-woltmershausen
275930,Fc Union 60,fc-union-60,https://www.fotmob.com/teams/275930/overview/fc-union-60
276267,Viktoria Koln 1904,viktoria-koln-1904,https://www.fotmob.com/teams/276267/overview/viktoria-koln-1904
276511,Gimnasia Y Tiro,gimnasia-y-tiro,https://www.fotmob.com/teams/276511/overview/gimnasia-y-tiro
276800,Cd Choloma,cd-choloma,https://www.fotmob.com/teams/276800/overview/cd-choloma
277392,Cs Constantine,cs-constantine,https://www.fotmob.com/teams/277392/overview/cs-constantine
277394,Deportivo Alaves B,deportivo-alaves-b,https://www.fotmob.com/teams/277394/overview/deportivo-alaves-b
277406,Ue Olot,ue-olot,https://www.fotmob.com/teams/277406/overview/ue-olot
277430,Ca Antoniano,ca-antoniano,https://www.fotmob.com/teams/277430/overview/ca-antoniano
277828,Juventus Fc,juventus-fc,https://www.fotmob.com/teams/277828/overview/juventus-fc
277990,Casertana,casertana,https://www.fotmob.com/teams/277990/overview/casertana
278653,Defensores De Belgrano De Villa Ramallo,defensores-de-belgrano-de-villa-ramallo,https://www.fotmob.com/teams/278653/overview/defensores-de-belgrano-de-villa-ramallo
278659,Szeged Csanad Grosics Akademia,szeged-csanad-grosics-akademia,https://www.fotmob.com/teams/278659/overview/szeged-csanad-grosics-akademia
278805,Deportiva Minera,deportiva-minera,https://www.fotmob.com/teams/278805/overview/deportiva-minera
278806,Cda Aguilas Fc,cda-aguilas-fc,https://www.fotmob.com/teams/278806/overview/cda-aguilas-fc
278960,Jong Fc Utrecht,jong-fc-utrecht,https://www.fotmob.com/teams/278960/overview/jong-fc-utrecht
279096,Pribram,pribram,https://www.fotmob.com/teams/279096/overview/pribram
279308,Csm Slatina,csm-slatina,https://www.fotmob.com/teams/279308/overview/csm-slatina
279309,Chindia Targoviste,chindia-targoviste,https://www.fotmob.com/teams/279309/overview/chindia-targoviste
280216,Amarante Fc,amarante-fc,https://www.fotmob.com/teams/280216/overview/amarante-fc
281460,Umraniyespor,umraniyespor,https://www.fotmob.com/teams/281460/overview/umraniyespor
281467,Erzurumspor Fk,erzurumspor-fk,https://www.fotmob.com/teams/281467/overview/erzurumspor-fk
282326,Salford City,salford-city,https://www.fotmob.com/teams/282326/overview/salford-city
282333,Stamford Afc,stamford-afc,https://www.fotmob.com/teams/282333/overview/stamford-afc
282339,Whyteleafe,whyteleafe,https://www.fotmob.com/teams/282339/overview/whyteleafe
282340,Burgess Hill Town,burgess-hill-town,https://www.fotmob.com/teams/282340/overview/burgess-hill-town
282343,Brentwood Town,brentwood-town,https://www.fotmob.com/teams/282343/overview/brentwood-town
282351,Worthing,worthing,https://www.fotmob.com/teams/282351/overview/worthing
282356,Gosport Borough,gosport-borough,https://www.fotmob.com/teams/282356/overview/gosport-borough
282358,Wimborne Town,wimborne-town,https://www.fotmob.com/teams/282358/overview/wimborne-town
282360,Sholing,sholing,https://www.fotmob.com/teams/282360/overview/sholing
282365,Enfield Town,enfield-town,https://www.fotmob.com/teams/282365/overview/enfield-town
282368,Chatham Town,chatham-town,https://www.fotmob.com/teams/282368/overview/chatham-town
282369,Cheshunt,cheshunt,https://www.fotmob.com/teams/282369/overview/cheshunt
282373,Whitehawk,whitehawk,https://www.fotmob.com/teams/282373/overview/whitehawk
282375,Needham Market,needham-market,https://www.fotmob.com/teams/282375/overview/needham-market
282389,Warrington Town,warrington-town,https://www.fotmob.com/teams/282389/overview/warrington-town
282390,Radcliffe,radcliffe,https://www.fotmob.com/teams/282390/overview/radcliffe
282395,Bamber Bridge,bamber-bridge,https://www.fotmob.com/teams/282395/overview/bamber-bridge
282396,Afc Fylde,afc-fylde,https://www.fotmob.com/teams/282396/overview/afc-fylde
282501,Maldon Tiptree,maldon-tiptree,https://www.fotmob.com/teams/282501/overview/maldon-tiptree
282502,Taunton Town,taunton-town,https://www.fotmob.com/teams/282502/overview/taunton-town
282503,Chertsey Town,chertsey-town,https://www.fotmob.com/teams/282503/overview/chertsey-town
282505,Uxbridge,uxbridge,https://www.fotmob.com/teams/282505/overview/uxbridge
282507,Leighton Town,leighton-town,https://www.fotmob.com/teams/282507/overview/leighton-town
282508,Dulwich Hamlet,dulwich-hamlet,https://www.fotmob.com/teams/282508/overview/dulwich-hamlet
282510,Leek Town,leek-town,https://www.fotmob.com/teams/282510/overview/leek-town
287669,Coastal Union,coastal-union,https://www.fotmob.com/teams/287669/overview/coastal-union
287876,Papua New Guinea,papua-new-guinea,https://www.fotmob.com/teams/287876/overview/papua-new-guinea
287878,Samoa,samoa,https://www.fotmob.com/teams/287878/overview/samoa
287879,American Samoa,american-samoa,https://www.fotmob.com/teams/287879/overview/american-samoa
287880,Cook Islands,cook-islands,https://www.fotmob.com/teams/287880/overview/cook-islands
287881,Tonga,tonga,https://www.fotmob.com/teams/287881/overview/tonga
287978,Somalia,somalia,https://www.fotmob.com/teams/287978/overview/somalia
287979,Sao Tome Principe,sao-tome-principe,https://www.fotmob.com/teams/287979/overview/sao-tome-principe
287980,Dominica,dominica,https://www.fotmob.com/teams/287980/overview/dominica
287981,Curacao,curacao,https://www.fotmob.com/teams/287981/overview/curacao
287982,Cayman Islands,cayman-islands,https://www.fotmob.com/teams/287982/overview/cayman-islands
289334,Fc Stade Lausanne Ouchy,fc-stade-lausanne-ouchy,https://www.fotmob.com/teams/289334/overview/fc-stade-lausanne-ouchy
289802,Bechem United,bechem-united,https://www.fotmob.com/teams/289802/overview/bechem-united
291155,Fk Pohronie,fk-pohronie,https://www.fotmob.com/teams/291155/overview/fk-pohronie
292923,Hebburn Town,hebburn-town,https://www.fotmob.com/teams/292923/overview/hebburn-town
292925,Hanworth Villa,hanworth-villa,https://www.fotmob.com/teams/292925/overview/hanworth-villa
293257,Le Puy,le-puy,https://www.fotmob.com/teams/293257/overview/le-puy
293293,Bourges Foot 18,bourges-foot-18,https://www.fotmob.com/teams/293293/overview/bourges-foot-18
293309,Canet Roussillon,canet-roussillon,https://www.fotmob.com/teams/293309/overview/canet-roussillon
293352,Annecy Fc,annecy-fc,https://www.fotmob.com/teams/293352/overview/annecy-fc
293443,Sc Aubagne Air Bel,sc-aubagne-air-bel,https://www.fotmob.com/teams/293443/overview/sc-aubagne-air-bel
293461,Dieppe,dieppe,https://www.fotmob.com/teams/293461/overview/dieppe
294236,Chambly,chambly,https://www.fotmob.com/teams/294236/overview/chambly
294857,Eintracht Frankfurt,eintracht-frankfurt,https://www.fotmob.com/teams/294857/overview/eintracht-frankfurt
294858,Paris Saint Germain,paris-saint-germain,https://www.fotmob.com/teams/294858/overview/paris-saint-germain
294908,Chantilly Us,chantilly-us,https://www.fotmob.com/teams/294908/overview/chantilly-us
295254,Sao Francisco Pa,sao-francisco-pa,https://www.fotmob.com/teams/295254/overview/sao-francisco-pa
297311,Bragantino Pa,bragantino-pa,https://www.fotmob.com/teams/297311/overview/bragantino-pa
297804,Xv De Piracicaba,xv-de-piracicaba,https://www.fotmob.com/teams/297804/overview/xv-de-piracicaba
298065,Armenia,armenia,https://www.fotmob.com/teams/298065/overview/armenia
298067,Japan U23,japan-u23,https://www.fotmob.com/teams/298067/overview/japan-u23
298068,Bahrain U23,bahrain-u23,https://www.fotmob.com/teams/298068/overview/bahrain-u23
298334,Camboriu Fc,camboriu-fc,https://www.fotmob.com/teams/298334/overview/camboriu-fc
298336,Juazeirense,juazeirense,https://www.fotmob.com/teams/298336/overview/juazeirense
298451,Real Noroeste,real-noroeste,https://www.fotmob.com/teams/298451/overview/real-noroeste
298629,Deportivo Riestra,deportivo-riestra,https://www.fotmob.com/teams/298629/overview/deportivo-riestra
298630,Villa Dalmine,villa-dalmine,https://www.fotmob.com/teams/298630/overview/villa-dalmine
298633,Excursionistas,excursionistas,https://www.fotmob.com/teams/298633/overview/excursionistas
298640,Sarmiento De Resistencia,sarmiento-de-resistencia,https://www.fotmob.com/teams/298640/overview/sarmiento-de-resistencia
298657,Sobradinho Ec,sobradinho-ec,https://www.fotmob.com/teams/298657/overview/sobradinho-ec
298660,Londrina Ec,londrina-ec,https://www.fotmob.com/teams/298660/overview/londrina-ec
298666,Zanzibar,zanzibar,https://www.fotmob.com/teams/298666/overview/zanzibar
299701,Lagarto Fc,lagarto-fc,https://www.fotmob.com/teams/299701/overview/lagarto-fc
300220,Vittsjo Gik,vittsjo-gik,https://www.fotmob.com/teams/300220/overview/vittsjo-gik
300702,South Korea U23,south-korea-u23,https://www.fotmob.com/teams/300702/overview/south-korea-u23
300958,Fk Fyllingsdalen,fk-fyllingsdalen,https://www.fotmob.com/teams/300958/overview/fk-fyllingsdalen
301533,Colinas Ec,colinas-ec,https://www.fotmob.com/teams/301533/overview/colinas-ec
302178,Sarawak Fa,sarawak-fa,https://www.fotmob.com/teams/302178/overview/sarawak-fa
302179,Selangor Ii,selangor-ii,https://www.fotmob.com/teams/302179/overview/selangor-ii
303465,Savedalens If,savedalens-if,https://www.fotmob.com/teams/303465/overview/savedalens-if
303470,Eskilsminne If,eskilsminne-if,https://www.fotmob.com/teams/303470/overview/eskilsminne-if
303472,Karlbergs Bk,karlbergs-bk,https://www.fotmob.com/teams/303472/overview/karlbergs-bk
304032,Qatar U23,qatar-u23,https://www.fotmob.com/teams/304032/overview/qatar-u23
304608,Zenit St Petersburg Ii,zenit-st-petersburg-ii,https://www.fotmob.com/teams/304608/overview/zenit-st-petersburg-ii
304653,Capital Fc,capital-fc,https://www.fotmob.com/teams/304653/overview/capital-fc
304929,Mushuc Runa,mushuc-runa,https://www.fotmob.com/teams/304929/overview/mushuc-runa
305171,Cusco Fc,cusco-fc,https://www.fotmob.com/teams/305171/overview/cusco-fc
305775,Yscc,yscc,https://www.fotmob.com/teams/305775/overview/yscc
305776,Fujieda Myfc,fujieda-myfc,https://www.fotmob.com/teams/305776/overview/fujieda-myfc
307601,England U23,england-u23,https://www.fotmob.com/teams/307601/overview/england-u23
307602,Spain U23,spain-u23,https://www.fotmob.com/teams/307602/overview/spain-u23
307603,Egypt U23,egypt-u23,https://www.fotmob.com/teams/307603/overview/egypt-u23
307690,Portland Timbers,portland-timbers,https://www.fotmob.com/teams/307690/overview/portland-timbers
307691,Vancouver Whitecaps,vancouver-whitecaps,https://www.fotmob.com/teams/307691/overview/vancouver-whitecaps
309016,Chainat Fc,chainat-fc,https://www.fotmob.com/teams/309016/overview/chainat-fc
310094,Alashkert Fc,alashkert-fc,https://www.fotmob.com/teams/310094/overview/alashkert-fc
310874,Froya,froya,https://www.fotmob.com/teams/310874/overview/froya
312976,Septemvri Sofia,septemvri-sofia,https://www.fotmob.com/teams/312976/overview/septemvri-sofia
313963,Georgia U17,georgia-u17,https://www.fotmob.com/teams/313963/overview/georgia-u17
313968,Poland U17,poland-u17,https://www.fotmob.com/teams/313968/overview/poland-u17
313969,Slovenia U17,slovenia-u17,https://www.fotmob.com/teams/313969/overview/slovenia-u17
316030,Oman U21,oman-u21,https://www.fotmob.com/teams/316030/overview/oman-u21
316031,Senegal U21,senegal-u21,https://www.fotmob.com/teams/316031/overview/senegal-u21
316032,Uruguay U21,uruguay-u21,https://www.fotmob.com/teams/316032/overview/uruguay-u21
316033,Egypt U21,egypt-u21,https://www.fotmob.com/teams/316033/overview/egypt-u21
316034,Gabon U21,gabon-u21,https://www.fotmob.com/teams/316034/overview/gabon-u21
316035,Uae U21,uae-u21,https://www.fotmob.com/teams/316035/overview/uae-u21
316111,Oman U23,oman-u23,https://www.fotmob.com/teams/316111/overview/oman-u23
316112,Senegal U23,senegal-u23,https://www.fotmob.com/teams/316112/overview/senegal-u23
316113,Uae U23,uae-u23,https://www.fotmob.com/teams/316113/overview/uae-u23
316114,Gabon U23,gabon-u23,https://www.fotmob.com/teams/316114/overview/gabon-u23
316115,Uruguay U23,uruguay-u23,https://www.fotmob.com/teams/316115/overview/uruguay-u23
316116,Cameroon,cameroon,https://www.fotmob.com/teams/316116/overview/cameroon
316117,Great Britain,great-britain,https://www.fotmob.com/teams/316117/overview/great-britain
316118,South Africa,south-africa,https://www.fotmob.com/teams/316118/overview/south-africa
316149,Mexico U23,mexico-u23,https://www.fotmob.com/teams/316149/overview/mexico-u23
316150,Great Britain U23,great-britain-u23,https://www.fotmob.com/teams/316150/overview/great-britain-u23
316151,Switzerland U23,switzerland-u23,https://www.fotmob.com/teams/316151/overview/switzerland-u23
316152,Belarus U23,belarus-u23,https://www.fotmob.com/teams/316152/overview/belarus-u23
316153,Brazil U23,brazil-u23,https://www.fotmob.com/teams/316153/overview/brazil-u23
316154,New Zealand U23,new-zealand-u23,https://www.fotmob.com/teams/316154/overview/new-zealand-u23
316155,Morocco U23,morocco-u23,https://www.fotmob.com/teams/316155/overview/morocco-u23
316156,Honduras U23,honduras-u23,https://www.fotmob.com/teams/316156/overview/honduras-u23
316296,Llandudno Fc,llandudno-fc,https://www.fotmob.com/teams/316296/overview/llandudno-fc
316297,Flint Town United,flint-town-united,https://www.fotmob.com/teams/316297/overview/flint-town-united
316361,Cambrian United,cambrian-united,https://www.fotmob.com/teams/316361/overview/cambrian-united
316378,Kokand 1912,kokand-1912,https://www.fotmob.com/teams/316378/overview/kokand-1912
316396,Surkhon 2011,surkhon-2011,https://www.fotmob.com/teams/316396/overview/surkhon-2011
316399,Js Saoura,js-saoura,https://www.fotmob.com/teams/316399/overview/js-saoura
316402,Es Mostaganem,es-mostaganem,https://www.fotmob.com/teams/316402/overview/es-mostaganem
316408,Paradou Ac,paradou-ac,https://www.fotmob.com/teams/316408/overview/paradou-ac
316413,Ben Guerdane,ben-guerdane,https://www.fotmob.com/teams/316413/overview/ben-guerdane
316427,Fc Meshakhte Tkibuli,fc-meshakhte-tkibuli,https://www.fotmob.com/teams/316427/overview/fc-meshakhte-tkibuli
316432,Fc Samgurali Tskhaltubo,fc-samgurali-tskhaltubo,https://www.fotmob.com/teams/316432/overview/fc-samgurali-tskhaltubo
316438,Chippa United,chippa-united,https://www.fotmob.com/teams/316438/overview/chippa-united
316480,Kahrbaa Ismailia,kahrbaa-ismailia,https://www.fotmob.com/teams/316480/overview/kahrbaa-ismailia
316652,Rsb Berkane,rsb-berkane,https://www.fotmob.com/teams/316652/overview/rsb-berkane
316657,Ittihad Tanger,ittihad-tanger,https://www.fotmob.com/teams/316657/overview/ittihad-tanger
317232,Argentina U23,argentina-u23,https://www.fotmob.com/teams/317232/overview/argentina-u23
317233,Australia U23,australia-u23,https://www.fotmob.com/teams/317233/overview/australia-u23
317234,Ivory Coast U23,ivory-coast-u23,https://www.fotmob.com/teams/317234/overview/ivory-coast-u23
317235,Serbia U23,serbia-u23,https://www.fotmob.com/teams/317235/overview/serbia-u23
317236,Nigeria U23,nigeria-u23,https://www.fotmob.com/teams/317236/overview/nigeria-u23
317237,Netherlands U23,netherlands-u23,https://www.fotmob.com/teams/317237/overview/netherlands-u23
317238,Usa U23,usa-u23,https://www.fotmob.com/teams/317238/overview/usa-u23
317239,Belgium U23,belgium-u23,https://www.fotmob.com/teams/317239/overview/belgium-u23
317240,China U23,china-u23,https://www.fotmob.com/teams/317240/overview/china-u23
317241,Cameroon U23,cameroon-u23,https://www.fotmob.com/teams/317241/overview/cameroon-u23
317242,Portugal U23,portugal-u23,https://www.fotmob.com/teams/317242/overview/portugal-u23
317824,Belarus U20,belarus-u20,https://www.fotmob.com/teams/317824/overview/belarus-u20
318822,Greece U23,greece-u23,https://www.fotmob.com/teams/318822/overview/greece-u23
318823,Ghana U23,ghana-u23,https://www.fotmob.com/teams/318823/overview/ghana-u23
318824,Costa Rica U23,costa-rica-u23,https://www.fotmob.com/teams/318824/overview/costa-rica-u23
318825,Iraq U23,iraq-u23,https://www.fotmob.com/teams/318825/overview/iraq-u23
318826,Tunisia U23,tunisia-u23,https://www.fotmob.com/teams/318826/overview/tunisia-u23
318827,Paraguay U23,paraguay-u23,https://www.fotmob.com/teams/318827/overview/paraguay-u23
318828,Mali U23,mali-u23,https://www.fotmob.com/teams/318828/overview/mali-u23
319922,Dalvikreynir,dalvikreynir,https://www.fotmob.com/teams/319922/overview/dalvikreynir
319923,Throttur Vogar,throttur-vogar,https://www.fotmob.com/teams/319923/overview/throttur-vogar
320835,Union Touarga Sport,union-touarga-sport,https://www.fotmob.com/teams/320835/overview/union-touarga-sport
321618,Estonia U19,estonia-u19,https://www.fotmob.com/teams/321618/overview/estonia-u19
321780,Fc Rustavi,fc-rustavi,https://www.fotmob.com/teams/321780/overview/fc-rustavi
323834,Western Sydney Wanderers Fc,western-sydney-wanderers-fc,https://www.fotmob.com/teams/323834/overview/western-sydney-wanderers-fc
324771,Fk Arsenal Tivat,fk-arsenal-tivat,https://www.fotmob.com/teams/324771/overview/fk-arsenal-tivat
331631,Aez Zakakiou,aez-zakakiou,https://www.fotmob.com/teams/331631/overview/aez-zakakiou
335416,Fc Stk 1914 Samorin,fc-stk-1914-samorin,https://www.fotmob.com/teams/335416/overview/fc-stk-1914-samorin
338301,Sporting Cp B,sporting-cp-b,https://www.fotmob.com/teams/338301/overview/sporting-cp-b
338302,Benfica B,benfica-b,https://www.fotmob.com/teams/338302/overview/benfica-b
338303,Braga B,braga-b,https://www.fotmob.com/teams/338303/overview/braga-b
338304,Fc Porto B,fc-porto-b,https://www.fotmob.com/teams/338304/overview/fc-porto-b
338305,Vitoria De Guimaraes B,vitoria-de-guimaraes-b,https://www.fotmob.com/teams/338305/overview/vitoria-de-guimaraes-b
338317,Three Bridges,three-bridges,https://www.fotmob.com/teams/338317/overview/three-bridges
338321,Augsburg Ii,augsburg-ii,https://www.fotmob.com/teams/338321/overview/augsburg-ii
339999,Vsg Altglienicke,vsg-altglienicke,https://www.fotmob.com/teams/339999/overview/vsg-altglienicke
340004,Sv Lichtenberg 47,sv-lichtenberg-47,https://www.fotmob.com/teams/340004/overview/sv-lichtenberg-47
340708,Atletico Olympic,atletico-olympic,https://www.fotmob.com/teams/340708/overview/atletico-olympic
340718,Djk Ammerthal,djk-ammerthal,https://www.fotmob.com/teams/340718/overview/djk-ammerthal
340719,Tsv Aubstadt,tsv-aubstadt,https://www.fotmob.com/teams/340719/overview/tsv-aubstadt
340721,Asv Neumarkt,asv-neumarkt,https://www.fotmob.com/teams/340721/overview/asv-neumarkt
340723,Djk Don Bosco Bamberg,djk-don-bosco-bamberg,https://www.fotmob.com/teams/340723/overview/djk-don-bosco-bamberg
340732,Vfb Eichstatt,vfb-eichstatt,https://www.fotmob.com/teams/340732/overview/vfb-eichstatt
340734,Spvgg Hankofen Hailing,spvgg-hankofen-hailing,https://www.fotmob.com/teams/340734/overview/spvgg-hankofen-hailing
340735,Tsv Kottern,tsv-kottern,https://www.fotmob.com/teams/340735/overview/tsv-kottern
340736,Spvgg Landshut,spvgg-landshut,https://www.fotmob.com/teams/340736/overview/spvgg-landshut
340737,Tsv Schwabmunchen,tsv-schwabmunchen,https://www.fotmob.com/teams/340737/overview/tsv-schwabmunchen
343376,Fc Germania Egestorf Langreder,fc-germania-egestorf-langreder,https://www.fotmob.com/teams/343376/overview/fc-germania-egestorf-langreder
343377,Ssv Jeddeloh,ssv-jeddeloh,https://www.fotmob.com/teams/343377/overview/ssv-jeddeloh
343851,Fc 1931 Eddersheim,fc-1931-eddersheim,https://www.fotmob.com/teams/343851/overview/fc-1931-eddersheim
343856,Einheit Rudolstadt,einheit-rudolstadt,https://www.fotmob.com/teams/343856/overview/einheit-rudolstadt
348397,Llaneros Fc,llaneros-fc,https://www.fotmob.com/teams/348397/overview/llaneros-fc
352390,Marumo Gallants,marumo-gallants,https://www.fotmob.com/teams/352390/overview/marumo-gallants
354496,Ca Alvarado,ca-alvarado,https://www.fotmob.com/teams/354496/overview/ca-alvarado
354520,Sportfreunde Baumberg,sportfreunde-baumberg,https://www.fotmob.com/teams/354520/overview/sportfreunde-baumberg
354531,Ratinger Sv,ratinger-sv,https://www.fotmob.com/teams/354531/overview/ratinger-sv
354532,Sv Sonsbeck,sv-sonsbeck,https://www.fotmob.com/teams/354532/overview/sv-sonsbeck
354537,Tus Ennepetal,tus-ennepetal,https://www.fotmob.com/teams/354537/overview/tus-ennepetal
354538,Fc Gievenbeck,fc-gievenbeck,https://www.fotmob.com/teams/354538/overview/fc-gievenbeck
354857,Malta U17,malta-u17,https://www.fotmob.com/teams/354857/overview/malta-u17
355345,Aqvital Fc Csakvar,aqvital-fc-csakvar,https://www.fotmob.com/teams/355345/overview/aqvital-fc-csakvar
355346,Puskas Fc Academy,puskas-fc-academy,https://www.fotmob.com/teams/355346/overview/puskas-fc-academy
357239,Cf Talavera De La Reina,cf-talavera-de-la-reina,https://www.fotmob.com/teams/357239/overview/cf-talavera-de-la-reina
357259,Ad Ceuta Fc,ad-ceuta-fc,https://www.fotmob.com/teams/357259/overview/ad-ceuta-fc
357261,Linares Deportivo,linares-deportivo,https://www.fotmob.com/teams/357261/overview/linares-deportivo
357274,Corum Fk,corum-fk,https://www.fotmob.com/teams/357274/overview/corum-fk
358094,Sk Prostejov,sk-prostejov,https://www.fotmob.com/teams/358094/overview/sk-prostejov
358101,Dalstorps If,dalstorps-if,https://www.fotmob.com/teams/358101/overview/dalstorps-if
358691,Albania U17,albania-u17,https://www.fotmob.com/teams/358691/overview/albania-u17
359330,Peamount United,peamount-united,https://www.fotmob.com/teams/359330/overview/peamount-united
361374,Iran U19,iran-u19,https://www.fotmob.com/teams/361374/overview/iran-u19
361375,Uzbekistan U19,uzbekistan-u19,https://www.fotmob.com/teams/361375/overview/uzbekistan-u19
364182,Azerbaijan U19,azerbaijan-u19,https://www.fotmob.com/teams/364182/overview/azerbaijan-u19
364183,Moldova U19,moldova-u19,https://www.fotmob.com/teams/364183/overview/moldova-u19
364411,Fc Unirea Slobozia,fc-unirea-slobozia,https://www.fotmob.com/teams/364411/overview/fc-unirea-slobozia
365280,Metropolitanos Fc,metropolitanos-fc,https://www.fotmob.com/teams/365280/overview/metropolitanos-fc
371716,Juventud Torremolinos Cf,juventud-torremolinos-cf,https://www.fotmob.com/teams/371716/overview/juventud-torremolinos-cf
384385,Romania U18,romania-u18,https://www.fotmob.com/teams/384385/overview/romania-u18
384389,Moldova U18,moldova-u18,https://www.fotmob.com/teams/384389/overview/moldova-u18
387997,Israel U19,israel-u19,https://www.fotmob.com/teams/387997/overview/israel-u19
388881,Chile U21,chile-u21,https://www.fotmob.com/teams/388881/overview/chile-u21
388915,Montenegro U19,montenegro-u19,https://www.fotmob.com/teams/388915/overview/montenegro-u19
389880,Gol Gohar,gol-gohar,https://www.fotmob.com/teams/389880/overview/gol-gohar
391727,Belarus U19,belarus-u19,https://www.fotmob.com/teams/391727/overview/belarus-u19
391930,Serbia U20,serbia-u20,https://www.fotmob.com/teams/391930/overview/serbia-u20
391931,Kazakhstan,kazakhstan,https://www.fotmob.com/teams/391931/overview/kazakhstan
391932,Serbia,serbia,https://www.fotmob.com/teams/391932/overview/serbia
391933,Bosnia Herzegovina,bosnia-herzegovina,https://www.fotmob.com/teams/391933/overview/bosnia-herzegovina
391935,North Macedonia,north-macedonia,https://www.fotmob.com/teams/391935/overview/north-macedonia
391939,Czechia,czechia,https://www.fotmob.com/teams/391939/overview/czechia
391941,Slovenia,slovenia,https://www.fotmob.com/teams/391941/overview/slovenia
391943,Switzerland,switzerland,https://www.fotmob.com/teams/391943/overview/switzerland
392200,Nassaji Mazandaran Fc,nassaji-mazandaran-fc,https://www.fotmob.com/teams/392200/overview/nassaji-mazandaran-fc
393208,Uzbekistan U16,uzbekistan-u16,https://www.fotmob.com/teams/393208/overview/uzbekistan-u16
393211,North Korea U16,north-korea-u16,https://www.fotmob.com/teams/393211/overview/north-korea-u16
393212,South Korea U16,south-korea-u16,https://www.fotmob.com/teams/393212/overview/south-korea-u16
393213,India U16,india-u16,https://www.fotmob.com/teams/393213/overview/india-u16
393214,Japan U16,japan-u16,https://www.fotmob.com/teams/393214/overview/japan-u16
393215,Saudi Arabia U16,saudi-arabia-u16,https://www.fotmob.com/teams/393215/overview/saudi-arabia-u16
393693,Thailand U16,thailand-u16,https://www.fotmob.com/teams/393693/overview/thailand-u16
393694,Iraq U16,iraq-u16,https://www.fotmob.com/teams/393694/overview/iraq-u16
393695,Bosnia Herzegovina U17,bosnia-herzegovina-u17,https://www.fotmob.com/teams/393695/overview/bosnia-herzegovina-u17
393696,Yemen U16,yemen-u16,https://www.fotmob.com/teams/393696/overview/yemen-u16
393697,Oman U16,oman-u16,https://www.fotmob.com/teams/393697/overview/oman-u16
393698,Australia U16,australia-u16,https://www.fotmob.com/teams/393698/overview/australia-u16
393699,Iran U16,iran-u16,https://www.fotmob.com/teams/393699/overview/iran-u16
393751,France U17,france-u17,https://www.fotmob.com/teams/393751/overview/france-u17
393770,Azerbaijan U17,azerbaijan-u17,https://www.fotmob.com/teams/393770/overview/azerbaijan-u17
394067,Syria U16,syria-u16,https://www.fotmob.com/teams/394067/overview/syria-u16
394068,Moldova U17,moldova-u17,https://www.fotmob.com/teams/394068/overview/moldova-u17
394069,Armenia U17,armenia-u17,https://www.fotmob.com/teams/394069/overview/armenia-u17
394070,Armenia U17,armenia-u17,https://www.fotmob.com/teams/394070/overview/armenia-u17
394119,Ol Lyonnes,ol-lyonnes,https://www.fotmob.com/teams/394119/overview/ol-lyonnes
394120,Pk 35 Vantaa,pk-35-vantaa,https://www.fotmob.com/teams/394120/overview/pk-35-vantaa
394121,Vfl Wolfsburg,vfl-wolfsburg,https://www.fotmob.com/teams/394121/overview/vfl-wolfsburg
394223,Kuwait U16,kuwait-u16,https://www.fotmob.com/teams/394223/overview/kuwait-u16
394224,Laos U16,laos-u16,https://www.fotmob.com/teams/394224/overview/laos-u16
394231,Austria,austria,https://www.fotmob.com/teams/394231/overview/austria
394232,Belarus,belarus,https://www.fotmob.com/teams/394232/overview/belarus
394233,Belgium,belgium,https://www.fotmob.com/teams/394233/overview/belgium
394234,Bulgaria,bulgaria,https://www.fotmob.com/teams/394234/overview/bulgaria
394235,Croatia,croatia,https://www.fotmob.com/teams/394235/overview/croatia
394237,Estonia,estonia,https://www.fotmob.com/teams/394237/overview/estonia
394239,Georgia,georgia,https://www.fotmob.com/teams/394239/overview/georgia
394240,Hungary,hungary,https://www.fotmob.com/teams/394240/overview/hungary
394241,Ireland,ireland,https://www.fotmob.com/teams/394241/overview/ireland
394243,Israel,israel,https://www.fotmob.com/teams/394243/overview/israel
394244,Latvia,latvia,https://www.fotmob.com/teams/394244/overview/latvia
394245,Lithuania,lithuania,https://www.fotmob.com/teams/394245/overview/lithuania
394246,Luxembourg,luxembourg,https://www.fotmob.com/teams/394246/overview/luxembourg
394247,Malta,malta,https://www.fotmob.com/teams/394247/overview/malta
394248,Northern Ireland,northern-ireland,https://www.fotmob.com/teams/394248/overview/northern-ireland
394250,Poland,poland,https://www.fotmob.com/teams/394250/overview/poland
394251,Romania,romania,https://www.fotmob.com/teams/394251/overview/romania
394252,Turkiye,turkiye,https://www.fotmob.com/teams/394252/overview/turkiye
394253,Wales,wales,https://www.fotmob.com/teams/394253/overview/wales
394461,China U16,china-u16,https://www.fotmob.com/teams/394461/overview/china-u16
394619,Esteghlal Khuzestan,esteghlal-khuzestan,https://www.fotmob.com/teams/394619/overview/esteghlal-khuzestan
394620,Mes Rafsanjan,mes-rafsanjan,https://www.fotmob.com/teams/394620/overview/mes-rafsanjan
395311,Denmark U17,denmark-u17,https://www.fotmob.com/teams/395311/overview/denmark-u17
395312,Serbia U17,serbia-u17,https://www.fotmob.com/teams/395312/overview/serbia-u17
395313,Belarus U17,belarus-u17,https://www.fotmob.com/teams/395313/overview/belarus-u17
395314,Ireland U17,ireland-u17,https://www.fotmob.com/teams/395314/overview/ireland-u17
395315,Sweden U17,sweden-u17,https://www.fotmob.com/teams/395315/overview/sweden-u17
395316,North Macedonia U17,north-macedonia-u17,https://www.fotmob.com/teams/395316/overview/north-macedonia-u17
395613,Montevideo City Torque,montevideo-city-torque,https://www.fotmob.com/teams/395613/overview/montevideo-city-torque
395799,Finland U17,finland-u17,https://www.fotmob.com/teams/395799/overview/finland-u17
395959,Scotland U17,scotland-u17,https://www.fotmob.com/teams/395959/overview/scotland-u17
395962,North Macedonia U17,north-macedonia-u17,https://www.fotmob.com/teams/395962/overview/north-macedonia-u17
395963,Poland U18,poland-u18,https://www.fotmob.com/teams/395963/overview/poland-u18
395964,Slovenia U18,slovenia-u18,https://www.fotmob.com/teams/395964/overview/slovenia-u18
396142,Niroye Zamini,niroye-zamini,https://www.fotmob.com/teams/396142/overview/niroye-zamini
397669,Slovakia U19,slovakia-u19,https://www.fotmob.com/teams/397669/overview/slovakia-u19
397670,Kazakhstan U19,kazakhstan-u19,https://www.fotmob.com/teams/397670/overview/kazakhstan-u19
397671,Bosnia Herzegovina U19,bosnia-herzegovina-u19,https://www.fotmob.com/teams/397671/overview/bosnia-herzegovina-u19
397927,Albania U19,albania-u19,https://www.fotmob.com/teams/397927/overview/albania-u19
399382,England C,england-c,https://www.fotmob.com/teams/399382/overview/england-c
399573,Liechtenstein U17,liechtenstein-u17,https://www.fotmob.com/teams/399573/overview/liechtenstein-u17
399617,Switzerland U17,switzerland-u17,https://www.fotmob.com/teams/399617/overview/switzerland-u17
399618,Bulgaria U17,bulgaria-u17,https://www.fotmob.com/teams/399618/overview/bulgaria-u17
399619,Belgium U17,belgium-u17,https://www.fotmob.com/teams/399619/overview/belgium-u17
399620,Bulgaria U17,bulgaria-u17,https://www.fotmob.com/teams/399620/overview/bulgaria-u17
399714,Moldova U17,moldova-u17,https://www.fotmob.com/teams/399714/overview/moldova-u17
400334,Pakistan U18,pakistan-u18,https://www.fotmob.com/teams/400334/overview/pakistan-u18
400335,Indonesia U18,indonesia-u18,https://www.fotmob.com/teams/400335/overview/indonesia-u18
400336,Iran U18,iran-u18,https://www.fotmob.com/teams/400336/overview/iran-u18
400337,North Korea U18,north-korea-u18,https://www.fotmob.com/teams/400337/overview/north-korea-u18
400338,Thailand U18,thailand-u18,https://www.fotmob.com/teams/400338/overview/thailand-u18
400339,Brunei U18,brunei-u18,https://www.fotmob.com/teams/400339/overview/brunei-u18
400340,Malaysia U18,malaysia-u18,https://www.fotmob.com/teams/400340/overview/malaysia-u18
400341,Hong Kong U18,hong-kong-u18,https://www.fotmob.com/teams/400341/overview/hong-kong-u18
400350,Scotland U19,scotland-u19,https://www.fotmob.com/teams/400350/overview/scotland-u19
400351,Belarus U19,belarus-u19,https://www.fotmob.com/teams/400351/overview/belarus-u19
400352,Hungary U19,hungary-u19,https://www.fotmob.com/teams/400352/overview/hungary-u19
400353,Lithuania U19,lithuania-u19,https://www.fotmob.com/teams/400353/overview/lithuania-u19
400354,Poland U19,poland-u19,https://www.fotmob.com/teams/400354/overview/poland-u19
400355,Northern Ireland U19,northern-ireland-u19,https://www.fotmob.com/teams/400355/overview/northern-ireland-u19
400356,Czechia U19,czechia-u19,https://www.fotmob.com/teams/400356/overview/czechia-u19
400357,Bosnia Herzegovina U19,bosnia-herzegovina-u19,https://www.fotmob.com/teams/400357/overview/bosnia-herzegovina-u19
400358,Portugal U19,portugal-u19,https://www.fotmob.com/teams/400358/overview/portugal-u19
400359,North Macedonia U19,north-macedonia-u19,https://www.fotmob.com/teams/400359/overview/north-macedonia-u19
400360,Norway U19,norway-u19,https://www.fotmob.com/teams/400360/overview/norway-u19
400361,Turkiye U19,turkiye-u19,https://www.fotmob.com/teams/400361/overview/turkiye-u19
400362,Belgium U19,belgium-u19,https://www.fotmob.com/teams/400362/overview/belgium-u19
400363,Croatia U19,croatia-u19,https://www.fotmob.com/teams/400363/overview/croatia-u19
400502,Sri Lanka U18,sri-lanka-u18,https://www.fotmob.com/teams/400502/overview/sri-lanka-u18
400504,China U18,china-u18,https://www.fotmob.com/teams/400504/overview/china-u18
400826,Ireland U19,ireland-u19,https://www.fotmob.com/teams/400826/overview/ireland-u19
400827,Serbia U19,serbia-u19,https://www.fotmob.com/teams/400827/overview/serbia-u19
400828,Latvia U19,latvia-u19,https://www.fotmob.com/teams/400828/overview/latvia-u19
400829,Cyprus U19,cyprus-u19,https://www.fotmob.com/teams/400829/overview/cyprus-u19
401654,Ado Den Haag,ado-den-haag,https://www.fotmob.com/teams/401654/overview/ado-den-haag
401657,Barcelona,barcelona,https://www.fotmob.com/teams/401657/overview/barcelona
401872,Andorra U17,andorra-u17,https://www.fotmob.com/teams/401872/overview/andorra-u17
401873,Andorra U19,andorra-u19,https://www.fotmob.com/teams/401873/overview/andorra-u19
401874,Austria U17,austria-u17,https://www.fotmob.com/teams/401874/overview/austria-u17
401875,Azerbaijan U17,azerbaijan-u17,https://www.fotmob.com/teams/401875/overview/azerbaijan-u17
401876,Cyprus U17,cyprus-u17,https://www.fotmob.com/teams/401876/overview/cyprus-u17
401877,Cyprus U19,cyprus-u19,https://www.fotmob.com/teams/401877/overview/cyprus-u19
401878,Denmark U19,denmark-u19,https://www.fotmob.com/teams/401878/overview/denmark-u19
401879,Estonia U17,estonia-u17,https://www.fotmob.com/teams/401879/overview/estonia-u17
401880,Faroe Islands U19,faroe-islands-u19,https://www.fotmob.com/teams/401880/overview/faroe-islands-u19
401881,Faroe Islands U17,faroe-islands-u17,https://www.fotmob.com/teams/401881/overview/faroe-islands-u17
401882,Finland U19,finland-u19,https://www.fotmob.com/teams/401882/overview/finland-u19
401883,Finland U17,finland-u17,https://www.fotmob.com/teams/401883/overview/finland-u17
401884,Kazakhstan U17,kazakhstan-u17,https://www.fotmob.com/teams/401884/overview/kazakhstan-u17
401885,Georgia U19,georgia-u19,https://www.fotmob.com/teams/401885/overview/georgia-u19
401886,Iceland U19,iceland-u19,https://www.fotmob.com/teams/401886/overview/iceland-u19
401887,Latvia U17,latvia-u17,https://www.fotmob.com/teams/401887/overview/latvia-u17
401888,Latvia U19,latvia-u19,https://www.fotmob.com/teams/401888/overview/latvia-u19
401889,Lithuania U17,lithuania-u17,https://www.fotmob.com/teams/401889/overview/lithuania-u17
401890,Luxembourg U19,luxembourg-u19,https://www.fotmob.com/teams/401890/overview/luxembourg-u19
401891,Wales U17,wales-u17,https://www.fotmob.com/teams/401891/overview/wales-u17
401892,Wales U19,wales-u19,https://www.fotmob.com/teams/401892/overview/wales-u19
401893,Sweden U19,sweden-u19,https://www.fotmob.com/teams/401893/overview/sweden-u19
401894,San Marino U19,san-marino-u19,https://www.fotmob.com/teams/401894/overview/san-marino-u19
401895,San Marino U17,san-marino-u17,https://www.fotmob.com/teams/401895/overview/san-marino-u17
401896,Malta U19,malta-u19,https://www.fotmob.com/teams/401896/overview/malta-u19
401897,North Macedonia U19,north-macedonia-u19,https://www.fotmob.com/teams/401897/overview/north-macedonia-u19
401898,Montenegro U17,montenegro-u17,https://www.fotmob.com/teams/401898/overview/montenegro-u17
401899,Northern Ireland U17,northern-ireland-u17,https://www.fotmob.com/teams/401899/overview/northern-ireland-u17
401900,Norway U17,norway-u17,https://www.fotmob.com/teams/401900/overview/norway-u17
402098,Austria U17,austria-u17,https://www.fotmob.com/teams/402098/overview/austria-u17
402099,Austria U19,austria-u19,https://www.fotmob.com/teams/402099/overview/austria-u19
402100,Azerbaijan U19,azerbaijan-u19,https://www.fotmob.com/teams/402100/overview/azerbaijan-u19
402101,Bosnia Herzegovina U17,bosnia-herzegovina-u17,https://www.fotmob.com/teams/402101/overview/bosnia-herzegovina-u17
402102,Bulgaria U19,bulgaria-u19,https://www.fotmob.com/teams/402102/overview/bulgaria-u19
402103,Croatia U17,croatia-u17,https://www.fotmob.com/teams/402103/overview/croatia-u17
402104,Czechia U17,czechia-u17,https://www.fotmob.com/teams/402104/overview/czechia-u17
402105,Denmark U19,denmark-u19,https://www.fotmob.com/teams/402105/overview/denmark-u19
402106,England U19,england-u19,https://www.fotmob.com/teams/402106/overview/england-u19
402107,England U17,england-u17,https://www.fotmob.com/teams/402107/overview/england-u17
402108,Estonia U17,estonia-u17,https://www.fotmob.com/teams/402108/overview/estonia-u17
402109,Estonia U19,estonia-u19,https://www.fotmob.com/teams/402109/overview/estonia-u19
402110,Faroe Islands U17,faroe-islands-u17,https://www.fotmob.com/teams/402110/overview/faroe-islands-u17
402111,Faroe Islands U19,faroe-islands-u19,https://www.fotmob.com/teams/402111/overview/faroe-islands-u19
402112,Finland U19,finland-u19,https://www.fotmob.com/teams/402112/overview/finland-u19
402113,Georgia U17,georgia-u17,https://www.fotmob.com/teams/402113/overview/georgia-u17
402114,Georgia U19,georgia-u19,https://www.fotmob.com/teams/402114/overview/georgia-u19
402115,Germany U17,germany-u17,https://www.fotmob.com/teams/402115/overview/germany-u17
402116,Germany U19,germany-u19,https://www.fotmob.com/teams/402116/overview/germany-u19
402117,Greece U17,greece-u17,https://www.fotmob.com/teams/402117/overview/greece-u17
402118,Greece U19,greece-u19,https://www.fotmob.com/teams/402118/overview/greece-u19
402119,Hungary U17,hungary-u17,https://www.fotmob.com/teams/402119/overview/hungary-u17
402120,Iceland U17,iceland-u17,https://www.fotmob.com/teams/402120/overview/iceland-u17
402121,Iceland U19,iceland-u19,https://www.fotmob.com/teams/402121/overview/iceland-u19
402122,Israel U17,israel-u17,https://www.fotmob.com/teams/402122/overview/israel-u17
402123,Israel U19,israel-u19,https://www.fotmob.com/teams/402123/overview/israel-u19
402124,Italy U17,italy-u17,https://www.fotmob.com/teams/402124/overview/italy-u17
402125,Italy U19,italy-u19,https://www.fotmob.com/teams/402125/overview/italy-u19
402126,Kazakhstan U17,kazakhstan-u17,https://www.fotmob.com/teams/402126/overview/kazakhstan-u17
402127,Kazakhstan U19,kazakhstan-u19,https://www.fotmob.com/teams/402127/overview/kazakhstan-u19
402129,Moldova U19,moldova-u19,https://www.fotmob.com/teams/402129/overview/moldova-u19
402130,Montenegro U17,montenegro-u17,https://www.fotmob.com/teams/402130/overview/montenegro-u17
402131,Montenegro U19,montenegro-u19,https://www.fotmob.com/teams/402131/overview/montenegro-u19
402132,Latvia U17,latvia-u17,https://www.fotmob.com/teams/402132/overview/latvia-u17
402133,Lithuania U17,lithuania-u17,https://www.fotmob.com/teams/402133/overview/lithuania-u17
402134,Northern Ireland U17,northern-ireland-u17,https://www.fotmob.com/teams/402134/overview/northern-ireland-u17
402135,Netherlands U17,netherlands-u17,https://www.fotmob.com/teams/402135/overview/netherlands-u17
402136,Netherlands U19,netherlands-u19,https://www.fotmob.com/teams/402136/overview/netherlands-u19
402137,Norway U17,norway-u17,https://www.fotmob.com/teams/402137/overview/norway-u17
402138,Poland U17,poland-u17,https://www.fotmob.com/teams/402138/overview/poland-u17
402139,Romania U17,romania-u17,https://www.fotmob.com/teams/402139/overview/romania-u17
402140,Romania U19,romania-u19,https://www.fotmob.com/teams/402140/overview/romania-u19
402141,Russia U17,russia-u17,https://www.fotmob.com/teams/402141/overview/russia-u17
402142,Russia U19,russia-u19,https://www.fotmob.com/teams/402142/overview/russia-u19
402143,Slovakia U17,slovakia-u17,https://www.fotmob.com/teams/402143/overview/slovakia-u17
402144,Slovakia U19,slovakia-u19,https://www.fotmob.com/teams/402144/overview/slovakia-u19
402145,Slovenia U17,slovenia-u17,https://www.fotmob.com/teams/402145/overview/slovenia-u17
402146,Slovenia U19,slovenia-u19,https://www.fotmob.com/teams/402146/overview/slovenia-u19
402147,Spain U17,spain-u17,https://www.fotmob.com/teams/402147/overview/spain-u17
402148,Spain U19,spain-u19,https://www.fotmob.com/teams/402148/overview/spain-u19
402149,Sweden U17,sweden-u17,https://www.fotmob.com/teams/402149/overview/sweden-u17
402150,Sweden U19,sweden-u19,https://www.fotmob.com/teams/402150/overview/sweden-u19
402151,Switzerland U19,switzerland-u19,https://www.fotmob.com/teams/402151/overview/switzerland-u19
402152,Turkiye U17,turkiye-u17,https://www.fotmob.com/teams/402152/overview/turkiye-u17
402153,Ukraine U17,ukraine-u17,https://www.fotmob.com/teams/402153/overview/ukraine-u17
402154,Ukraine U19,ukraine-u19,https://www.fotmob.com/teams/402154/overview/ukraine-u19
402155,Wales U17,wales-u17,https://www.fotmob.com/teams/402155/overview/wales-u17
402156,Wales U19,wales-u19,https://www.fotmob.com/teams/402156/overview/wales-u19
402236,Asc Biesheim,asc-biesheim,https://www.fotmob.com/teams/402236/overview/asc-biesheim
402254,Fc Montlouis,fc-montlouis,https://www.fotmob.com/teams/402254/overview/fc-montlouis
402290,Racing Club De France,racing-club-de-france,https://www.fotmob.com/teams/402290/overview/racing-club-de-france
402309,Fc Limonest Dardilly Saint Didier,fc-limonest-dardilly-saint-didier,https://www.fotmob.com/teams/402309/overview/fc-limonest-dardilly-saint-didier
403283,Moldova U16,moldova-u16,https://www.fotmob.com/teams/403283/overview/moldova-u16
403284,Romania U16,romania-u16,https://www.fotmob.com/teams/403284/overview/romania-u16
404509,Fc Metaloglobus Bucuresti,fc-metaloglobus-bucuresti,https://www.fotmob.com/teams/404509/overview/fc-metaloglobus-bucuresti
405332,Fc Voluntari,fc-voluntari,https://www.fotmob.com/teams/405332/overview/fc-voluntari
405357,Csl Stefanesti,csl-stefanesti,https://www.fotmob.com/teams/405357/overview/csl-stefanesti
405958,Etoile Metlaoui,etoile-metlaoui,https://www.fotmob.com/teams/405958/overview/etoile-metlaoui
408082,Fukushima United,fukushima-united,https://www.fotmob.com/teams/408082/overview/fukushima-united
408231,South Sudan,south-sudan,https://www.fotmob.com/teams/408231/overview/south-sudan
408362,Cs Afumati,cs-afumati,https://www.fotmob.com/teams/408362/overview/cs-afumati
408363,Csm Resita,csm-resita,https://www.fotmob.com/teams/408363/overview/csm-resita
409398,France U19,france-u19,https://www.fotmob.com/teams/409398/overview/france-u19
410059,Malta U19,malta-u19,https://www.fotmob.com/teams/410059/overview/malta-u19
410060,Malta U17,malta-u17,https://www.fotmob.com/teams/410060/overview/malta-u17
410061,Albania U19,albania-u19,https://www.fotmob.com/teams/410061/overview/albania-u19
410062,Albania U17,albania-u17,https://www.fotmob.com/teams/410062/overview/albania-u17
410824,Ec Jacuipense,ec-jacuipense,https://www.fotmob.com/teams/410824/overview/ec-jacuipense
410825,Maracana Ec,maracana-ec,https://www.fotmob.com/teams/410825/overview/maracana-ec
412014,Portugal U17,portugal-u17,https://www.fotmob.com/teams/412014/overview/portugal-u17
412808,Anapolis Fc,anapolis-fc,https://www.fotmob.com/teams/412808/overview/anapolis-fc
413468,Lysekloster,lysekloster,https://www.fotmob.com/teams/413468/overview/lysekloster
414224,Serbia U16,serbia-u16,https://www.fotmob.com/teams/414224/overview/serbia-u16
414725,Tombense Fc,tombense-fc,https://www.fotmob.com/teams/414725/overview/tombense-fc
416613,Northern Mariana Islands,northern-mariana-islands,https://www.fotmob.com/teams/416613/overview/northern-mariana-islands
417003,Albania,albania,https://www.fotmob.com/teams/417003/overview/albania
417004,Montenegro,montenegro,https://www.fotmob.com/teams/417004/overview/montenegro
417517,El Salvador U20,el-salvador-u20,https://www.fotmob.com/teams/417517/overview/el-salvador-u20
418688,Hassleholms If,hassleholms-if,https://www.fotmob.com/teams/418688/overview/hassleholms-if
419845,Turkmenistan U21,turkmenistan-u21,https://www.fotmob.com/teams/419845/overview/turkmenistan-u21
421345,Suphanburi Fc,suphanburi-fc,https://www.fotmob.com/teams/421345/overview/suphanburi-fc
421346,Ratchaburi Fc,ratchaburi-fc,https://www.fotmob.com/teams/421346/overview/ratchaburi-fc
422123,Galvez Ec,galvez-ec,https://www.fotmob.com/teams/422123/overview/galvez-ec
422130,Tajikistan U21,tajikistan-u21,https://www.fotmob.com/teams/422130/overview/tajikistan-u21
422131,Kyrgyzstan U21,kyrgyzstan-u21,https://www.fotmob.com/teams/422131/overview/kyrgyzstan-u21
422694,Cosmos,cosmos,https://www.fotmob.com/teams/422694/overview/cosmos
422974,Sc Sagamihara,sc-sagamihara,https://www.fotmob.com/teams/422974/overview/sc-sagamihara
423361,Norway U16,norway-u16,https://www.fotmob.com/teams/423361/overview/norway-u16
423362,Denmark U16,denmark-u16,https://www.fotmob.com/teams/423362/overview/denmark-u16
423363,Ukraine U16,ukraine-u16,https://www.fotmob.com/teams/423363/overview/ukraine-u16
423364,Czechia U16,czechia-u16,https://www.fotmob.com/teams/423364/overview/czechia-u16
423365,Turkiye U16,turkiye-u16,https://www.fotmob.com/teams/423365/overview/turkiye-u16
423366,Greece U16,greece-u16,https://www.fotmob.com/teams/423366/overview/greece-u16
423367,France U16,france-u16,https://www.fotmob.com/teams/423367/overview/france-u16
423369,Belgium U16,belgium-u16,https://www.fotmob.com/teams/423369/overview/belgium-u16
424268,Phoenix Rising Fc,phoenix-rising-fc,https://www.fotmob.com/teams/424268/overview/phoenix-rising-fc
424270,Cd Jaguares,cd-jaguares,https://www.fotmob.com/teams/424270/overview/cd-jaguares
425692,Cd Ut Cajamarca,cd-ut-cajamarca,https://www.fotmob.com/teams/425692/overview/cd-ut-cajamarca
425965,Ca Ferrocarril Midland,ca-ferrocarril-midland,https://www.fotmob.com/teams/425965/overview/ca-ferrocarril-midland
425967,Ca Defensores Unidos,ca-defensores-unidos,https://www.fotmob.com/teams/425967/overview/ca-defensores-unidos
425968,Cd Uai Urquiza,cd-uai-urquiza,https://www.fotmob.com/teams/425968/overview/cd-uai-urquiza
426452,Hapoel Afula,hapoel-afula,https://www.fotmob.com/teams/426452/overview/hapoel-afula
428037,Long Island Rough Riders,long-island-rough-riders,https://www.fotmob.com/teams/428037/overview/long-island-rough-riders
428157,Lokomotiv Oslo Fk,lokomotiv-oslo-fk,https://www.fotmob.com/teams/428157/overview/lokomotiv-oslo-fk
428159,Hallingdal Fk,hallingdal-fk,https://www.fotmob.com/teams/428159/overview/hallingdal-fk
429438,Lyn Fotball,lyn-fotball,https://www.fotmob.com/teams/429438/overview/lyn-fotball
429440,Fc Anyang,fc-anyang,https://www.fotmob.com/teams/429440/overview/fc-anyang
429441,Bucheon Fc 1995,bucheon-fc-1995,https://www.fotmob.com/teams/429441/overview/bucheon-fc-1995
429442,Chungnam Asan Fc,chungnam-asan-fc,https://www.fotmob.com/teams/429442/overview/chungnam-asan-fc
429619,Slovenia U16,slovenia-u16,https://www.fotmob.com/teams/429619/overview/slovenia-u16
429859,Magesi Fc,magesi-fc,https://www.fotmob.com/teams/429859/overview/magesi-fc
430156,Kosovo,kosovo,https://www.fotmob.com/teams/430156/overview/kosovo
430157,Kosovo U17,kosovo-u17,https://www.fotmob.com/teams/430157/overview/kosovo-u17
430189,El Kanemi Warriors,el-kanemi-warriors,https://www.fotmob.com/teams/430189/overview/el-kanemi-warriors
433029,Portland Thorns,portland-thorns,https://www.fotmob.com/teams/433029/overview/portland-thorns
433030,Washington Spirit,washington-spirit,https://www.fotmob.com/teams/433030/overview/washington-spirit
433031,Seattle Reign Fc,seattle-reign-fc,https://www.fotmob.com/teams/433031/overview/seattle-reign-fc
434263,Serbia U18,serbia-u18,https://www.fotmob.com/teams/434263/overview/serbia-u18
434729,Israel U16,israel-u16,https://www.fotmob.com/teams/434729/overview/israel-u16
434730,Azerbaijan U16,azerbaijan-u16,https://www.fotmob.com/teams/434730/overview/azerbaijan-u16
434731,Malta U16,malta-u16,https://www.fotmob.com/teams/434731/overview/malta-u16
435608,Malta U16,malta-u16,https://www.fotmob.com/teams/435608/overview/malta-u16
435609,Israel U16,israel-u16,https://www.fotmob.com/teams/435609/overview/israel-u16
435610,Greece U16,greece-u16,https://www.fotmob.com/teams/435610/overview/greece-u16
435611,Azerbaijan U16,azerbaijan-u16,https://www.fotmob.com/teams/435611/overview/azerbaijan-u16
435612,Greece U20,greece-u20,https://www.fotmob.com/teams/435612/overview/greece-u20
435613,Estonia U20,estonia-u20,https://www.fotmob.com/teams/435613/overview/estonia-u20
436661,Algeria U20,algeria-u20,https://www.fotmob.com/teams/436661/overview/algeria-u20
437577,Cuba U20,cuba-u20,https://www.fotmob.com/teams/437577/overview/cuba-u20
437578,Iraq U20,iraq-u20,https://www.fotmob.com/teams/437578/overview/iraq-u20
438114,Unik Fk,unik-fk,https://www.fotmob.com/teams/438114/overview/unik-fk
438278,Finland U18,finland-u18,https://www.fotmob.com/teams/438278/overview/finland-u18
438778,Slovakia U17,slovakia-u17,https://www.fotmob.com/teams/438778/overview/slovakia-u17
438815,Slovakia U16,slovakia-u16,https://www.fotmob.com/teams/438815/overview/slovakia-u16
438816,Romania U16,romania-u16,https://www.fotmob.com/teams/438816/overview/romania-u16
438817,Moldova U16,moldova-u16,https://www.fotmob.com/teams/438817/overview/moldova-u16
438818,Serbia U16,serbia-u16,https://www.fotmob.com/teams/438818/overview/serbia-u16
438819,Slovakia U16,slovakia-u16,https://www.fotmob.com/teams/438819/overview/slovakia-u16
439132,Fk Kauno Zalgiris,fk-kauno-zalgiris,https://www.fotmob.com/teams/439132/overview/fk-kauno-zalgiris
439306,Dr Congo U20,dr-congo-u20,https://www.fotmob.com/teams/439306/overview/dr-congo-u20
439329,Isloch,isloch,https://www.fotmob.com/teams/439329/overview/isloch
443176,Montenegro U18,montenegro-u18,https://www.fotmob.com/teams/443176/overview/montenegro-u18
443177,Austria U18,austria-u18,https://www.fotmob.com/teams/443177/overview/austria-u18
447083,Kyrgyzstan U17,kyrgyzstan-u17,https://www.fotmob.com/teams/447083/overview/kyrgyzstan-u17
447419,Jordan U17,jordan-u17,https://www.fotmob.com/teams/447419/overview/jordan-u17
449429,Magni,magni,https://www.fotmob.com/teams/449429/overview/magni
449624,North Macedonia U18,north-macedonia-u18,https://www.fotmob.com/teams/449624/overview/north-macedonia-u18
451310,Iraq U17,iraq-u17,https://www.fotmob.com/teams/451310/overview/iraq-u17
452823,Alebrijes Oaxaca,alebrijes-oaxaca,https://www.fotmob.com/teams/452823/overview/alebrijes-oaxaca
455494,Jong Psv,jong-psv,https://www.fotmob.com/teams/455494/overview/jong-psv
456851,Tunisia U19,tunisia-u19,https://www.fotmob.com/teams/456851/overview/tunisia-u19
457350,Fc Twente,fc-twente,https://www.fotmob.com/teams/457350/overview/fc-twente
457638,Nykobing Fc,nykobing-fc,https://www.fotmob.com/teams/457638/overview/nykobing-fc
457679,Fc Pipinsried,fc-pipinsried,https://www.fotmob.com/teams/457679/overview/fc-pipinsried
458623,Stal Mielec,stal-mielec,https://www.fotmob.com/teams/458623/overview/stal-mielec
459581,Stratford Town,stratford-town,https://www.fotmob.com/teams/459581/overview/stratford-town
459591,Hapoel Jerusalem Fc,hapoel-jerusalem-fc,https://www.fotmob.com/teams/459591/overview/hapoel-jerusalem-fc
461336,Vri,vri,https://www.fotmob.com/teams/461336/overview/vri
461822,Union Sandersdorf,union-sandersdorf,https://www.fotmob.com/teams/461822/overview/union-sandersdorf
461971,Art Municipal Jalapa,art-municipal-jalapa,https://www.fotmob.com/teams/461971/overview/art-municipal-jalapa
462236,Strogino,strogino,https://www.fotmob.com/teams/462236/overview/strogino
463183,Spartak Moscow Ii,spartak-moscow-ii,https://www.fotmob.com/teams/463183/overview/spartak-moscow-ii
463461,Fk Radnik Surdulica,fk-radnik-surdulica,https://www.fotmob.com/teams/463461/overview/fk-radnik-surdulica
464131,Fv Ravensburg,fv-ravensburg,https://www.fotmob.com/teams/464131/overview/fv-ravensburg
464134,Sv Oberachern,sv-oberachern,https://www.fotmob.com/teams/464134/overview/sv-oberachern
464239,Vfb Hilden,vfb-hilden,https://www.fotmob.com/teams/464239/overview/vfb-hilden
464250,Independiente De La Chorrera,independiente-de-la-chorrera,https://www.fotmob.com/teams/464250/overview/independiente-de-la-chorrera
465112,La Union Cf,la-union-cf,https://www.fotmob.com/teams/465112/overview/la-union-cf
465376,Sv Rodinghausen,sv-rodinghausen,https://www.fotmob.com/teams/465376/overview/sv-rodinghausen
465380,Hertha Wiesbach,hertha-wiesbach,https://www.fotmob.com/teams/465380/overview/hertha-wiesbach
465382,Kisvarda,kisvarda,https://www.fotmob.com/teams/465382/overview/kisvarda
465620,Mbeya City,mbeya-city,https://www.fotmob.com/teams/465620/overview/mbeya-city
465626,Sg Barockstadt Fulda Lehnerz,sg-barockstadt-fulda-lehnerz,https://www.fotmob.com/teams/465626/overview/sg-barockstadt-fulda-lehnerz
465631,K Lierse Sk,k-lierse-sk,https://www.fotmob.com/teams/465631/overview/k-lierse-sk
465716,Ca Chaco Ever,ca-chaco-ever,https://www.fotmob.com/teams/465716/overview/ca-chaco-ever
468676,Karmiotissa Pano Polemidion,karmiotissa-pano-polemidion,https://www.fotmob.com/teams/468676/overview/karmiotissa-pano-polemidion
474326,Felgueiras 1932,felgueiras-1932,https://www.fotmob.com/teams/474326/overview/felgueiras-1932
474518,Bra,bra,https://www.fotmob.com/teams/474518/overview/bra
474519,Virtus Verona,virtus-verona,https://www.fotmob.com/teams/474519/overview/virtus-verona
474521,Pergolettese,pergolettese,https://www.fotmob.com/teams/474521/overview/pergolettese
474525,Arosa Sc,arosa-sc,https://www.fotmob.com/teams/474525/overview/arosa-sc
474592,Penybont,penybont,https://www.fotmob.com/teams/474592/overview/penybont
479143,Fk Panevezys,fk-panevezys,https://www.fotmob.com/teams/479143/overview/fk-panevezys
479160,Al Fahaheel,al-fahaheel,https://www.fotmob.com/teams/479160/overview/al-fahaheel
479711,Gibraltar U19,gibraltar-u19,https://www.fotmob.com/teams/479711/overview/gibraltar-u19
479712,Liechtenstein U19,liechtenstein-u19,https://www.fotmob.com/teams/479712/overview/liechtenstein-u19
480286,Universitatea Craiova,universitatea-craiova,https://www.fotmob.com/teams/480286/overview/universitatea-craiova
480291,Iberia 1999,iberia-1999,https://www.fotmob.com/teams/480291/overview/iberia-1999
480292,Gibraltar U17,gibraltar-u17,https://www.fotmob.com/teams/480292/overview/gibraltar-u17
482938,Morocco U17,morocco-u17,https://www.fotmob.com/teams/482938/overview/morocco-u17
482939,Venezuela U17,venezuela-u17,https://www.fotmob.com/teams/482939/overview/venezuela-u17
484260,Dvs 33,dvs-33,https://www.fotmob.com/teams/484260/overview/dvs-33
485832,Araz Pfk,araz-pfk,https://www.fotmob.com/teams/485832/overview/araz-pfk
485935,Bengaluru Fc,bengaluru-fc,https://www.fotmob.com/teams/485935/overview/bengaluru-fc
488099,Kifisia Fc,kifisia-fc,https://www.fotmob.com/teams/488099/overview/kifisia-fc
488110,Pae Chania,pae-chania,https://www.fotmob.com/teams/488110/overview/pae-chania
488116,Apo Panargiakos,apo-panargiakos,https://www.fotmob.com/teams/488116/overview/apo-panargiakos
488150,Nestos Chrisoupolis,nestos-chrisoupolis,https://www.fotmob.com/teams/488150/overview/nestos-chrisoupolis
488158,Kampaniakos Chalastras,kampaniakos-chalastras,https://www.fotmob.com/teams/488158/overview/kampaniakos-chalastras
490334,Salamanca Cf Uds,salamanca-cf-uds,https://www.fotmob.com/teams/490334/overview/salamanca-cf-uds
490775,Naft Gachsaran,naft-gachsaran,https://www.fotmob.com/teams/490775/overview/naft-gachsaran
494050,Fc Andorra,fc-andorra,https://www.fotmob.com/teams/494050/overview/fc-andorra
507764,Gibraltar,gibraltar,https://www.fotmob.com/teams/507764/overview/gibraltar
509487,Maringa Fc,maringa-fc,https://www.fotmob.com/teams/509487/overview/maringa-fc
510793,Uniao Recreativa Dos Trabalhadores,uniao-recreativa-dos-trabalhadores,https://www.fotmob.com/teams/510793/overview/uniao-recreativa-dos-trabalhadores
512258,Galicia Ec,galicia-ec,https://www.fotmob.com/teams/512258/overview/galicia-ec
512378,Globo Fc,globo-fc,https://www.fotmob.com/teams/512378/overview/globo-fc
512379,Manaus Fc,manaus-fc,https://www.fotmob.com/teams/512379/overview/manaus-fc
514392,Eskilstuna United Dff,eskilstuna-united-dff,https://www.fotmob.com/teams/514392/overview/eskilstuna-united-dff
514649,Indy Eleven,indy-eleven,https://www.fotmob.com/teams/514649/overview/indy-eleven
517337,Ifk Ostersund,ifk-ostersund,https://www.fotmob.com/teams/517337/overview/ifk-ostersund
517894,Pyramids Fc,pyramids-fc,https://www.fotmob.com/teams/517894/overview/pyramids-fc
519457,Delfin,delfin,https://www.fotmob.com/teams/519457/overview/delfin
520517,Galway United Fc,galway-united-fc,https://www.fotmob.com/teams/520517/overview/galway-united-fc
520679,Abia Warriors,abia-warriors,https://www.fotmob.com/teams/520679/overview/abia-warriors
521004,Sacramento Republic Fc,sacramento-republic-fc,https://www.fotmob.com/teams/521004/overview/sacramento-republic-fc
521005,Ventura County Fc,ventura-county-fc,https://www.fotmob.com/teams/521005/overview/ventura-county-fc
521233,Houston Dash,houston-dash,https://www.fotmob.com/teams/521233/overview/houston-dash
521392,Grulla Morioka,grulla-morioka,https://www.fotmob.com/teams/521392/overview/grulla-morioka
522326,Durham Women Fc,durham-women-fc,https://www.fotmob.com/teams/522326/overview/durham-women-fc
525114,Trygglade,trygglade,https://www.fotmob.com/teams/525114/overview/trygglade
525250,Dutch East Indies,dutch-east-indies,https://www.fotmob.com/teams/525250/overview/dutch-east-indies
525251,Zaire,zaire,https://www.fotmob.com/teams/525251/overview/zaire
525252,East Germany,east-germany,https://www.fotmob.com/teams/525252/overview/east-germany
525255,Soviet Union,soviet-union,https://www.fotmob.com/teams/525255/overview/soviet-union
525403,Holywell Town,holywell-town,https://www.fotmob.com/teams/525403/overview/holywell-town
536945,Comerciantes Unidos,comerciantes-unidos,https://www.fotmob.com/teams/536945/overview/comerciantes-unidos
537430,Tromso,tromso,https://www.fotmob.com/teams/537430/overview/tromso
538070,Lidkopings Fk,lidkopings-fk,https://www.fotmob.com/teams/538070/overview/lidkopings-fk
540229,Heeslinger Sc,heeslinger-sc,https://www.fotmob.com/teams/540229/overview/heeslinger-sc
540853,Fc Lehigh Valley United Rush,fc-lehigh-valley-united-rush,https://www.fotmob.com/teams/540853/overview/fc-lehigh-valley-united-rush
540855,Detroit City Fc,detroit-city-fc,https://www.fotmob.com/teams/540855/overview/detroit-city-fc
540857,Western Mass Pioneers,western-mass-pioneers,https://www.fotmob.com/teams/540857/overview/western-mass-pioneers
540863,Ventura County Fusion,ventura-county-fusion,https://www.fotmob.com/teams/540863/overview/ventura-county-fusion
540876,Ocean City Noreasters,ocean-city-noreasters,https://www.fotmob.com/teams/540876/overview/ocean-city-noreasters
540878,Reading United Ac,reading-united-ac,https://www.fotmob.com/teams/540878/overview/reading-united-ac
540881,Flint City Bucks,flint-city-bucks,https://www.fotmob.com/teams/540881/overview/flint-city-bucks
540884,Chattanooga Fc,chattanooga-fc,https://www.fotmob.com/teams/540884/overview/chattanooga-fc
540889,Des Moines Menace,des-moines-menace,https://www.fotmob.com/teams/540889/overview/des-moines-menace
540893,Laredo Heat,laredo-heat,https://www.fotmob.com/teams/540893/overview/laredo-heat
542586,Kfg,kfg,https://www.fotmob.com/teams/542586/overview/kfg
543580,Ironi Tiberias,ironi-tiberias,https://www.fotmob.com/teams/543580/overview/ironi-tiberias
545023,Hjk,hjk,https://www.fotmob.com/teams/545023/overview/hjk
546140,Abkhazia,abkhazia,https://www.fotmob.com/teams/546140/overview/abkhazia
546141,Arameans Suryoye,arameans-suryoye,https://www.fotmob.com/teams/546141/overview/arameans-suryoye
546142,Kurdistan,kurdistan,https://www.fotmob.com/teams/546142/overview/kurdistan
546143,Nagorno Karabakh,nagorno-karabakh,https://www.fotmob.com/teams/546143/overview/nagorno-karabakh
546144,South Ossetia,south-ossetia,https://www.fotmob.com/teams/546144/overview/south-ossetia
546145,Tamil Eelam,tamil-eelam,https://www.fotmob.com/teams/546145/overview/tamil-eelam
546146,Darfur,darfur,https://www.fotmob.com/teams/546146/overview/darfur
546147,County Nice,county-nice,https://www.fotmob.com/teams/546147/overview/county-nice
546148,Isle Man,isle-man,https://www.fotmob.com/teams/546148/overview/isle-man
546149,Occitania,occitania,https://www.fotmob.com/teams/546149/overview/occitania
546150,Padania,padania,https://www.fotmob.com/teams/546150/overview/padania
546151,Sapmi,sapmi,https://www.fotmob.com/teams/546151/overview/sapmi
546238,New York City Fc,new-york-city-fc,https://www.fotmob.com/teams/546238/overview/new-york-city-fc
550433,Al Khaleej,al-khaleej,https://www.fotmob.com/teams/550433/overview/al-khaleej
550910,Ifk Norrkoping,ifk-norrkoping,https://www.fotmob.com/teams/550910/overview/ifk-norrkoping
552493,Aland United,aland-united,https://www.fotmob.com/teams/552493/overview/aland-united
553156,Sweden U16,sweden-u16,https://www.fotmob.com/teams/553156/overview/sweden-u16
553157,Iceland U16,iceland-u16,https://www.fotmob.com/teams/553157/overview/iceland-u16
553296,Ilves,ilves,https://www.fotmob.com/teams/553296/overview/ilves
553297,Vifk,vifk,https://www.fotmob.com/teams/553297/overview/vifk
553311,Fc Gladsaxe,fc-gladsaxe,https://www.fotmob.com/teams/553311/overview/fc-gladsaxe
553807,Arsenal Tula Ii,arsenal-tula-ii,https://www.fotmob.com/teams/553807/overview/arsenal-tula-ii
553809,Lokomotiv Gorna Oryahovitsa,lokomotiv-gorna-oryahovitsa,https://www.fotmob.com/teams/553809/overview/lokomotiv-gorna-oryahovitsa
554004,Vaxjo Dff,vaxjo-dff,https://www.fotmob.com/teams/554004/overview/vaxjo-dff
554037,Nakhon Ratchasima Fc,nakhon-ratchasima-fc,https://www.fotmob.com/teams/554037/overview/nakhon-ratchasima-fc
555266,Norway U16,norway-u16,https://www.fotmob.com/teams/555266/overview/norway-u16
555267,Germany U16,germany-u16,https://www.fotmob.com/teams/555267/overview/germany-u16
555270,England U16,england-u16,https://www.fotmob.com/teams/555270/overview/england-u16
555271,Netherlands U16,netherlands-u16,https://www.fotmob.com/teams/555271/overview/netherlands-u16
555275,Denmark U16,denmark-u16,https://www.fotmob.com/teams/555275/overview/denmark-u16
555278,Finland U16,finland-u16,https://www.fotmob.com/teams/555278/overview/finland-u16
555292,Skalica,skalica,https://www.fotmob.com/teams/555292/overview/skalica
555500,Fv Diefflen,fv-diefflen,https://www.fotmob.com/teams/555500/overview/fv-diefflen
555501,Tsv Schott Mainz,tsv-schott-mainz,https://www.fotmob.com/teams/555501/overview/tsv-schott-mainz
555673,Chertanovo Moscow,chertanovo-moscow,https://www.fotmob.com/teams/555673/overview/chertanovo-moscow
557101,Spennymoor Town Fc,spennymoor-town-fc,https://www.fotmob.com/teams/557101/overview/spennymoor-town-fc
557227,Yangon United,yangon-united,https://www.fotmob.com/teams/557227/overview/yangon-united
557328,Inter Bratislava,inter-bratislava,https://www.fotmob.com/teams/557328/overview/inter-bratislava
557350,Tsv Landsberg,tsv-landsberg,https://www.fotmob.com/teams/557350/overview/tsv-landsberg
557352,Djk Vilzing,djk-vilzing,https://www.fotmob.com/teams/557352/overview/djk-vilzing
557355,Tsv Neudrossenfeld,tsv-neudrossenfeld,https://www.fotmob.com/teams/557355/overview/tsv-neudrossenfeld
557592,Tsv Steinbach,tsv-steinbach,https://www.fotmob.com/teams/557592/overview/tsv-steinbach
557682,Spelle Venhaus,spelle-venhaus,https://www.fotmob.com/teams/557682/overview/spelle-venhaus
557692,Fc Bocholt,fc-bocholt,https://www.fotmob.com/teams/557692/overview/fc-bocholt
557877,Mof Customs United,mof-customs-united,https://www.fotmob.com/teams/557877/overview/mof-customs-united
557896,United City,united-city,https://www.fotmob.com/teams/557896/overview/united-city
558259,Kryvbas,kryvbas,https://www.fotmob.com/teams/558259/overview/kryvbas
558381,Zilina B,zilina-b,https://www.fotmob.com/teams/558381/overview/zilina-b
558382,Mfk Zvolen,mfk-zvolen,https://www.fotmob.com/teams/558382/overview/mfk-zvolen
558663,Troyes B,troyes-b,https://www.fotmob.com/teams/558663/overview/troyes-b
558881,Indonesia U23,indonesia-u23,https://www.fotmob.com/teams/558881/overview/indonesia-u23
559015,Fc Suederelbe,fc-suederelbe,https://www.fotmob.com/teams/559015/overview/fc-suederelbe
559154,Leher,leher,https://www.fotmob.com/teams/559154/overview/leher
559291,Aegir,aegir,https://www.fotmob.com/teams/559291/overview/aegir
559443,Asc Dortmund,asc-dortmund,https://www.fotmob.com/teams/559443/overview/asc-dortmund
559612,Koninklijke Hfc,koninklijke-hfc,https://www.fotmob.com/teams/559612/overview/koninklijke-hfc
559777,Soroksar Sc,soroksar-sc,https://www.fotmob.com/teams/559777/overview/soroksar-sc
560953,Cardiff Met University,cardiff-met-university,https://www.fotmob.com/teams/560953/overview/cardiff-met-university
560955,Briton Ferry,briton-ferry,https://www.fotmob.com/teams/560955/overview/briton-ferry
561565,Uthai Thani Fc,uthai-thani-fc,https://www.fotmob.com/teams/561565/overview/uthai-thani-fc
561981,Cs Petrocub,cs-petrocub,https://www.fotmob.com/teams/561981/overview/cs-petrocub
563180,Macva Sabac,macva-sabac,https://www.fotmob.com/teams/563180/overview/macva-sabac
564561,Sisaket United,sisaket-united,https://www.fotmob.com/teams/564561/overview/sisaket-united
566806,Sevastopol,sevastopol,https://www.fotmob.com/teams/566806/overview/sevastopol
568569,Fk Imt Beograd,fk-imt-beograd,https://www.fotmob.com/teams/568569/overview/fk-imt-beograd
568590,Al Shahaniya,al-shahaniya,https://www.fotmob.com/teams/568590/overview/al-shahaniya
568594,Tahiti U17,tahiti-u17,https://www.fotmob.com/teams/568594/overview/tahiti-u17
568706,Deportivo Madryn,deportivo-madryn,https://www.fotmob.com/teams/568706/overview/deportivo-madryn
568714,Club Atletico Mitre,club-atletico-mitre,https://www.fotmob.com/teams/568714/overview/club-atletico-mitre
568718,Sol De America Formosa,sol-de-america-formosa,https://www.fotmob.com/teams/568718/overview/sol-de-america-formosa
568723,Independiente Chivilcoy,independiente-chivilcoy,https://www.fotmob.com/teams/568723/overview/independiente-chivilcoy
568727,Gimnasia Mendoza,gimnasia-mendoza,https://www.fotmob.com/teams/568727/overview/gimnasia-mendoza
568741,Giana Erminio,giana-erminio,https://www.fotmob.com/teams/568741/overview/giana-erminio
568859,Krabi Fc,krabi-fc,https://www.fotmob.com/teams/568859/overview/krabi-fc
568862,Timor Leste U19,timor-leste-u19,https://www.fotmob.com/teams/568862/overview/timor-leste-u19
568865,Myanmar U19,myanmar-u19,https://www.fotmob.com/teams/568865/overview/myanmar-u19
568866,Thailand U19,thailand-u19,https://www.fotmob.com/teams/568866/overview/thailand-u19
568867,Singapore U19,singapore-u19,https://www.fotmob.com/teams/568867/overview/singapore-u19
568868,Vietnam U19,vietnam-u19,https://www.fotmob.com/teams/568868/overview/vietnam-u19
570487,Olympique Dcheira,olympique-dcheira,https://www.fotmob.com/teams/570487/overview/olympique-dcheira
574626,Dlr Waves,dlr-waves,https://www.fotmob.com/teams/574626/overview/dlr-waves
575419,East Kilbride,east-kilbride,https://www.fotmob.com/teams/575419/overview/east-kilbride
576184,Gamla Upsala,gamla-upsala,https://www.fotmob.com/teams/576184/overview/gamla-upsala
576202,Ifk Trelleborg Fk,ifk-trelleborg-fk,https://www.fotmob.com/teams/576202/overview/ifk-trelleborg-fk
577619,Zira,zira,https://www.fotmob.com/teams/577619/overview/zira
578228,Phrae United,phrae-united,https://www.fotmob.com/teams/578228/overview/phrae-united
578650,Fc Goa,fc-goa,https://www.fotmob.com/teams/578650/overview/fc-goa
578651,Mohun Bagan Sg,mohun-bagan-sg,https://www.fotmob.com/teams/578651/overview/mohun-bagan-sg
578652,Chennaiyin Fc,chennaiyin-fc,https://www.fotmob.com/teams/578652/overview/chennaiyin-fc
578653,Odisha Fc,odisha-fc,https://www.fotmob.com/teams/578653/overview/odisha-fc
578654,Kerala Blasters Fc,kerala-blasters-fc,https://www.fotmob.com/teams/578654/overview/kerala-blasters-fc
578655,Mumbai City Fc,mumbai-city-fc,https://www.fotmob.com/teams/578655/overview/mumbai-city-fc
578656,Northeast United Fc,northeast-united-fc,https://www.fotmob.com/teams/578656/overview/northeast-united-fc
580181,Kari,kari,https://www.fotmob.com/teams/580181/overview/kari
580286,Yantra,yantra,https://www.fotmob.com/teams/580286/overview/yantra
580382,Scarborough Athletic,scarborough-athletic,https://www.fotmob.com/teams/580382/overview/scarborough-athletic
580400,Spalding United,spalding-united,https://www.fotmob.com/teams/580400/overview/spalding-united
580402,Cleethorpes Town,cleethorpes-town,https://www.fotmob.com/teams/580402/overview/cleethorpes-town
580438,Dorking Wanderers,dorking-wanderers,https://www.fotmob.com/teams/580438/overview/dorking-wanderers
580691,Gremio Prudente,gremio-prudente,https://www.fotmob.com/teams/580691/overview/gremio-prudente
581007,Ac Nagano Parceiro Ladies,ac-nagano-parceiro-ladies,https://www.fotmob.com/teams/581007/overview/ac-nagano-parceiro-ladies
581345,Pharco Fc,pharco-fc,https://www.fotmob.com/teams/581345/overview/pharco-fc
581802,Dock Sud,dock-sud,https://www.fotmob.com/teams/581802/overview/dock-sud
581805,Ca Talleres Remedios De Escalada,ca-talleres-remedios-de-escalada,https://www.fotmob.com/teams/581805/overview/ca-talleres-remedios-de-escalada
581807,Argentino De Quilmes,argentino-de-quilmes,https://www.fotmob.com/teams/581807/overview/argentino-de-quilmes
581808,Laferrere,laferrere,https://www.fotmob.com/teams/581808/overview/laferrere
581809,Argentino De Merlo,argentino-de-merlo,https://www.fotmob.com/teams/581809/overview/argentino-de-merlo
581820,Ituzaingo,ituzaingo,https://www.fotmob.com/teams/581820/overview/ituzaingo
581822,Cs Deportivo Liniers,cs-deportivo-liniers,https://www.fotmob.com/teams/581822/overview/cs-deportivo-liniers
581825,San Martin Burzaco,san-martin-burzaco,https://www.fotmob.com/teams/581825/overview/san-martin-burzaco
581826,Ca San Miguel,ca-san-miguel,https://www.fotmob.com/teams/581826/overview/ca-san-miguel
581830,Capivariano,capivariano,https://www.fotmob.com/teams/581830/overview/capivariano
581831,Sao Bento,sao-bento,https://www.fotmob.com/teams/581831/overview/sao-bento
581832,Ferroviaria,ferroviaria,https://www.fotmob.com/teams/581832/overview/ferroviaria
581836,Sao Jose Sp,sao-jose-sp,https://www.fotmob.com/teams/581836/overview/sao-jose-sp
581838,Novorizontino,novorizontino,https://www.fotmob.com/teams/581838/overview/novorizontino
581840,Inter De Limeira,inter-de-limeira,https://www.fotmob.com/teams/581840/overview/inter-de-limeira
581842,Agua Santa,agua-santa,https://www.fotmob.com/teams/581842/overview/agua-santa
581844,Votuporanguense,votuporanguense,https://www.fotmob.com/teams/581844/overview/votuporanguense
581846,Taubate,taubate,https://www.fotmob.com/teams/581846/overview/taubate
581848,Juventus Sp,juventus-sp,https://www.fotmob.com/teams/581848/overview/juventus-sp
581877,Primavera Sp,primavera-sp,https://www.fotmob.com/teams/581877/overview/primavera-sp
581903,Sampaio Correa Rj,sampaio-correa-rj,https://www.fotmob.com/teams/581903/overview/sampaio-correa-rj
581912,Portuguesa Rj,portuguesa-rj,https://www.fotmob.com/teams/581912/overview/portuguesa-rj
582549,Espergaerde If,espergaerde-if,https://www.fotmob.com/teams/582549/overview/espergaerde-if
582697,Sfb Oure Fa,sfb-oure-fa,https://www.fotmob.com/teams/582697/overview/sfb-oure-fa
582739,Al Riyadh,al-riyadh,https://www.fotmob.com/teams/582739/overview/al-riyadh
582749,Al Fayha,al-fayha,https://www.fotmob.com/teams/582749/overview/al-fayha
582838,Hanwell Town,hanwell-town,https://www.fotmob.com/teams/582838/overview/hanwell-town
583034,Persis Solo,persis-solo,https://www.fotmob.com/teams/583034/overview/persis-solo
583037,Nojima Stella,nojima-stella,https://www.fotmob.com/teams/583037/overview/nojima-stella
583129,Obolon Kyiv,obolon-kyiv,https://www.fotmob.com/teams/583129/overview/obolon-kyiv
583690,Csikszereda Miercurea Ciuc,csikszereda-miercurea-ciuc,https://www.fotmob.com/teams/583690/overview/csikszereda-miercurea-ciuc
583706,Sepsi Osk,sepsi-osk,https://www.fotmob.com/teams/583706/overview/sepsi-osk
583877,Beerschot,beerschot,https://www.fotmob.com/teams/583877/overview/beerschot
583944,Padova,padova,https://www.fotmob.com/teams/583944/overview/padova
583958,Arzignanochiampo,arzignanochiampo,https://www.fotmob.com/teams/583958/overview/arzignanochiampo
584022,Cesena,cesena,https://www.fotmob.com/teams/584022/overview/cesena
584069,Pianese,pianese,https://www.fotmob.com/teams/584069/overview/pianese
584242,Jequie,jequie,https://www.fotmob.com/teams/584242/overview/jequie
584246,Foz Do Iguacu,foz-do-iguacu,https://www.fotmob.com/teams/584246/overview/foz-do-iguacu
584262,Decisao,decisao,https://www.fotmob.com/teams/584262/overview/decisao
584281,Iguatu,iguatu,https://www.fotmob.com/teams/584281/overview/iguatu
584394,Como Women,como-women,https://www.fotmob.com/teams/584394/overview/como-women
584402,Roma,roma,https://www.fotmob.com/teams/584402/overview/roma
584412,Rkav Volendam,rkav-volendam,https://www.fotmob.com/teams/584412/overview/rkav-volendam
584417,Rijnvogels,rijnvogels,https://www.fotmob.com/teams/584417/overview/rijnvogels
584552,Burnley Fc Women,burnley-fc-women,https://www.fotmob.com/teams/584552/overview/burnley-fc-women
584663,Uta Arad,uta-arad,https://www.fotmob.com/teams/584663/overview/uta-arad
584714,Nomme United,nomme-united,https://www.fotmob.com/teams/584714/overview/nomme-united
584746,Nara Club,nara-club,https://www.fotmob.com/teams/584746/overview/nara-club
584834,Deportes Santa Cruz,deportes-santa-cruz,https://www.fotmob.com/teams/584834/overview/deportes-santa-cruz
584840,Deportes Limache,deportes-limache,https://www.fotmob.com/teams/584840/overview/deportes-limache
584866,Tlaxcala Fc,tlaxcala-fc,https://www.fotmob.com/teams/584866/overview/tlaxcala-fc
584867,Kagoshima United,kagoshima-united,https://www.fotmob.com/teams/584867/overview/kagoshima-united
584880,Vanraure Hachinohe,vanraure-hachinohe,https://www.fotmob.com/teams/584880/overview/vanraure-hachinohe
584930,Ac Connecticut,ac-connecticut,https://www.fotmob.com/teams/584930/overview/ac-connecticut
584934,Seacoast United Phantoms,seacoast-united-phantoms,https://www.fotmob.com/teams/584934/overview/seacoast-united-phantoms
584935,Westchester Flames,westchester-flames,https://www.fotmob.com/teams/584935/overview/westchester-flames
584940,South Carolina United Bantams,south-carolina-united-bantams,https://www.fotmob.com/teams/584940/overview/south-carolina-united-bantams
584942,West Virginia United,west-virginia-united,https://www.fotmob.com/teams/584942/overview/west-virginia-united
584943,Sukhothai Fc,sukhothai-fc,https://www.fotmob.com/teams/584943/overview/sukhothai-fc
584946,Lampang Fc,lampang-fc,https://www.fotmob.com/teams/584946/overview/lampang-fc
584947,Lamphun Warrior,lamphun-warrior,https://www.fotmob.com/teams/584947/overview/lamphun-warrior
584954,Mississippi Brilla,mississippi-brilla,https://www.fotmob.com/teams/584954/overview/mississippi-brilla
584963,Chiangmai Fc,chiangmai-fc,https://www.fotmob.com/teams/584963/overview/chiangmai-fc
584979,Fc Tucson,fc-tucson,https://www.fotmob.com/teams/584979/overview/fc-tucson
584984,Rayong Fc,rayong-fc,https://www.fotmob.com/teams/584984/overview/rayong-fc
584988,Southern California Eagles,southern-california-eagles,https://www.fotmob.com/teams/584988/overview/southern-california-eagles
585025,Prachuap Fc,prachuap-fc,https://www.fotmob.com/teams/585025/overview/prachuap-fc
585115,Pattani Fc,pattani-fc,https://www.fotmob.com/teams/585115/overview/pattani-fc
585141,Tasmania Berlin,tasmania-berlin,https://www.fotmob.com/teams/585141/overview/tasmania-berlin
585157,Rsv Eintracht 1949,rsv-eintracht-1949,https://www.fotmob.com/teams/585157/overview/rsv-eintracht-1949
585212,Rekord Bielsko Biala,rekord-bielsko-biala,https://www.fotmob.com/teams/585212/overview/rekord-bielsko-biala
585403,Vora,vora,https://www.fotmob.com/teams/585403/overview/vora
585484,Slask Wroclaw Ll,slask-wroclaw-ll,https://www.fotmob.com/teams/585484/overview/slask-wroclaw-ll
585524,Sokol Kleczew,sokol-kleczew,https://www.fotmob.com/teams/585524/overview/sokol-kleczew
585593,Pogon Grodzisk Mazowiecki,pogon-grodzisk-mazowiecki,https://www.fotmob.com/teams/585593/overview/pogon-grodzisk-mazowiecki
585596,Legia Warszawa Ii,legia-warszawa-ii,https://www.fotmob.com/teams/585596/overview/legia-warszawa-ii
585611,Avia Swidnik,avia-swidnik,https://www.fotmob.com/teams/585611/overview/avia-swidnik
585624,Hutnik Krakow,hutnik-krakow,https://www.fotmob.com/teams/585624/overview/hutnik-krakow
585662,Zed Fc,zed-fc,https://www.fotmob.com/teams/585662/overview/zed-fc
585683,Hordel,hordel,https://www.fotmob.com/teams/585683/overview/hordel
585797,Suzhou Dongwu,suzhou-dongwu,https://www.fotmob.com/teams/585797/overview/suzhou-dongwu
585808,Meizhou Hakka,meizhou-hakka,https://www.fotmob.com/teams/585808/overview/meizhou-hakka
585850,Psim Yogyakarta,psim-yogyakarta,https://www.fotmob.com/teams/585850/overview/psim-yogyakarta
585858,Borneo Samarinda,borneo-samarinda,https://www.fotmob.com/teams/585858/overview/borneo-samarinda
585860,Dewa United Fc,dewa-united-fc,https://www.fotmob.com/teams/585860/overview/dewa-united-fc
585867,Ningbo Professional,ningbo-professional,https://www.fotmob.com/teams/585867/overview/ningbo-professional
585877,Psbs Biak Numfor,psbs-biak-numfor,https://www.fotmob.com/teams/585877/overview/psbs-biak-numfor
586031,Bsg Chemie Leipzig,bsg-chemie-leipzig,https://www.fotmob.com/teams/586031/overview/bsg-chemie-leipzig
588407,Oldenburger Sv,oldenburger-sv,https://www.fotmob.com/teams/588407/overview/oldenburger-sv
588445,Jef Ladies,jef-ladies,https://www.fotmob.com/teams/588445/overview/jef-ladies
588446,Albirex Niigata Ladies,albirex-niigata-ladies,https://www.fotmob.com/teams/588446/overview/albirex-niigata-ladies
588613,Ntv Tokyo Verdy Beleza,ntv-tokyo-verdy-beleza,https://www.fotmob.com/teams/588613/overview/ntv-tokyo-verdy-beleza
588631,Amora Fc,amora-fc,https://www.fotmob.com/teams/588631/overview/amora-fc
589337,Congo U21,congo-u21,https://www.fotmob.com/teams/589337/overview/congo-u21
589338,Dr Congo U21,dr-congo-u21,https://www.fotmob.com/teams/589338/overview/dr-congo-u21
589749,Punjab Fc,punjab-fc,https://www.fotmob.com/teams/589749/overview/punjab-fc
590837,Wellington Phoenix B,wellington-phoenix-b,https://www.fotmob.com/teams/590837/overview/wellington-phoenix-b
591465,Sweden U23,sweden-u23,https://www.fotmob.com/teams/591465/overview/sweden-u23
591466,Norway U23,norway-u23,https://www.fotmob.com/teams/591466/overview/norway-u23
595524,Abahani Limited,abahani-limited,https://www.fotmob.com/teams/595524/overview/abahani-limited
597250,Finland U20,finland-u20,https://www.fotmob.com/teams/597250/overview/finland-u20
597937,Wexford,wexford,https://www.fotmob.com/teams/597937/overview/wexford
597942,Urawa Ladies,urawa-ladies,https://www.fotmob.com/teams/597942/overview/urawa-ladies
598513,Cruz Azul Hidalgo,cruz-azul-hidalgo,https://www.fotmob.com/teams/598513/overview/cruz-azul-hidalgo
598665,Canada U21,canada-u21,https://www.fotmob.com/teams/598665/overview/canada-u21
599924,Fc Kolos Kovalivka,fc-kolos-kovalivka,https://www.fotmob.com/teams/599924/overview/fc-kolos-kovalivka
600188,Zimbabwe U23,zimbabwe-u23,https://www.fotmob.com/teams/600188/overview/zimbabwe-u23
600840,Andorra U17,andorra-u17,https://www.fotmob.com/teams/600840/overview/andorra-u17
601595,Cork City,cork-city,https://www.fotmob.com/teams/601595/overview/cork-city
601750,Cyprus,cyprus,https://www.fotmob.com/teams/601750/overview/cyprus
602530,Lazio,lazio,https://www.fotmob.com/teams/602530/overview/lazio
603629,Granada,granada,https://www.fotmob.com/teams/603629/overview/granada
603631,Madrid Cff,madrid-cff,https://www.fotmob.com/teams/603631/overview/madrid-cff
604108,Ivory Coast,ivory-coast,https://www.fotmob.com/teams/604108/overview/ivory-coast
604109,Costa Rica,costa-rica,https://www.fotmob.com/teams/604109/overview/costa-rica
604110,Thailand,thailand,https://www.fotmob.com/teams/604110/overview/thailand
604111,Ecuador,ecuador,https://www.fotmob.com/teams/604111/overview/ecuador
605448,Thailand U21,thailand-u21,https://www.fotmob.com/teams/605448/overview/thailand-u21
606033,Yadanarbon Fc,yadanarbon-fc,https://www.fotmob.com/teams/606033/overview/yadanarbon-fc
606034,Ayeyawady United Fc,ayeyawady-united-fc,https://www.fotmob.com/teams/606034/overview/ayeyawady-united-fc
606039,Montpellier,montpellier,https://www.fotmob.com/teams/606039/overview/montpellier
606359,Velo Clube,velo-clube,https://www.fotmob.com/teams/606359/overview/velo-clube
606401,Samambaia,samambaia,https://www.fotmob.com/teams/606401/overview/samambaia
607333,Mynavi Sendai Ladies,mynavi-sendai-ladies,https://www.fotmob.com/teams/607333/overview/mynavi-sendai-ladies
608072,Aruba U20,aruba-u20,https://www.fotmob.com/teams/608072/overview/aruba-u20
608073,Jamaica U20,jamaica-u20,https://www.fotmob.com/teams/608073/overview/jamaica-u20
608074,Haiti U20,haiti-u20,https://www.fotmob.com/teams/608074/overview/haiti-u20
608449,Ceramica Cleopatra,ceramica-cleopatra,https://www.fotmob.com/teams/608449/overview/ceramica-cleopatra
608810,Kuwait U23,kuwait-u23,https://www.fotmob.com/teams/608810/overview/kuwait-u23
608816,Ready,ready,https://www.fotmob.com/teams/608816/overview/ready
610365,Ifk Skovde Fk,ifk-skovde-fk,https://www.fotmob.com/teams/610365/overview/ifk-skovde-fk
610874,Saudi Arabia U23,saudi-arabia-u23,https://www.fotmob.com/teams/610874/overview/saudi-arabia-u23
610885,Malzenice,malzenice,https://www.fotmob.com/teams/610885/overview/malzenice
611161,Zvezda Saint Petersburg,zvezda-saint-petersburg,https://www.fotmob.com/teams/611161/overview/zvezda-saint-petersburg
611677,Uitm,uitm,https://www.fotmob.com/teams/611677/overview/uitm
611956,Komarno,komarno,https://www.fotmob.com/teams/611956/overview/komarno
612014,Sekhukhune United,sekhukhune-united,https://www.fotmob.com/teams/612014/overview/sekhukhune-united
612190,Fc Cascavel,fc-cascavel,https://www.fotmob.com/teams/612190/overview/fc-cascavel
612482,Moldova,moldova,https://www.fotmob.com/teams/612482/overview/moldova
612485,Andorra,andorra,https://www.fotmob.com/teams/612485/overview/andorra
613153,Slovan Galanta,slovan-galanta,https://www.fotmob.com/teams/613153/overview/slovan-galanta
613238,Fc Miami City Champions,fc-miami-city-champions,https://www.fotmob.com/teams/613238/overview/fc-miami-city-champions
613341,Birkenhead United,birkenhead-united,https://www.fotmob.com/teams/613341/overview/birkenhead-united
613351,Western Springs,western-springs,https://www.fotmob.com/teams/613351/overview/western-springs
613355,Miramar Rangers,miramar-rangers,https://www.fotmob.com/teams/613355/overview/miramar-rangers
613370,Wellington Olympic,wellington-olympic,https://www.fotmob.com/teams/613370/overview/wellington-olympic
613371,Western Suburbs,western-suburbs,https://www.fotmob.com/teams/613371/overview/western-suburbs
613378,Coastal Spirit,coastal-spirit,https://www.fotmob.com/teams/613378/overview/coastal-spirit
613381,Christchurch United,christchurch-united,https://www.fotmob.com/teams/613381/overview/christchurch-united
613629,South Korea U22,south-korea-u22,https://www.fotmob.com/teams/613629/overview/south-korea-u22
613636,Uzbekistan U23,uzbekistan-u23,https://www.fotmob.com/teams/613636/overview/uzbekistan-u23
614315,Charlotte Independence,charlotte-independence,https://www.fotmob.com/teams/614315/overview/charlotte-independence
614316,Louisville City Fc,louisville-city-fc,https://www.fotmob.com/teams/614316/overview/louisville-city-fc
614318,Red Bull New York Ii,red-bull-new-york-ii,https://www.fotmob.com/teams/614318/overview/red-bull-new-york-ii
614319,Toronto Fc Ii,toronto-fc-ii,https://www.fotmob.com/teams/614319/overview/toronto-fc-ii
614321,Colorado Springs Switchbacks Fc,colorado-springs-switchbacks-fc,https://www.fotmob.com/teams/614321/overview/colorado-springs-switchbacks-fc
614322,Portland Timbers 2,portland-timbers-2,https://www.fotmob.com/teams/614322/overview/portland-timbers-2
614324,Real Monarchs Slc,real-monarchs-slc,https://www.fotmob.com/teams/614324/overview/real-monarchs-slc
614325,Fc Tulsa,fc-tulsa,https://www.fotmob.com/teams/614325/overview/fc-tulsa
614326,Vancouver Whitecaps 2,vancouver-whitecaps-2,https://www.fotmob.com/teams/614326/overview/vancouver-whitecaps-2
614327,Tacoma Defiance,tacoma-defiance,https://www.fotmob.com/teams/614327/overview/tacoma-defiance
614335,Fc Osaka,fc-osaka,https://www.fotmob.com/teams/614335/overview/fc-osaka
614337,Azul Claro Numazu,azul-claro-numazu,https://www.fotmob.com/teams/614337/overview/azul-claro-numazu
614354,Cong Ha Noi,cong-ha-noi,https://www.fotmob.com/teams/614354/overview/cong-ha-noi
614364,Inac Kobe Leonessa,inac-kobe-leonessa,https://www.fotmob.com/teams/614364/overview/inac-kobe-leonessa
614365,Elfen Saitama,elfen-saitama,https://www.fotmob.com/teams/614365/overview/elfen-saitama
614556,Renofa Yamaguchi,renofa-yamaguchi,https://www.fotmob.com/teams/614556/overview/renofa-yamaguchi
614828,Crystal Palace,crystal-palace,https://www.fotmob.com/teams/614828/overview/crystal-palace
614954,Leicester City,leicester-city,https://www.fotmob.com/teams/614954/overview/leicester-city
615409,Kasetsart,kasetsart,https://www.fotmob.com/teams/615409/overview/kasetsart
615926,Myanmar U20,myanmar-u20,https://www.fotmob.com/teams/615926/overview/myanmar-u20
615935,Fiji U20,fiji-u20,https://www.fotmob.com/teams/615935/overview/fiji-u20
616212,Seoul E Land Fc,seoul-e-land-fc,https://www.fotmob.com/teams/616212/overview/seoul-e-land-fc
616460,Huracan Las Heras,huracan-las-heras,https://www.fotmob.com/teams/616460/overview/huracan-las-heras
616809,Fc Inter Turku Ii,fc-inter-turku-ii,https://www.fotmob.com/teams/616809/overview/fc-inter-turku-ii
617862,Enskede Ik,enskede-ik,https://www.fotmob.com/teams/617862/overview/enskede-ik
618808,Turkiye U18,turkiye-u18,https://www.fotmob.com/teams/618808/overview/turkiye-u18
620738,Thailand U22,thailand-u22,https://www.fotmob.com/teams/620738/overview/thailand-u22
620741,Lebanon,lebanon,https://www.fotmob.com/teams/620741/overview/lebanon
620742,Uae,uae,https://www.fotmob.com/teams/620742/overview/uae
620743,Bahrain,bahrain,https://www.fotmob.com/teams/620743/overview/bahrain
620744,Qatar,qatar,https://www.fotmob.com/teams/620744/overview/qatar
620745,Uganda U23,uganda-u23,https://www.fotmob.com/teams/620745/overview/uganda-u23
620746,Mozambique U23,mozambique-u23,https://www.fotmob.com/teams/620746/overview/mozambique-u23
620747,Myanmar U22,myanmar-u22,https://www.fotmob.com/teams/620747/overview/myanmar-u22
620748,Japan U22,japan-u22,https://www.fotmob.com/teams/620748/overview/japan-u22
621116,Uzbekistan U19,uzbekistan-u19,https://www.fotmob.com/teams/621116/overview/uzbekistan-u19
621117,Iran U19,iran-u19,https://www.fotmob.com/teams/621117/overview/iran-u19
622101,Iran U23,iran-u23,https://www.fotmob.com/teams/622101/overview/iran-u23
622102,Syria U23,syria-u23,https://www.fotmob.com/teams/622102/overview/syria-u23
622502,Azerbaijan,azerbaijan,https://www.fotmob.com/teams/622502/overview/azerbaijan
622604,Papua New Guinea,papua-new-guinea,https://www.fotmob.com/teams/622604/overview/papua-new-guinea
622614,Uzbekistan U23,uzbekistan-u23,https://www.fotmob.com/teams/622614/overview/uzbekistan-u23
622615,Palestine U23,palestine-u23,https://www.fotmob.com/teams/622615/overview/palestine-u23
622616,Hong Kong U23,hong-kong-u23,https://www.fotmob.com/teams/622616/overview/hong-kong-u23
622756,Sportivo Las Parejas,sportivo-las-parejas,https://www.fotmob.com/teams/622756/overview/sportivo-las-parejas
622903,Jordan U23,jordan-u23,https://www.fotmob.com/teams/622903/overview/jordan-u23
623001,Scarborough Sc,scarborough-sc,https://www.fotmob.com/teams/623001/overview/scarborough-sc
623229,Hong Kong,hong-kong,https://www.fotmob.com/teams/623229/overview/hong-kong
623768,Thailand U23,thailand-u23,https://www.fotmob.com/teams/623768/overview/thailand-u23
623769,Myanmar U23,myanmar-u23,https://www.fotmob.com/teams/623769/overview/myanmar-u23
624125,Vietnam U23,vietnam-u23,https://www.fotmob.com/teams/624125/overview/vietnam-u23
624147,Vietnam U22,vietnam-u22,https://www.fotmob.com/teams/624147/overview/vietnam-u22
624150,Nepal U23,nepal-u23,https://www.fotmob.com/teams/624150/overview/nepal-u23
624154,Afghanistan U23,afghanistan-u23,https://www.fotmob.com/teams/624154/overview/afghanistan-u23
624155,Palestine U23,palestine-u23,https://www.fotmob.com/teams/624155/overview/palestine-u23
624165,Maldives U23,maldives-u23,https://www.fotmob.com/teams/624165/overview/maldives-u23
624167,Lebanon U23,lebanon-u23,https://www.fotmob.com/teams/624167/overview/lebanon-u23
624171,Macao U23,macao-u23,https://www.fotmob.com/teams/624171/overview/macao-u23
624172,Malaysia U23,malaysia-u23,https://www.fotmob.com/teams/624172/overview/malaysia-u23
624173,Tajikistan U23,tajikistan-u23,https://www.fotmob.com/teams/624173/overview/tajikistan-u23
624174,Sri Lanka U23,sri-lanka-u23,https://www.fotmob.com/teams/624174/overview/sri-lanka-u23
624175,Yemen U23,yemen-u23,https://www.fotmob.com/teams/624175/overview/yemen-u23
624265,North Korea U23,north-korea-u23,https://www.fotmob.com/teams/624265/overview/north-korea-u23
624266,Philippines U23,philippines-u23,https://www.fotmob.com/teams/624266/overview/philippines-u23
624267,Cambodia U23,cambodia-u23,https://www.fotmob.com/teams/624267/overview/cambodia-u23
624342,Chanmari Fc,chanmari-fc,https://www.fotmob.com/teams/624342/overview/chanmari-fc
624350,Aizawl Fc,aizawl-fc,https://www.fotmob.com/teams/624350/overview/aizawl-fc
624480,Cambodia U22,cambodia-u22,https://www.fotmob.com/teams/624480/overview/cambodia-u22
624481,Singapore U23,singapore-u23,https://www.fotmob.com/teams/624481/overview/singapore-u23
624648,Lega Pro U21,lega-pro-u21,https://www.fotmob.com/teams/624648/overview/lega-pro-u21
624649,Turkiye B,turkiye-b,https://www.fotmob.com/teams/624649/overview/turkiye-b
624858,Dziugas Telsiai,dziugas-telsiai,https://www.fotmob.com/teams/624858/overview/dziugas-telsiai
624921,Fyllingsdalen,fyllingsdalen,https://www.fotmob.com/teams/624921/overview/fyllingsdalen
624924,Riga Fc,riga-fc,https://www.fotmob.com/teams/624924/overview/riga-fc
625784,Mongolia U23,mongolia-u23,https://www.fotmob.com/teams/625784/overview/mongolia-u23
625785,Laos U23,laos-u23,https://www.fotmob.com/teams/625785/overview/laos-u23
626193,Ethnikos Latsion,ethnikos-latsion,https://www.fotmob.com/teams/626193/overview/ethnikos-latsion
626208,Stanway Rovers,stanway-rovers,https://www.fotmob.com/teams/626208/overview/stanway-rovers
626232,Marseille,marseille,https://www.fotmob.com/teams/626232/overview/marseille
626250,Bracknell Town,bracknell-town,https://www.fotmob.com/teams/626250/overview/bracknell-town
626318,Senegal U20,senegal-u20,https://www.fotmob.com/teams/626318/overview/senegal-u20
626806,Nong Bua Pitchaya Fc,nong-bua-pitchaya-fc,https://www.fotmob.com/teams/626806/overview/nong-bua-pitchaya-fc
627678,Rappe Goif,rappe-goif,https://www.fotmob.com/teams/627678/overview/rappe-goif
627694,Fbk Karlstad,fbk-karlstad,https://www.fotmob.com/teams/627694/overview/fbk-karlstad
627698,Ik Franke,ik-franke,https://www.fotmob.com/teams/627698/overview/ik-franke
627898,Ciudad Lucena,ciudad-lucena,https://www.fotmob.com/teams/627898/overview/ciudad-lucena
628117,Tottenham Hotspur,tottenham-hotspur,https://www.fotmob.com/teams/628117/overview/tottenham-hotspur
628292,Logrono,logrono,https://www.fotmob.com/teams/628292/overview/logrono
628715,Ud Tenerife,ud-tenerife,https://www.fotmob.com/teams/628715/overview/ud-tenerife
628812,Ifk Haninge Brb,ifk-haninge-brb,https://www.fotmob.com/teams/628812/overview/ifk-haninge-brb
633421,Australia U20,australia-u20,https://www.fotmob.com/teams/633421/overview/australia-u20
633424,Indonesia,indonesia,https://www.fotmob.com/teams/633424/overview/indonesia
633426,Laos,laos,https://www.fotmob.com/teams/633426/overview/laos
633427,Malaysia,malaysia,https://www.fotmob.com/teams/633427/overview/malaysia
633428,Philippines,philippines,https://www.fotmob.com/teams/633428/overview/philippines
633431,Vietnam,vietnam,https://www.fotmob.com/teams/633431/overview/vietnam
633434,Myanmar,myanmar,https://www.fotmob.com/teams/633434/overview/myanmar
637573,Kenya U23,kenya-u23,https://www.fotmob.com/teams/637573/overview/kenya-u23
637574,Botswana U23,botswana-u23,https://www.fotmob.com/teams/637574/overview/botswana-u23
638897,Turkmenistan U23,turkmenistan-u23,https://www.fotmob.com/teams/638897/overview/turkmenistan-u23
638899,Pakistan U23,pakistan-u23,https://www.fotmob.com/teams/638899/overview/pakistan-u23
638900,Kyrgyzstan U23,kyrgyzstan-u23,https://www.fotmob.com/teams/638900/overview/kyrgyzstan-u23
638901,Jordan U23,jordan-u23,https://www.fotmob.com/teams/638901/overview/jordan-u23
639355,Fuglebakken Kfum Arhus,fuglebakken-kfum-arhus,https://www.fotmob.com/teams/639355/overview/fuglebakken-kfum-arhus
639361,Samartex,samartex,https://www.fotmob.com/teams/639361/overview/samartex
644050,Brunei U23,brunei-u23,https://www.fotmob.com/teams/644050/overview/brunei-u23
644220,Sv Atlas Delmenhorst,sv-atlas-delmenhorst,https://www.fotmob.com/teams/644220/overview/sv-atlas-delmenhorst
644224,Mexico U22,mexico-u22,https://www.fotmob.com/teams/644224/overview/mexico-u22
644457,Clube De Albergaria,clube-de-albergaria,https://www.fotmob.com/teams/644457/overview/clube-de-albergaria
644551,Timor Leste U23,timor-leste-u23,https://www.fotmob.com/teams/644551/overview/timor-leste-u23
648498,Bk Astrio,bk-astrio,https://www.fotmob.com/teams/648498/overview/bk-astrio
649424,Fc Juarez,fc-juarez,https://www.fotmob.com/teams/649424/overview/fc-juarez
651796,Sv Erlbach,sv-erlbach,https://www.fotmob.com/teams/651796/overview/sv-erlbach
651797,Sv Kirchanschoring,sv-kirchanschoring,https://www.fotmob.com/teams/651797/overview/sv-kirchanschoring
652102,Cerezo Osaka Sakai,cerezo-osaka-sakai,https://www.fotmob.com/teams/652102/overview/cerezo-osaka-sakai
653822,Ludogorets Razgrad Ii,ludogorets-razgrad-ii,https://www.fotmob.com/teams/653822/overview/ludogorets-razgrad-ii
653823,Pfc Cska Sofia Ii,pfc-cska-sofia-ii,https://www.fotmob.com/teams/653823/overview/pfc-cska-sofia-ii
654378,Sd Atletico Nacional,sd-atletico-nacional,https://www.fotmob.com/teams/654378/overview/sd-atletico-nacional
654710,Trinidad Tobago,trinidad-tobago,https://www.fotmob.com/teams/654710/overview/trinidad-tobago
654711,Panama U22,panama-u22,https://www.fotmob.com/teams/654711/overview/panama-u22
654712,Peru U22,peru-u22,https://www.fotmob.com/teams/654712/overview/peru-u22
654713,Canada U22,canada-u22,https://www.fotmob.com/teams/654713/overview/canada-u22
654714,Brazil U22,brazil-u22,https://www.fotmob.com/teams/654714/overview/brazil-u22
655097,Paraguay U22,paraguay-u22,https://www.fotmob.com/teams/655097/overview/paraguay-u22
655098,Uruguay U22,uruguay-u22,https://www.fotmob.com/teams/655098/overview/uruguay-u22
655198,Fc Karbach,fc-karbach,https://www.fotmob.com/teams/655198/overview/fc-karbach
655295,Alcione,alcione,https://www.fotmob.com/teams/655295/overview/alcione
655719,Juticalpa,juticalpa,https://www.fotmob.com/teams/655719/overview/juticalpa
656284,Llb Academic Fc,llb-academic-fc,https://www.fotmob.com/teams/656284/overview/llb-academic-fc
656544,Lorca Deportiva,lorca-deportiva,https://www.fotmob.com/teams/656544/overview/lorca-deportiva
656672,South Sudan U23,south-sudan-u23,https://www.fotmob.com/teams/656672/overview/south-sudan-u23
656673,Eritrea U23,eritrea-u23,https://www.fotmob.com/teams/656673/overview/eritrea-u23
656674,1 Fc Frankfurt,1-fc-frankfurt,https://www.fotmob.com/teams/656674/overview/1-fc-frankfurt
657067,Fc Giessen,fc-giessen,https://www.fotmob.com/teams/657067/overview/fc-giessen
657277,Academia Puerto Cabello,academia-puerto-cabello,https://www.fotmob.com/teams/657277/overview/academia-puerto-cabello
657508,Nizhny Novgorod,nizhny-novgorod,https://www.fotmob.com/teams/657508/overview/nizhny-novgorod
657648,Sc Paderborn 07 Ii,sc-paderborn-07-ii,https://www.fotmob.com/teams/657648/overview/sc-paderborn-07-ii
657651,Tsv Meerbusch,tsv-meerbusch,https://www.fotmob.com/teams/657651/overview/tsv-meerbusch
657653,Spvg Schonnebeck,spvg-schonnebeck,https://www.fotmob.com/teams/657653/overview/spvg-schonnebeck
658402,1 Cfr Pforzheim,1-cfr-pforzheim,https://www.fotmob.com/teams/658402/overview/1-cfr-pforzheim
658811,Bodrum Fk,bodrum-fk,https://www.fotmob.com/teams/658811/overview/bodrum-fk
658812,Manisa Futbol Kulubu,manisa-futbol-kulubu,https://www.fotmob.com/teams/658812/overview/manisa-futbol-kulubu
659098,Tepatitlan Fc,tepatitlan-fc,https://www.fotmob.com/teams/659098/overview/tepatitlan-fc
659332,Venezuela,venezuela,https://www.fotmob.com/teams/659332/overview/venezuela
659972,Tsb Flensburg,tsb-flensburg,https://www.fotmob.com/teams/659972/overview/tsb-flensburg
661598,Ml Vitebsk,ml-vitebsk,https://www.fotmob.com/teams/661598/overview/ml-vitebsk
662294,Kks 1925 Kalisz,kks-1925-kalisz,https://www.fotmob.com/teams/662294/overview/kks-1925-kalisz
662309,Podhale Nowy Targ,podhale-nowy-targ,https://www.fotmob.com/teams/662309/overview/podhale-nowy-targ
662318,Swit Skolwin,swit-skolwin,https://www.fotmob.com/teams/662318/overview/swit-skolwin
662738,Grobina,grobina,https://www.fotmob.com/teams/662738/overview/grobina
662743,Jong Fc Groningen,jong-fc-groningen,https://www.fotmob.com/teams/662743/overview/jong-fc-groningen
664815,Rubin Yalta,rubin-yalta,https://www.fotmob.com/teams/664815/overview/rubin-yalta
664861,Aluminium Arak,aluminium-arak,https://www.fotmob.com/teams/664861/overview/aluminium-arak
664862,Kheybar Khorramabad,kheybar-khorramabad,https://www.fotmob.com/teams/664862/overview/kheybar-khorramabad
669967,Thailand U19,thailand-u19,https://www.fotmob.com/teams/669967/overview/thailand-u19
669968,Australia U19,australia-u19,https://www.fotmob.com/teams/669968/overview/australia-u19
669970,Cambodia U19,cambodia-u19,https://www.fotmob.com/teams/669970/overview/cambodia-u19
669981,Laos U19,laos-u19,https://www.fotmob.com/teams/669981/overview/laos-u19
670231,Bts Neustadt,bts-neustadt,https://www.fotmob.com/teams/670231/overview/bts-neustadt
670233,Geestemuende,geestemuende,https://www.fotmob.com/teams/670233/overview/geestemuende
670292,Philippines U19,philippines-u19,https://www.fotmob.com/teams/670292/overview/philippines-u19
670297,Timor Leste U19,timor-leste-u19,https://www.fotmob.com/teams/670297/overview/timor-leste-u19
670299,Vietnam U19,vietnam-u19,https://www.fotmob.com/teams/670299/overview/vietnam-u19
670302,Brunei U19,brunei-u19,https://www.fotmob.com/teams/670302/overview/brunei-u19
670306,Malaysia U19,malaysia-u19,https://www.fotmob.com/teams/670306/overview/malaysia-u19
671508,Singapore U19,singapore-u19,https://www.fotmob.com/teams/671508/overview/singapore-u19
671509,Myanmar U19,myanmar-u19,https://www.fotmob.com/teams/671509/overview/myanmar-u19
671534,Guatemala U23,guatemala-u23,https://www.fotmob.com/teams/671534/overview/guatemala-u23
671935,Bayern Munchen,bayern-munchen,https://www.fotmob.com/teams/671935/overview/bayern-munchen
671936,Atletico Madrid,atletico-madrid,https://www.fotmob.com/teams/671936/overview/atletico-madrid
672088,Fc Koln,fc-koln,https://www.fotmob.com/teams/672088/overview/fc-koln
672089,Werder Bremen,werder-bremen,https://www.fotmob.com/teams/672089/overview/werder-bremen
673053,Harju Jalgpallikool,harju-jalgpallikool,https://www.fotmob.com/teams/673053/overview/harju-jalgpallikool
674289,Peterborough Sports,peterborough-sports,https://www.fotmob.com/teams/674289/overview/peterborough-sports
674293,Farnham Town,farnham-town,https://www.fotmob.com/teams/674293/overview/farnham-town
674304,Plymouth Parkway,plymouth-parkway,https://www.fotmob.com/teams/674304/overview/plymouth-parkway
674807,Az Picerno,az-picerno,https://www.fotmob.com/teams/674807/overview/az-picerno
674812,Siracusa Calcio,siracusa-calcio,https://www.fotmob.com/teams/674812/overview/siracusa-calcio
675050,Qatar U19,qatar-u19,https://www.fotmob.com/teams/675050/overview/qatar-u19
675051,Bahrain U19,bahrain-u19,https://www.fotmob.com/teams/675051/overview/bahrain-u19
675052,Oman U19,oman-u19,https://www.fotmob.com/teams/675052/overview/oman-u19
675053,Saudi Arabia U19,saudi-arabia-u19,https://www.fotmob.com/teams/675053/overview/saudi-arabia-u19
675263,Usa U19,usa-u19,https://www.fotmob.com/teams/675263/overview/usa-u19
675698,Uae U19,uae-u19,https://www.fotmob.com/teams/675698/overview/uae-u19
675699,Kuwait U19,kuwait-u19,https://www.fotmob.com/teams/675699/overview/kuwait-u19
675725,Adelaide United,adelaide-united,https://www.fotmob.com/teams/675725/overview/adelaide-united
675726,Brisbane Roar Fc,brisbane-roar-fc,https://www.fotmob.com/teams/675726/overview/brisbane-roar-fc
675727,Canberra United Fc,canberra-united-fc,https://www.fotmob.com/teams/675727/overview/canberra-united-fc
675728,Melbourne City Fc,melbourne-city-fc,https://www.fotmob.com/teams/675728/overview/melbourne-city-fc
675729,Newcastle Jets,newcastle-jets,https://www.fotmob.com/teams/675729/overview/newcastle-jets
675730,Perth Glory,perth-glory,https://www.fotmob.com/teams/675730/overview/perth-glory
675731,Sydney Fc,sydney-fc,https://www.fotmob.com/teams/675731/overview/sydney-fc
675732,Western Sydney Wanderers Fc,western-sydney-wanderers-fc,https://www.fotmob.com/teams/675732/overview/western-sydney-wanderers-fc
675734,Melbourne Victory,melbourne-victory,https://www.fotmob.com/teams/675734/overview/melbourne-victory
675815,Shelbourne,shelbourne,https://www.fotmob.com/teams/675815/overview/shelbourne
675817,Kelty Hearts,kelty-hearts,https://www.fotmob.com/teams/675817/overview/kelty-hearts
676141,Zeleznicar Pancevo,zeleznicar-pancevo,https://www.fotmob.com/teams/676141/overview/zeleznicar-pancevo
676588,Beasat Kermanshah,beasat-kermanshah,https://www.fotmob.com/teams/676588/overview/beasat-kermanshah
679909,Freiburg,freiburg,https://www.fotmob.com/teams/679909/overview/freiburg
679910,Tsg 1899 Hoffenheim,tsg-1899-hoffenheim,https://www.fotmob.com/teams/679910/overview/tsg-1899-hoffenheim
679913,Bayer Leverkusen,bayer-leverkusen,https://www.fotmob.com/teams/679913/overview/bayer-leverkusen
679998,Po Xylotympou 2006,po-xylotympou-2006,https://www.fotmob.com/teams/679998/overview/po-xylotympou-2006
681215,Jong Sparta Rotterdam,jong-sparta-rotterdam,https://www.fotmob.com/teams/681215/overview/jong-sparta-rotterdam
681217,Jong Az Alkmaar,jong-az-alkmaar,https://www.fotmob.com/teams/681217/overview/jong-az-alkmaar
681424,Jong Almere City Fc,jong-almere-city-fc,https://www.fotmob.com/teams/681424/overview/jong-almere-city-fc
684171,South Korea U19,south-korea-u19,https://www.fotmob.com/teams/684171/overview/south-korea-u19
684172,Northern Mariana Islands U19,northern-mariana-islands-u19,https://www.fotmob.com/teams/684172/overview/northern-mariana-islands-u19
684180,Chinese Taipei U19,chinese-taipei-u19,https://www.fotmob.com/teams/684180/overview/chinese-taipei-u19
685186,Jordan U19,jordan-u19,https://www.fotmob.com/teams/685186/overview/jordan-u19
685187,Nepal U19,nepal-u19,https://www.fotmob.com/teams/685187/overview/nepal-u19
685213,Stade Briochin,stade-briochin,https://www.fotmob.com/teams/685213/overview/stade-briochin
685305,Chile U17,chile-u17,https://www.fotmob.com/teams/685305/overview/chile-u17
685306,Guinea U17,guinea-u17,https://www.fotmob.com/teams/685306/overview/guinea-u17
685307,Mali U17,mali-u17,https://www.fotmob.com/teams/685307/overview/mali-u17
685308,South Africa U17,south-africa-u17,https://www.fotmob.com/teams/685308/overview/south-africa-u17
685309,Paraguay U17,paraguay-u17,https://www.fotmob.com/teams/685309/overview/paraguay-u17
687558,Hauts Lyonnais,hauts-lyonnais,https://www.fotmob.com/teams/687558/overview/hauts-lyonnais
687954,National Bank,national-bank,https://www.fotmob.com/teams/687954/overview/national-bank
688194,Espanyol,espanyol,https://www.fotmob.com/teams/688194/overview/espanyol
688270,Oriental,oriental,https://www.fotmob.com/teams/688270/overview/oriental
695209,Armenia U19,armenia-u19,https://www.fotmob.com/teams/695209/overview/armenia-u19
696928,Atletico Cearense,atletico-cearense,https://www.fotmob.com/teams/696928/overview/atletico-cearense
710764,Altos,altos,https://www.fotmob.com/teams/710764/overview/altos
712144,Dorense,dorense,https://www.fotmob.com/teams/712144/overview/dorense
719178,Bangladesh U23,bangladesh-u23,https://www.fotmob.com/teams/719178/overview/bangladesh-u23
719912,Atletico Guemes,atletico-guemes,https://www.fotmob.com/teams/719912/overview/atletico-guemes
721594,Orsomarso,orsomarso,https://www.fotmob.com/teams/721594/overview/orsomarso
721896,Miami Fc,miami-fc,https://www.fotmob.com/teams/721896/overview/miami-fc
722264,Philadelphia Union Ii,philadelphia-union-ii,https://www.fotmob.com/teams/722264/overview/philadelphia-union-ii
722265,Fc Cincinnati,fc-cincinnati,https://www.fotmob.com/teams/722265/overview/fc-cincinnati
722266,Orlando City B,orlando-city-b,https://www.fotmob.com/teams/722266/overview/orlando-city-b
722268,Sporting Kansas City Ii,sporting-kansas-city-ii,https://www.fotmob.com/teams/722268/overview/sporting-kansas-city-ii
722269,San Antonio Fc,san-antonio-fc,https://www.fotmob.com/teams/722269/overview/san-antonio-fc
723961,Dreams Fc,dreams-fc,https://www.fotmob.com/teams/723961/overview/dreams-fc
726186,Molde,molde,https://www.fotmob.com/teams/726186/overview/molde
726187,Kilhemne,kilhemne,https://www.fotmob.com/teams/726187/overview/kilhemne
727278,Milford Fc,milford-fc,https://www.fotmob.com/teams/727278/overview/milford-fc
727433,Brave Sc,brave-sc,https://www.fotmob.com/teams/727433/overview/brave-sc
727436,San Francisco City Fc,san-francisco-city-fc,https://www.fotmob.com/teams/727436/overview/san-francisco-city-fc
728922,Orlando Pride,orlando-pride,https://www.fotmob.com/teams/728922/overview/orlando-pride
732295,Altai Semey,altai-semey,https://www.fotmob.com/teams/732295/overview/altai-semey
734767,Puerto Rico,puerto-rico,https://www.fotmob.com/teams/734767/overview/puerto-rico
734774,Guatemala,guatemala,https://www.fotmob.com/teams/734774/overview/guatemala
734775,Guyana,guyana,https://www.fotmob.com/teams/734775/overview/guyana
736555,Hegelmann,hegelmann,https://www.fotmob.com/teams/736555/overview/hegelmann
737052,Chengdu Rongcheng Fc,chengdu-rongcheng-fc,https://www.fotmob.com/teams/737052/overview/chengdu-rongcheng-fc
737054,Liaoning Tieren,liaoning-tieren,https://www.fotmob.com/teams/737054/overview/liaoning-tieren
737057,Dingnan United,dingnan-united,https://www.fotmob.com/teams/737057/overview/dingnan-united
739766,San Martin De Formosa,san-martin-de-formosa,https://www.fotmob.com/teams/739766/overview/san-martin-de-formosa
739791,Pocheon Citizen Fc,pocheon-citizen-fc,https://www.fotmob.com/teams/739791/overview/pocheon-citizen-fc
739797,Yangpyeong,yangpyeong,https://www.fotmob.com/teams/739797/overview/yangpyeong
739800,Hwaseong Fc,hwaseong-fc,https://www.fotmob.com/teams/739800/overview/hwaseong-fc
739803,Paju Frontier,paju-frontier,https://www.fotmob.com/teams/739803/overview/paju-frontier
741328,Los Chankas,los-chankas,https://www.fotmob.com/teams/741328/overview/los-chankas
741364,West Chester United,west-chester-united,https://www.fotmob.com/teams/741364/overview/west-chester-united
741816,Sjk Akatemia,sjk-akatemia,https://www.fotmob.com/teams/741816/overview/sjk-akatemia
741969,South Africa U23,south-africa-u23,https://www.fotmob.com/teams/741969/overview/south-africa-u23
741970,Denmark U23,denmark-u23,https://www.fotmob.com/teams/741970/overview/denmark-u23
741971,Sweden U23,sweden-u23,https://www.fotmob.com/teams/741971/overview/sweden-u23
741972,Colombia U23,colombia-u23,https://www.fotmob.com/teams/741972/overview/colombia-u23
741973,Germany U23,germany-u23,https://www.fotmob.com/teams/741973/overview/germany-u23
741974,Algeria U23,algeria-u23,https://www.fotmob.com/teams/741974/overview/algeria-u23
741975,Zimbabwe,zimbabwe,https://www.fotmob.com/teams/741975/overview/zimbabwe
743070,Viettel,viettel,https://www.fotmob.com/teams/743070/overview/viettel
749404,Onsala Bk,onsala-bk,https://www.fotmob.com/teams/749404/overview/onsala-bk
750130,Guinea U23,guinea-u23,https://www.fotmob.com/teams/750130/overview/guinea-u23
750462,Vestri,vestri,https://www.fotmob.com/teams/750462/overview/vestri
752833,Sc Kafr Qasim,sc-kafr-qasim,https://www.fotmob.com/teams/752833/overview/sc-kafr-qasim
760316,Gundelfingen,gundelfingen,https://www.fotmob.com/teams/760316/overview/gundelfingen
763242,Atert Bissen,atert-bissen,https://www.fotmob.com/teams/763242/overview/atert-bissen
765144,Dinamo Moscow Ii,dinamo-moscow-ii,https://www.fotmob.com/teams/765144/overview/dinamo-moscow-ii
765373,Tus Bersenbruck,tus-bersenbruck,https://www.fotmob.com/teams/765373/overview/tus-bersenbruck
765375,Hsc Hannover,hsc-hannover,https://www.fotmob.com/teams/765375/overview/hsc-hannover
768438,Western Armenia,western-armenia,https://www.fotmob.com/teams/768438/overview/western-armenia
768439,Chagos Islands,chagos-islands,https://www.fotmob.com/teams/768439/overview/chagos-islands
768443,Iraqi Kurdistan,iraqi-kurdistan,https://www.fotmob.com/teams/768443/overview/iraqi-kurdistan
768445,Szekely Land,szekely-land,https://www.fotmob.com/teams/768445/overview/szekely-land
768448,United Koreans Japan,united-koreans-japan,https://www.fotmob.com/teams/768448/overview/united-koreans-japan
768450,Northern Cyprus,northern-cyprus,https://www.fotmob.com/teams/768450/overview/northern-cyprus
768451,Raetia,raetia,https://www.fotmob.com/teams/768451/overview/raetia
768453,Somaliland,somaliland,https://www.fotmob.com/teams/768453/overview/somaliland
768454,Panjab,panjab,https://www.fotmob.com/teams/768454/overview/panjab
768525,Fc Mecklenburg Schwerin,fc-mecklenburg-schwerin,https://www.fotmob.com/teams/768525/overview/fc-mecklenburg-schwerin
768606,Rot Weiss Koblenz,rot-weiss-koblenz,https://www.fotmob.com/teams/768606/overview/rot-weiss-koblenz
769348,Agropecuario,agropecuario,https://www.fotmob.com/teams/769348/overview/agropecuario
770923,Ud Llanera,ud-llanera,https://www.fotmob.com/teams/770923/overview/ud-llanera
770928,Pineto,pineto,https://www.fotmob.com/teams/770928/overview/pineto
773642,Leicester City U21,leicester-city-u21,https://www.fotmob.com/teams/773642/overview/leicester-city-u21
773645,Southampton U21,southampton-u21,https://www.fotmob.com/teams/773645/overview/southampton-u21
773649,West Ham United U21,west-ham-united-u21,https://www.fotmob.com/teams/773649/overview/west-ham-united-u21
773650,Stoke City U21,stoke-city-u21,https://www.fotmob.com/teams/773650/overview/stoke-city-u21
773652,Chelsea U21,chelsea-u21,https://www.fotmob.com/teams/773652/overview/chelsea-u21
773653,Everton U21,everton-u21,https://www.fotmob.com/teams/773653/overview/everton-u21
773656,West Bromwich Albion U21,west-bromwich-albion-u21,https://www.fotmob.com/teams/773656/overview/west-bromwich-albion-u21
773657,Sunderland U21,sunderland-u21,https://www.fotmob.com/teams/773657/overview/sunderland-u21
773658,Norwich City U21,norwich-city-u21,https://www.fotmob.com/teams/773658/overview/norwich-city-u21
773660,Middlesbrough U21,middlesbrough-u21,https://www.fotmob.com/teams/773660/overview/middlesbrough-u21
773678,Brighton Hove Albion U21,brighton-hove-albion-u21,https://www.fotmob.com/teams/773678/overview/brighton-hove-albion-u21
773680,Derby County U21,derby-county-u21,https://www.fotmob.com/teams/773680/overview/derby-county-u21
773683,Wolverhampton Wanderers U21,wolverhampton-wanderers-u21,https://www.fotmob.com/teams/773683/overview/wolverhampton-wanderers-u21
773685,Blackburn Rovers U21,blackburn-rovers-u21,https://www.fotmob.com/teams/773685/overview/blackburn-rovers-u21
773686,Reading U21,reading-u21,https://www.fotmob.com/teams/773686/overview/reading-u21
773958,Atlanta United,atlanta-united,https://www.fotmob.com/teams/773958/overview/atlanta-united
773994,Cape Town City Fc,cape-town-city-fc,https://www.fotmob.com/teams/773994/overview/cape-town-city-fc
774368,Ob Q,ob-q,https://www.fotmob.com/teams/774368/overview/ob-q
775750,Pars Jonoubi Jam,pars-jonoubi-jam,https://www.fotmob.com/teams/775750/overview/pars-jonoubi-jam
776638,Sporting Fc,sporting-fc,https://www.fotmob.com/teams/776638/overview/sporting-fc
779488,Asu Politehnica Timisoara,asu-politehnica-timisoara,https://www.fotmob.com/teams/779488/overview/asu-politehnica-timisoara
780591,Unionistas De Salamanca,unionistas-de-salamanca,https://www.fotmob.com/teams/780591/overview/unionistas-de-salamanca
789880,Athletic Club,athletic-club,https://www.fotmob.com/teams/789880/overview/athletic-club
794818,Iran,iran,https://www.fotmob.com/teams/794818/overview/iran
797212,Modern Sport Fc,modern-sport-fc,https://www.fotmob.com/teams/797212/overview/modern-sport-fc
798386,Myanmar U21,myanmar-u21,https://www.fotmob.com/teams/798386/overview/myanmar-u21
799249,Hereford,hereford,https://www.fotmob.com/teams/799249/overview/hereford
805913,Always Ready,always-ready,https://www.fotmob.com/teams/805913/overview/always-ready
808168,Kosovo U19,kosovo-u19,https://www.fotmob.com/teams/808168/overview/kosovo-u19
815108,Real Brasilia,real-brasilia,https://www.fotmob.com/teams/815108/overview/real-brasilia
815109,Paranoa Ec,paranoa-ec,https://www.fotmob.com/teams/815109/overview/paranoa-ec
816261,Magwe Fc,magwe-fc,https://www.fotmob.com/teams/816261/overview/magwe-fc
816290,Kosovo U19,kosovo-u19,https://www.fotmob.com/teams/816290/overview/kosovo-u19
816426,Humaita Sc,humaita-sc,https://www.fotmob.com/teams/816426/overview/humaita-sc
818870,Katsina United,katsina-united,https://www.fotmob.com/teams/818870/overview/katsina-united
818875,Remo Stars,remo-stars,https://www.fotmob.com/teams/818875/overview/remo-stars
820969,Fc Imabari,fc-imabari,https://www.fotmob.com/teams/820969/overview/fc-imabari
821372,Kosovo,kosovo,https://www.fotmob.com/teams/821372/overview/kosovo
821847,Kosovo U21,kosovo-u21,https://www.fotmob.com/teams/821847/overview/kosovo-u21
821848,Gibraltar U21,gibraltar-u21,https://www.fotmob.com/teams/821848/overview/gibraltar-u21
821875,Ansan Greeners,ansan-greeners,https://www.fotmob.com/teams/821875/overview/ansan-greeners
824152,Twin City Toucans,twin-city-toucans,https://www.fotmob.com/teams/824152/overview/twin-city-toucans
824161,North Carolina Fc U23,north-carolina-fc-u23,https://www.fotmob.com/teams/824161/overview/north-carolina-fc-u23
824164,Houston Fc,houston-fc,https://www.fotmob.com/teams/824164/overview/houston-fc
824169,Tobacco Road Fc,tobacco-road-fc,https://www.fotmob.com/teams/824169/overview/tobacco-road-fc
824170,Weston Fc,weston-fc,https://www.fotmob.com/teams/824170/overview/weston-fc
824748,Guinea U20,guinea-u20,https://www.fotmob.com/teams/824748/overview/guinea-u20
824749,Sudan U20,sudan-u20,https://www.fotmob.com/teams/824749/overview/sudan-u20
824750,Antigua Barbuda U20,antigua-barbuda-u20,https://www.fotmob.com/teams/824750/overview/antigua-barbuda-u20
824751,St Kitts Nevis U20,st-kitts-nevis-u20,https://www.fotmob.com/teams/824751/overview/st-kitts-nevis-u20
824752,Bermuda U20,bermuda-u20,https://www.fotmob.com/teams/824752/overview/bermuda-u20
828265,Parnu Jk Vaprus,parnu-jk-vaprus,https://www.fotmob.com/teams/828265/overview/parnu-jk-vaprus
831859,Vanuatu U20,vanuatu-u20,https://www.fotmob.com/teams/831859/overview/vanuatu-u20
831860,Iran U20,iran-u20,https://www.fotmob.com/teams/831860/overview/iran-u20
831861,Vietnam U20,vietnam-u20,https://www.fotmob.com/teams/831861/overview/vietnam-u20
833649,Gimpo Fc,gimpo-fc,https://www.fotmob.com/teams/833649/overview/gimpo-fc
833651,Cheongju Fc,cheongju-fc,https://www.fotmob.com/teams/833651/overview/cheongju-fc
833668,Chuncheon Fc,chuncheon-fc,https://www.fotmob.com/teams/833668/overview/chuncheon-fc
835267,French Guiana,french-guiana,https://www.fotmob.com/teams/835267/overview/french-guiana
835637,Nantong Zhiyun Fc,nantong-zhiyun-fc,https://www.fotmob.com/teams/835637/overview/nantong-zhiyun-fc
837624,Casd Camioneros,casd-camioneros,https://www.fotmob.com/teams/837624/overview/casd-camioneros
837626,Sol De Mayo,sol-de-mayo,https://www.fotmob.com/teams/837626/overview/sol-de-mayo
839069,Christos Fc,christos-fc,https://www.fotmob.com/teams/839069/overview/christos-fc
839072,Boston City Fc,boston-city-fc,https://www.fotmob.com/teams/839072/overview/boston-city-fc
839073,New Jersey Copa Sc,new-jersey-copa-sc,https://www.fotmob.com/teams/839073/overview/new-jersey-copa-sc
839077,Philadelphia Lone Star,philadelphia-lone-star,https://www.fotmob.com/teams/839077/overview/philadelphia-lone-star
839078,Afc Ann Arbor,afc-ann-arbor,https://www.fotmob.com/teams/839078/overview/afc-ann-arbor
839086,Flatirons Fc,flatirons-fc,https://www.fotmob.com/teams/839086/overview/flatirons-fc
840186,Angola U20,angola-u20,https://www.fotmob.com/teams/840186/overview/angola-u20
840187,Bahrain U20,bahrain-u20,https://www.fotmob.com/teams/840187/overview/bahrain-u20
840188,Wales U20,wales-u20,https://www.fotmob.com/teams/840188/overview/wales-u20
840190,Indonesia U19,indonesia-u19,https://www.fotmob.com/teams/840190/overview/indonesia-u19
841094,Fc Arlanda,fc-arlanda,https://www.fotmob.com/teams/841094/overview/fc-arlanda
841097,Landvetter Is,landvetter-is,https://www.fotmob.com/teams/841097/overview/landvetter-is
850475,Japan U19,japan-u19,https://www.fotmob.com/teams/850475/overview/japan-u19
850476,England U20 B,england-u20-b,https://www.fotmob.com/teams/850476/overview/england-u20-b
852755,Soliman,soliman,https://www.fotmob.com/teams/852755/overview/soliman
856500,Ajax,ajax,https://www.fotmob.com/teams/856500/overview/ajax
856501,Psv,psv,https://www.fotmob.com/teams/856501/overview/psv
856680,Nk Bravo,nk-bravo,https://www.fotmob.com/teams/856680/overview/nk-bravo
856729,Sporting Cp,sporting-cp,https://www.fotmob.com/teams/856729/overview/sporting-cp
856740,Fiorentina,fiorentina,https://www.fotmob.com/teams/856740/overview/fiorentina
858007,Mexico B,mexico-b,https://www.fotmob.com/teams/858007/overview/mexico-b
858300,Real Sociedad,real-sociedad,https://www.fotmob.com/teams/858300/overview/real-sociedad
858301,Valencia,valencia,https://www.fotmob.com/teams/858301/overview/valencia
858345,Braga,braga,https://www.fotmob.com/teams/858345/overview/braga
858353,Valadares Gaia,valadares-gaia,https://www.fotmob.com/teams/858353/overview/valadares-gaia
858532,Teutonia Ottensen,teutonia-ottensen,https://www.fotmob.com/teams/858532/overview/teutonia-ottensen
858711,Vorwarts Wacker,vorwarts-wacker,https://www.fotmob.com/teams/858711/overview/vorwarts-wacker
859240,Tsv Schwaben Augsburg,tsv-schwaben-augsburg,https://www.fotmob.com/teams/859240/overview/tsv-schwaben-augsburg
859243,Tsv Kornburg,tsv-kornburg,https://www.fotmob.com/teams/859243/overview/tsv-kornburg
859251,Djk Gebenbach,djk-gebenbach,https://www.fotmob.com/teams/859251/overview/djk-gebenbach
859588,Fc Orenburg Ii,fc-orenburg-ii,https://www.fotmob.com/teams/859588/overview/fc-orenburg-ii
859591,Ural Ii,ural-ii,https://www.fotmob.com/teams/859591/overview/ural-ii
859592,Murom,murom,https://www.fotmob.com/teams/859592/overview/murom
859606,Veles Moscow,veles-moscow,https://www.fotmob.com/teams/859606/overview/veles-moscow
859608,Luki Energiya,luki-energiya,https://www.fotmob.com/teams/859608/overview/luki-energiya
859741,Fc Rotor Volgograd Ii,fc-rotor-volgograd-ii,https://www.fotmob.com/teams/859741/overview/fc-rotor-volgograd-ii
859900,India U17,india-u17,https://www.fotmob.com/teams/859900/overview/india-u17
859901,Niger U17,niger-u17,https://www.fotmob.com/teams/859901/overview/niger-u17
859902,New Caledonia U17,new-caledonia-u17,https://www.fotmob.com/teams/859902/overview/new-caledonia-u17
860781,Vfb Krieschow,vfb-krieschow,https://www.fotmob.com/teams/860781/overview/vfb-krieschow
860783,1 Fc Lok Stendal,1-fc-lok-stendal,https://www.fotmob.com/teams/860783/overview/1-fc-lok-stendal
860798,Newcastle United U21,newcastle-united-u21,https://www.fotmob.com/teams/860798/overview/newcastle-united-u21
860800,Manchester City U21,manchester-city-u21,https://www.fotmob.com/teams/860800/overview/manchester-city-u21
860801,Fulham U21,fulham-u21,https://www.fotmob.com/teams/860801/overview/fulham-u21
860802,Tottenham Hotspur U21,tottenham-hotspur-u21,https://www.fotmob.com/teams/860802/overview/tottenham-hotspur-u21
860934,Iwaki Fc,iwaki-fc,https://www.fotmob.com/teams/860934/overview/iwaki-fc
860937,Kochi United Sc,kochi-united-sc,https://www.fotmob.com/teams/860937/overview/kochi-united-sc
861189,Fc Monheim,fc-monheim,https://www.fotmob.com/teams/861189/overview/fc-monheim
861423,Krylya Sovetov Samara Ii,krylya-sovetov-samara-ii,https://www.fotmob.com/teams/861423/overview/krylya-sovetov-samara-ii
862893,Paris Fc,paris-fc,https://www.fotmob.com/teams/862893/overview/paris-fc
862902,Fleury Merogis Us,fleury-merogis-us,https://www.fotmob.com/teams/862902/overview/fleury-merogis-us
863047,Lobos Upnfm,lobos-upnfm,https://www.fotmob.com/teams/863047/overview/lobos-upnfm
863089,Tsg Backnang,tsg-backnang,https://www.fotmob.com/teams/863089/overview/tsg-backnang
863838,Esenler Erokspor,esenler-erokspor,https://www.fotmob.com/teams/863838/overview/esenler-erokspor
865163,South Shields,south-shields,https://www.fotmob.com/teams/865163/overview/south-shields
865168,Alvechurch,alvechurch,https://www.fotmob.com/teams/865168/overview/alvechurch
866109,Ararat Armenia,ararat-armenia,https://www.fotmob.com/teams/866109/overview/ararat-armenia
866111,Fc Noah,fc-noah,https://www.fotmob.com/teams/866111/overview/fc-noah
866489,Fk Struga,fk-struga,https://www.fotmob.com/teams/866489/overview/fk-struga
866690,Richards Bay,richards-bay,https://www.fotmob.com/teams/866690/overview/richards-bay
867280,Los Angeles Fc,los-angeles-fc,https://www.fotmob.com/teams/867280/overview/los-angeles-fc
867620,Audace Cerignola,audace-cerignola,https://www.fotmob.com/teams/867620/overview/audace-cerignola
867623,Team Altamura,team-altamura,https://www.fotmob.com/teams/867623/overview/team-altamura
873038,Jamshedpur Fc,jamshedpur-fc,https://www.fotmob.com/teams/873038/overview/jamshedpur-fc
876803,Chile,chile,https://www.fotmob.com/teams/876803/overview/chile
879029,Universitario De Vinto,universitario-de-vinto,https://www.fotmob.com/teams/879029/overview/universitario-de-vinto
879829,Berkhamsted,berkhamsted,https://www.fotmob.com/teams/879829/overview/berkhamsted
881723,Tocantins Fc,tocantins-fc,https://www.fotmob.com/teams/881723/overview/tocantins-fc
885256,Nfc Volos,nfc-volos,https://www.fotmob.com/teams/885256/overview/nfc-volos
888452,Lusitano De Evora,lusitano-de-evora,https://www.fotmob.com/teams/888452/overview/lusitano-de-evora
889751,Gfa Rumilly Vallieres,gfa-rumilly-vallieres,https://www.fotmob.com/teams/889751/overview/gfa-rumilly-vallieres
898335,Gokulam Fc,gokulam-fc,https://www.fotmob.com/teams/898335/overview/gokulam-fc
898338,Neroca Fc,neroca-fc,https://www.fotmob.com/teams/898338/overview/neroca-fc
899260,Floresta,floresta,https://www.fotmob.com/teams/899260/overview/floresta
903623,Liechtenstein U19,liechtenstein-u19,https://www.fotmob.com/teams/903623/overview/liechtenstein-u19
904229,Tuvalu,tuvalu,https://www.fotmob.com/teams/904229/overview/tuvalu
904701,Nagykanizsa,nagykanizsa,https://www.fotmob.com/teams/904701/overview/nagykanizsa
911532,Shan United,shan-united,https://www.fotmob.com/teams/911532/overview/shan-united
914109,Barawa,barawa,https://www.fotmob.com/teams/914109/overview/barawa
914110,Cascadia,cascadia,https://www.fotmob.com/teams/914110/overview/cascadia
914111,Felvidek,felvidek,https://www.fotmob.com/teams/914111/overview/felvidek
914112,Tibet,tibet,https://www.fotmob.com/teams/914112/overview/tibet
914115,Matabeleland,matabeleland,https://www.fotmob.com/teams/914115/overview/matabeleland
914117,Kabylia,kabylia,https://www.fotmob.com/teams/914117/overview/kabylia
915806,Atlanta United 2,atlanta-united-2,https://www.fotmob.com/teams/915806/overview/atlanta-united-2
915807,Nashville Sc,nashville-sc,https://www.fotmob.com/teams/915807/overview/nashville-sc
915808,Monterey Bay Fc,monterey-bay-fc,https://www.fotmob.com/teams/915808/overview/monterey-bay-fc
915809,Las Vegas Lights Fc,las-vegas-lights-fc,https://www.fotmob.com/teams/915809/overview/las-vegas-lights-fc
916701,Ifk Stocksund,ifk-stocksund,https://www.fotmob.com/teams/916701/overview/ifk-stocksund
920414,Honefoss,honefoss,https://www.fotmob.com/teams/920414/overview/honefoss
920415,Bryne,bryne,https://www.fotmob.com/teams/920415/overview/bryne
920418,Frigg,frigg,https://www.fotmob.com/teams/920418/overview/frigg
920788,Deportivo Garcilaso,deportivo-garcilaso,https://www.fotmob.com/teams/920788/overview/deportivo-garcilaso
920789,Atletico Grau,atletico-grau,https://www.fotmob.com/teams/920789/overview/atletico-grau
923654,Utah Royals,utah-royals,https://www.fotmob.com/teams/923654/overview/utah-royals
924934,Albion,albion,https://www.fotmob.com/teams/924934/overview/albion
927587,Deportivo Rincon,deportivo-rincon,https://www.fotmob.com/teams/927587/overview/deportivo-rincon
929188,Bonaire,bonaire,https://www.fotmob.com/teams/929188/overview/bonaire
929189,Saint Martin,saint-martin,https://www.fotmob.com/teams/929189/overview/saint-martin
929190,Sint Maarten,sint-maarten,https://www.fotmob.com/teams/929190/overview/sint-maarten
929533,Papua New Guinea U19,papua-new-guinea-u19,https://www.fotmob.com/teams/929533/overview/papua-new-guinea-u19
929534,New Zealand U19,new-zealand-u19,https://www.fotmob.com/teams/929534/overview/new-zealand-u19
929535,Tahiti U19,tahiti-u19,https://www.fotmob.com/teams/929535/overview/tahiti-u19
929536,Vanuatu U19,vanuatu-u19,https://www.fotmob.com/teams/929536/overview/vanuatu-u19
929537,Fiji U19,fiji-u19,https://www.fotmob.com/teams/929537/overview/fiji-u19
929538,New Caledonia U19,new-caledonia-u19,https://www.fotmob.com/teams/929538/overview/new-caledonia-u19
929540,Solomon Islands U19,solomon-islands-u19,https://www.fotmob.com/teams/929540/overview/solomon-islands-u19
930027,Shenzhen Peng City,shenzhen-peng-city,https://www.fotmob.com/teams/930027/overview/shenzhen-peng-city
930076,Yeoju Fc,yeoju-fc,https://www.fotmob.com/teams/930076/overview/yeoju-fc
930090,Siheung Citizen,siheung-citizen,https://www.fotmob.com/teams/930090/overview/siheung-citizen
930525,Persebaya Surabaya,persebaya-surabaya,https://www.fotmob.com/teams/930525/overview/persebaya-surabaya
933202,Fort Worth Vaqueros,fort-worth-vaqueros,https://www.fotmob.com/teams/933202/overview/fort-worth-vaqueros
935776,Bolivia U21,bolivia-u21,https://www.fotmob.com/teams/935776/overview/bolivia-u21
940030,Karpatalya,karpatalya,https://www.fotmob.com/teams/940030/overview/karpatalya
940335,Iraq U19,iraq-u19,https://www.fotmob.com/teams/940335/overview/iraq-u19
940336,North Korea U19,north-korea-u19,https://www.fotmob.com/teams/940336/overview/north-korea-u19
940337,Tajikistan U19,tajikistan-u19,https://www.fotmob.com/teams/940337/overview/tajikistan-u19
940338,China U19,china-u19,https://www.fotmob.com/teams/940338/overview/china-u19
941024,Tegevajaro Miyazaki,tegevajaro-miyazaki,https://www.fotmob.com/teams/941024/overview/tegevajaro-miyazaki
941637,Togo U21,togo-u21,https://www.fotmob.com/teams/941637/overview/togo-u21
942486,Tonga U19,tonga-u19,https://www.fotmob.com/teams/942486/overview/tonga-u19
943069,London Turkish All Stars,london-turkish-all-stars,https://www.fotmob.com/teams/943069/overview/london-turkish-all-stars
944173,Arda Kardzhali,arda-kardzhali,https://www.fotmob.com/teams/944173/overview/arda-kardzhali
944215,Cska 1948,cska-1948,https://www.fotmob.com/teams/944215/overview/cska-1948
946241,Horsholm Usserod Ik,horsholm-usserod-ik,https://www.fotmob.com/teams/946241/overview/horsholm-usserod-ik
946303,Hebc Hamburg,hebc-hamburg,https://www.fotmob.com/teams/946303/overview/hebc-hamburg
946519,Tsv 1861 Nordlingen,tsv-1861-nordlingen,https://www.fotmob.com/teams/946519/overview/tsv-1861-nordlingen
946908,Spg Hogo Wels,spg-hogo-wels,https://www.fotmob.com/teams/946908/overview/spg-hogo-wels
948719,Tiszakecske,tiszakecske,https://www.fotmob.com/teams/948719/overview/tiszakecske
948854,Turk Gucu Friedberg,turk-gucu-friedberg,https://www.fotmob.com/teams/948854/overview/turk-gucu-friedberg
948910,Kvant Obninsk,kvant-obninsk,https://www.fotmob.com/teams/948910/overview/kvant-obninsk
948912,Leningradets,leningradets,https://www.fotmob.com/teams/948912/overview/leningradets
949030,Fc Kharkiv,fc-kharkiv,https://www.fotmob.com/teams/949030/overview/fc-kharkiv
949644,Ammanford,ammanford,https://www.fotmob.com/teams/949644/overview/ammanford
949963,Salyut Belgorod,salyut-belgorod,https://www.fotmob.com/teams/949963/overview/salyut-belgorod
950070,Renaissance Club Zemamra,renaissance-club-zemamra,https://www.fotmob.com/teams/950070/overview/renaissance-club-zemamra
950214,Arsenal U21,arsenal-u21,https://www.fotmob.com/teams/950214/overview/arsenal-u21
950316,Sporting Cp U23,sporting-cp-u23,https://www.fotmob.com/teams/950316/overview/sporting-cp-u23
951609,Chinese Taipei U23,chinese-taipei-u23,https://www.fotmob.com/teams/951609/overview/chinese-taipei-u23
951610,Hong Kong U23,hong-kong-u23,https://www.fotmob.com/teams/951610/overview/hong-kong-u23
951893,Sabah Fk,sabah-fk,https://www.fotmob.com/teams/951893/overview/sabah-fk
953498,Ts Galaxy,ts-galaxy,https://www.fotmob.com/teams/953498/overview/ts-galaxy
953607,Bromsgrove Sporting,bromsgrove-sporting,https://www.fotmob.com/teams/953607/overview/bromsgrove-sporting
954394,Sheffield United,sheffield-united,https://www.fotmob.com/teams/954394/overview/sheffield-united
954396,Manchester United,manchester-united,https://www.fotmob.com/teams/954396/overview/manchester-united
955322,Havadar Sc,havadar-sc,https://www.fotmob.com/teams/955322/overview/havadar-sc
956184,Juventus Next Gen,juventus-next-gen,https://www.fotmob.com/teams/956184/overview/juventus-next-gen
956623,Juventus,juventus,https://www.fotmob.com/teams/956623/overview/juventus
958325,Independiente Petrolero,independiente-petrolero,https://www.fotmob.com/teams/958325/overview/independiente-petrolero
958608,Navad Urmia,navad-urmia,https://www.fotmob.com/teams/958608/overview/navad-urmia
960127,Racing Club Warwick,racing-club-warwick,https://www.fotmob.com/teams/960127/overview/racing-club-warwick
960130,Anstey Nomads,anstey-nomads,https://www.fotmob.com/teams/960130/overview/anstey-nomads
960720,Inter Miami Cf,inter-miami-cf,https://www.fotmob.com/teams/960720/overview/inter-miami-cf
961464,Mes Shahr Babak,mes-shahr-babak,https://www.fotmob.com/teams/961464/overview/mes-shahr-babak
961869,Suriname U20,suriname-u20,https://www.fotmob.com/teams/961869/overview/suriname-u20
961871,Puerto Rico U20,puerto-rico-u20,https://www.fotmob.com/teams/961871/overview/puerto-rico-u20
961872,Us Virgin Islands U20,us-virgin-islands-u20,https://www.fotmob.com/teams/961872/overview/us-virgin-islands-u20
961873,Nicaragua U20,nicaragua-u20,https://www.fotmob.com/teams/961873/overview/nicaragua-u20
961874,Grenada U20,grenada-u20,https://www.fotmob.com/teams/961874/overview/grenada-u20
961875,Saint Martin U20,saint-martin-u20,https://www.fotmob.com/teams/961875/overview/saint-martin-u20
961877,Dominican Republic U20,dominican-republic-u20,https://www.fotmob.com/teams/961877/overview/dominican-republic-u20
961881,Belize U20,belize-u20,https://www.fotmob.com/teams/961881/overview/belize-u20
961882,Sint Maarten U20,sint-maarten-u20,https://www.fotmob.com/teams/961882/overview/sint-maarten-u20
961884,Guadeloupe U20,guadeloupe-u20,https://www.fotmob.com/teams/961884/overview/guadeloupe-u20
961885,Dominica U20,dominica-u20,https://www.fotmob.com/teams/961885/overview/dominica-u20
961886,Martinique U20,martinique-u20,https://www.fotmob.com/teams/961886/overview/martinique-u20
961887,Saint Lucia U20,saint-lucia-u20,https://www.fotmob.com/teams/961887/overview/saint-lucia-u20
961888,Barbados U20,barbados-u20,https://www.fotmob.com/teams/961888/overview/barbados-u20
961889,Curacao U20,curacao-u20,https://www.fotmob.com/teams/961889/overview/curacao-u20
961890,Guyana U20,guyana-u20,https://www.fotmob.com/teams/961890/overview/guyana-u20
961891,Cayman Islands U20,cayman-islands-u20,https://www.fotmob.com/teams/961891/overview/cayman-islands-u20
967026,Panama,panama,https://www.fotmob.com/teams/967026/overview/panama
967029,Jamaica,jamaica,https://www.fotmob.com/teams/967029/overview/jamaica
967030,Cuba,cuba,https://www.fotmob.com/teams/967030/overview/cuba
969268,Fc Kosice,fc-kosice,https://www.fotmob.com/teams/969268/overview/fc-kosice
970686,Real Kashmir Fc,real-kashmir-fc,https://www.fotmob.com/teams/970686/overview/real-kashmir-fc
978907,Bolivia U20,bolivia-u20,https://www.fotmob.com/teams/978907/overview/bolivia-u20
978908,Peru U20,peru-u20,https://www.fotmob.com/teams/978908/overview/peru-u20
980692,Pachuca,pachuca,https://www.fotmob.com/teams/980692/overview/pachuca
980693,Cf America,cf-america,https://www.fotmob.com/teams/980693/overview/cf-america
980694,Toluca,toluca,https://www.fotmob.com/teams/980694/overview/toluca
980695,Pumas,pumas,https://www.fotmob.com/teams/980695/overview/pumas
980696,Puebla,puebla,https://www.fotmob.com/teams/980696/overview/puebla
980699,Club Tijuana,club-tijuana,https://www.fotmob.com/teams/980699/overview/club-tijuana
980700,Cruz Azul,cruz-azul,https://www.fotmob.com/teams/980700/overview/cruz-azul
980701,Tigres,tigres,https://www.fotmob.com/teams/980701/overview/tigres
980702,Chivas,chivas,https://www.fotmob.com/teams/980702/overview/chivas
980703,Monterrey,monterrey,https://www.fotmob.com/teams/980703/overview/monterrey
980704,Atlas,atlas,https://www.fotmob.com/teams/980704/overview/atlas
980705,Club Leon,club-leon,https://www.fotmob.com/teams/980705/overview/club-leon
980706,Queretaro,queretaro,https://www.fotmob.com/teams/980706/overview/queretaro
980708,Necaxa,necaxa,https://www.fotmob.com/teams/980708/overview/necaxa
980709,Santos Laguna,santos-laguna,https://www.fotmob.com/teams/980709/overview/santos-laguna
980746,Sevilla,sevilla,https://www.fotmob.com/teams/980746/overview/sevilla
981193,Sk Super Nova,sk-super-nova,https://www.fotmob.com/teams/981193/overview/sk-super-nova
1001913,Burundi U20,burundi-u20,https://www.fotmob.com/teams/1001913/overview/burundi-u20
1001914,Niger U20,niger-u20,https://www.fotmob.com/teams/1001914/overview/niger-u20
1003205,Loudoun United Fc,loudoun-united-fc,https://www.fotmob.com/teams/1003205/overview/loudoun-united-fc
1003206,Hartford Athletic,hartford-athletic,https://www.fotmob.com/teams/1003206/overview/hartford-athletic
1003207,Birmingham Legion Fc,birmingham-legion-fc,https://www.fotmob.com/teams/1003207/overview/birmingham-legion-fc
1003208,New Mexico United,new-mexico-united,https://www.fotmob.com/teams/1003208/overview/new-mexico-united
1003209,El Paso Locomotive Fc,el-paso-locomotive-fc,https://www.fotmob.com/teams/1003209/overview/el-paso-locomotive-fc
1004501,Rana Fk,rana-fk,https://www.fotmob.com/teams/1004501/overview/rana-fk
1004918,Chattanooga Red Wolves Sc,chattanooga-red-wolves-sc,https://www.fotmob.com/teams/1004918/overview/chattanooga-red-wolves-sc
1004919,Forward Madison Fc,forward-madison-fc,https://www.fotmob.com/teams/1004919/overview/forward-madison-fc
1004920,Greenville Triumph Sc,greenville-triumph-sc,https://www.fotmob.com/teams/1004920/overview/greenville-triumph-sc
1004921,North Texas Sc,north-texas-sc,https://www.fotmob.com/teams/1004921/overview/north-texas-sc
1011931,Fc Stockholm,fc-stockholm,https://www.fotmob.com/teams/1011931/overview/fc-stockholm
1014174,Orense,orense,https://www.fotmob.com/teams/1014174/overview/orense
1015780,Uruguay,uruguay,https://www.fotmob.com/teams/1015780/overview/uruguay
1016183,Chiangmai United,chiangmai-united,https://www.fotmob.com/teams/1016183/overview/chiangmai-united
1018433,Real Pilar,real-pilar,https://www.fotmob.com/teams/1018433/overview/real-pilar
1022948,Hfx Wanderers Fc,hfx-wanderers-fc,https://www.fotmob.com/teams/1022948/overview/hfx-wanderers-fc
1022952,Cavalry Fc,cavalry-fc,https://www.fotmob.com/teams/1022952/overview/cavalry-fc
1022953,Pacific Fc,pacific-fc,https://www.fotmob.com/teams/1022953/overview/pacific-fc
1022954,Inter Toronto Fc,inter-toronto-fc,https://www.fotmob.com/teams/1022954/overview/inter-toronto-fc
1022955,Forge Fc,forge-fc,https://www.fotmob.com/teams/1022955/overview/forge-fc
1025413,Norway U20,norway-u20,https://www.fotmob.com/teams/1025413/overview/norway-u20
1027302,Vjs,vjs,https://www.fotmob.com/teams/1027302/overview/vjs
1029624,India U23,india-u23,https://www.fotmob.com/teams/1029624/overview/india-u23
1029687,Wuhan Three Towns,wuhan-three-towns,https://www.fotmob.com/teams/1029687/overview/wuhan-three-towns
1029994,Solingen Wald 03,solingen-wald-03,https://www.fotmob.com/teams/1029994/overview/solingen-wald-03
1038468,Black Rock Fc,black-rock-fc,https://www.fotmob.com/teams/1038468/overview/black-rock-fc
1038475,Little Rock Rangers,little-rock-rangers,https://www.fotmob.com/teams/1038475/overview/little-rock-rangers
1038476,Academica Sc,academica-sc,https://www.fotmob.com/teams/1038476/overview/academica-sc
1039601,France U18,france-u18,https://www.fotmob.com/teams/1039601/overview/france-u18
1045551,Kinondoni Mc,kinondoni-mc,https://www.fotmob.com/teams/1045551/overview/kinondoni-mc
1045552,Jkt Tanzania,jkt-tanzania,https://www.fotmob.com/teams/1045552/overview/jkt-tanzania
1048303,Vendelso Ik,vendelso-ik,https://www.fotmob.com/teams/1048303/overview/vendelso-ik
1053520,Fc Deisenhofen,fc-deisenhofen,https://www.fotmob.com/teams/1053520/overview/fc-deisenhofen
1053521,Asv Cham,asv-cham,https://www.fotmob.com/teams/1053521/overview/asv-cham
1056183,Pamba Jiji,pamba-jiji,https://www.fotmob.com/teams/1056183/overview/pamba-jiji
1057019,Chile U23,chile-u23,https://www.fotmob.com/teams/1057019/overview/chile-u23
1063324,Tsv 1880 Wasserburg,tsv-1880-wasserburg,https://www.fotmob.com/teams/1063324/overview/tsv-1880-wasserburg
1066681,Rodina,rodina,https://www.fotmob.com/teams/1066681/overview/rodina
1066912,Fc Juarez,fc-juarez,https://www.fotmob.com/teams/1066912/overview/fc-juarez
1066915,Atletico De San Luis,atletico-de-san-luis,https://www.fotmob.com/teams/1066915/overview/atletico-de-san-luis
1068353,Dynamo Makhachkala,dynamo-makhachkala,https://www.fotmob.com/teams/1068353/overview/dynamo-makhachkala
1068364,Akron Togliatti,akron-togliatti,https://www.fotmob.com/teams/1068364/overview/akron-togliatti
1068864,Angola U17,angola-u17,https://www.fotmob.com/teams/1068864/overview/angola-u17
1068865,Senegal U17,senegal-u17,https://www.fotmob.com/teams/1068865/overview/senegal-u17
1068867,Cameroon U17,cameroon-u17,https://www.fotmob.com/teams/1068867/overview/cameroon-u17
1068868,Solomon Islands U17,solomon-islands-u17,https://www.fotmob.com/teams/1068868/overview/solomon-islands-u17
1069061,Rw Walldorf,rw-walldorf,https://www.fotmob.com/teams/1069061/overview/rw-walldorf
1069070,Preussen Munster Ii,preussen-munster-ii,https://www.fotmob.com/teams/1069070/overview/preussen-munster-ii
1070257,Manchester United U21,manchester-united-u21,https://www.fotmob.com/teams/1070257/overview/manchester-united-u21
1070259,Liverpool U21,liverpool-u21,https://www.fotmob.com/teams/1070259/overview/liverpool-u21
1070261,Aston Villa U21,aston-villa-u21,https://www.fotmob.com/teams/1070261/overview/aston-villa-u21
1070334,Fc Sibir,fc-sibir,https://www.fotmob.com/teams/1070334/overview/fc-sibir
1071515,Chichester City Fc,chichester-city-fc,https://www.fotmob.com/teams/1071515/overview/chichester-city-fc
1072445,1 Fc Phonix Lubeck,1-fc-phonix-lubeck,https://www.fotmob.com/teams/1072445/overview/1-fc-phonix-lubeck
1073473,Sv Hemelingen,sv-hemelingen,https://www.fotmob.com/teams/1073473/overview/sv-hemelingen
1074312,Santarem,santarem,https://www.fotmob.com/teams/1074312/overview/santarem
1074320,Estrela Da Amadora,estrela-da-amadora,https://www.fotmob.com/teams/1074320/overview/estrela-da-amadora
1074622,Real Tomayapo,real-tomayapo,https://www.fotmob.com/teams/1074622/overview/real-tomayapo
1075325,Krasava Ypsonas Fc,krasava-ypsonas-fc,https://www.fotmob.com/teams/1075325/overview/krasava-ypsonas-fc
1075419,London City Lionesses,london-city-lionesses,https://www.fotmob.com/teams/1075419/overview/london-city-lionesses
1076357,Circulo Deportivo,circulo-deportivo,https://www.fotmob.com/teams/1076357/overview/circulo-deportivo
1077485,Deportivo De Coruna,deportivo-de-coruna,https://www.fotmob.com/teams/1077485/overview/deportivo-de-coruna
1077486,Real Madrid,real-madrid,https://www.fotmob.com/teams/1077486/overview/real-madrid
1078286,Paraguay,paraguay,https://www.fotmob.com/teams/1078286/overview/paraguay
1078400,Van,van,https://www.fotmob.com/teams/1078400/overview/van
1078402,Bkma,bkma,https://www.fotmob.com/teams/1078402/overview/bkma
1084108,Namungo Fc,namungo-fc,https://www.fotmob.com/teams/1084108/overview/namungo-fc
1086744,Sc Delhi,sc-delhi,https://www.fotmob.com/teams/1086744/overview/sc-delhi
1087122,Stockton Town,stockton-town,https://www.fotmob.com/teams/1087122/overview/stockton-town
1087289,El Salvador,el-salvador,https://www.fotmob.com/teams/1087289/overview/el-salvador
1087313,Al Qasim,al-qasim,https://www.fotmob.com/teams/1087313/overview/al-qasim
1088486,Mardin 1969 Spor,mardin-1969-spor,https://www.fotmob.com/teams/1088486/overview/mardin-1969-spor
1099941,Fa Siauliai,fa-siauliai,https://www.fotmob.com/teams/1099941/overview/fa-siauliai
1104719,Asociacion Deportiva Tarma,asociacion-deportiva-tarma,https://www.fotmob.com/teams/1104719/overview/asociacion-deportiva-tarma
1105640,Pvf Cand,pvf-cand,https://www.fotmob.com/teams/1105640/overview/pvf-cand
1110271,Ayutthaya United Fc,ayutthaya-united-fc,https://www.fotmob.com/teams/1110271/overview/ayutthaya-united-fc
1111274,Trau,trau,https://www.fotmob.com/teams/1111274/overview/trau
1111871,Chinese Taipei,chinese-taipei,https://www.fotmob.com/teams/1111871/overview/chinese-taipei
1112101,Cf Intercity,cf-intercity,https://www.fotmob.com/teams/1112101/overview/cf-intercity
1112114,Ud Tamaraceite,ud-tamaraceite,https://www.fotmob.com/teams/1112114/overview/ud-tamaraceite
1113543,Manchester City U18,manchester-city-u18,https://www.fotmob.com/teams/1113543/overview/manchester-city-u18
1113546,Liverpool U18,liverpool-u18,https://www.fotmob.com/teams/1113546/overview/liverpool-u18
1113547,Everton U18,everton-u18,https://www.fotmob.com/teams/1113547/overview/everton-u18
1113548,West Bromwich Albion U18,west-bromwich-albion-u18,https://www.fotmob.com/teams/1113548/overview/west-bromwich-albion-u18
1113549,Derby County U18,derby-county-u18,https://www.fotmob.com/teams/1113549/overview/derby-county-u18
1113550,Fulham U18,fulham-u18,https://www.fotmob.com/teams/1113550/overview/fulham-u18
1113551,Manchester United U18,manchester-united-u18,https://www.fotmob.com/teams/1113551/overview/manchester-united-u18
1113552,Chelsea U18,chelsea-u18,https://www.fotmob.com/teams/1113552/overview/chelsea-u18
1113554,Wolverhampton Wanderers U18,wolverhampton-wanderers-u18,https://www.fotmob.com/teams/1113554/overview/wolverhampton-wanderers-u18
1113555,Brighton Hove Albion U18,brighton-hove-albion-u18,https://www.fotmob.com/teams/1113555/overview/brighton-hove-albion-u18
1113556,Stoke City U18,stoke-city-u18,https://www.fotmob.com/teams/1113556/overview/stoke-city-u18
1113557,Middlesbrough U18,middlesbrough-u18,https://www.fotmob.com/teams/1113557/overview/middlesbrough-u18
1113558,West Ham United U18,west-ham-united-u18,https://www.fotmob.com/teams/1113558/overview/west-ham-united-u18
1113559,Leicester City U18,leicester-city-u18,https://www.fotmob.com/teams/1113559/overview/leicester-city-u18
1113560,Blackburn Rovers U18,blackburn-rovers-u18,https://www.fotmob.com/teams/1113560/overview/blackburn-rovers-u18
1113561,Newcastle United U18,newcastle-united-u18,https://www.fotmob.com/teams/1113561/overview/newcastle-united-u18
1113562,Tottenham Hotspur U18,tottenham-hotspur-u18,https://www.fotmob.com/teams/1113562/overview/tottenham-hotspur-u18
1113563,Sunderland U18,sunderland-u18,https://www.fotmob.com/teams/1113563/overview/sunderland-u18
1113564,Aston Villa U18,aston-villa-u18,https://www.fotmob.com/teams/1113564/overview/aston-villa-u18
1113566,Arsenal U18,arsenal-u18,https://www.fotmob.com/teams/1113566/overview/arsenal-u18
1113567,Southampton U18,southampton-u18,https://www.fotmob.com/teams/1113567/overview/southampton-u18
1113569,Reading U18,reading-u18,https://www.fotmob.com/teams/1113569/overview/reading-u18
1113570,Norwich City U18,norwich-city-u18,https://www.fotmob.com/teams/1113570/overview/norwich-city-u18
1114226,Kuching City,kuching-city,https://www.fotmob.com/teams/1114226/overview/kuching-city
1114695,Salisbury,salisbury,https://www.fotmob.com/teams/1114695/overview/salisbury
1116984,Retro Fc,retro-fc,https://www.fotmob.com/teams/1116984/overview/retro-fc
1117574,Nova Mutum,nova-mutum,https://www.fotmob.com/teams/1117574/overview/nova-mutum
1118572,Bashundhara Kings,bashundhara-kings,https://www.fotmob.com/teams/1118572/overview/bashundhara-kings
1120766,Ik Uppsala Fotboll,ik-uppsala-fotboll,https://www.fotmob.com/teams/1120766/overview/ik-uppsala-fotboll
1121167,Gambia,gambia,https://www.fotmob.com/teams/1121167/overview/gambia
1121168,Senegal,senegal,https://www.fotmob.com/teams/1121168/overview/senegal
1121685,Union Omaha,union-omaha,https://www.fotmob.com/teams/1121685/overview/union-omaha
1121686,New England Revolution Ii,new-england-revolution-ii,https://www.fotmob.com/teams/1121686/overview/new-england-revolution-ii
1121750,Maccabi Bnei Raina,maccabi-bnei-raina,https://www.fotmob.com/teams/1121750/overview/maccabi-bnei-raina
1123073,Ud Ibiza,ud-ibiza,https://www.fotmob.com/teams/1123073/overview/ud-ibiza
1123220,Hong Linh Ha Tinh,hong-linh-ha-tinh,https://www.fotmob.com/teams/1123220/overview/hong-linh-ha-tinh
1124836,Kelantan Real Warriors Fc,kelantan-real-warriors-fc,https://www.fotmob.com/teams/1124836/overview/kelantan-real-warriors-fc
1126571,Haiti,haiti,https://www.fotmob.com/teams/1126571/overview/haiti
1127846,Montserrat U20,montserrat-u20,https://www.fotmob.com/teams/1127846/overview/montserrat-u20
1127847,Anguilla U20,anguilla-u20,https://www.fotmob.com/teams/1127847/overview/anguilla-u20
1128103,Minneapolis City,minneapolis-city,https://www.fotmob.com/teams/1128103/overview/minneapolis-city
1128317,Corpus Christi,corpus-christi,https://www.fotmob.com/teams/1128317/overview/corpus-christi
1128318,Louisiana Krewe,louisiana-krewe,https://www.fotmob.com/teams/1128318/overview/louisiana-krewe
1128323,Denton Diablos,denton-diablos,https://www.fotmob.com/teams/1128323/overview/denton-diablos
1129300,Morocco,morocco,https://www.fotmob.com/teams/1129300/overview/morocco
1129301,Tunisia,tunisia,https://www.fotmob.com/teams/1129301/overview/tunisia
1129658,St Kitts Nevis,st-kitts-nevis,https://www.fotmob.com/teams/1129658/overview/st-kitts-nevis
1130405,Cal United Strikers,cal-united-strikers,https://www.fotmob.com/teams/1130405/overview/cal-united-strikers
1130409,Los Angeles Force,los-angeles-force,https://www.fotmob.com/teams/1130409/overview/los-angeles-force
1130410,Michigan Stars Fc,michigan-stars-fc,https://www.fotmob.com/teams/1130410/overview/michigan-stars-fc
1130412,Stumptown Ac,stumptown-ac,https://www.fotmob.com/teams/1130412/overview/stumptown-ac
1130413,Oakland Roots Sc,oakland-roots-sc,https://www.fotmob.com/teams/1130413/overview/oakland-roots-sc
1130835,Parishes Jersey,parishes-jersey,https://www.fotmob.com/teams/1130835/overview/parishes-jersey
1130836,Mapuche,mapuche,https://www.fotmob.com/teams/1130836/overview/mapuche
1130837,Kernow,kernow,https://www.fotmob.com/teams/1130837/overview/kernow
1130838,Australian First Nations,australian-first-nations,https://www.fotmob.com/teams/1130838/overview/australian-first-nations
1134184,Ipswich Town Wfc,ipswich-town-wfc,https://www.fotmob.com/teams/1134184/overview/ipswich-town-wfc
1134185,Southampton,southampton,https://www.fotmob.com/teams/1134185/overview/southampton
1135780,Atletico Ottawa,atletico-ottawa,https://www.fotmob.com/teams/1135780/overview/atletico-ottawa
1136691,San Diego 1904 Fc,san-diego-1904-fc,https://www.fotmob.com/teams/1136691/overview/san-diego-1904-fc
1137920,Kenya,kenya,https://www.fotmob.com/teams/1137920/overview/kenya
1141162,Deportivo Las Sabanas,deportivo-las-sabanas,https://www.fotmob.com/teams/1141162/overview/deportivo-las-sabanas
1141478,Hantharwady United Fc,hantharwady-united-fc,https://www.fotmob.com/teams/1141478/overview/hantharwady-united-fc
1141481,Sagaing United Fc,sagaing-united-fc,https://www.fotmob.com/teams/1141481/overview/sagaing-united-fc
1141484,Rakhine United Fc,rakhine-united-fc,https://www.fotmob.com/teams/1141484/overview/rakhine-united-fc
1141486,Ispe Fc,ispe-fc,https://www.fotmob.com/teams/1141486/overview/ispe-fc
1141490,Zwekapin United Fc,zwekapin-united-fc,https://www.fotmob.com/teams/1141490/overview/zwekapin-united-fc
1141492,Southern Myanmar Fc,southern-myanmar-fc,https://www.fotmob.com/teams/1141492/overview/southern-myanmar-fc
1141496,Chin United Fc,chin-united-fc,https://www.fotmob.com/teams/1141496/overview/chin-united-fc
1142489,Arsenal Dzerzhinsk,arsenal-dzerzhinsk,https://www.fotmob.com/teams/1142489/overview/arsenal-dzerzhinsk
1142508,If Boljan,if-boljan,https://www.fotmob.com/teams/1142508/overview/if-boljan
1142755,Le Messager Ngozi,le-messager-ngozi,https://www.fotmob.com/teams/1142755/overview/le-messager-ngozi
1142756,Musongati,musongati,https://www.fotmob.com/teams/1142756/overview/musongati
1142757,Aigle Noir,aigle-noir,https://www.fotmob.com/teams/1142757/overview/aigle-noir
1142759,Flambeau Du Centre,flambeau-du-centre,https://www.fotmob.com/teams/1142759/overview/flambeau-du-centre
1142760,Bs Dynamic,bs-dynamic,https://www.fotmob.com/teams/1142760/overview/bs-dynamic
1142761,Bujumbura City,bujumbura-city,https://www.fotmob.com/teams/1142761/overview/bujumbura-city
1142762,Rukinzo Fc,rukinzo-fc,https://www.fotmob.com/teams/1142762/overview/rukinzo-fc
1142763,Inter Star,inter-star,https://www.fotmob.com/teams/1142763/overview/inter-star
1142764,Bumamuru,bumamuru,https://www.fotmob.com/teams/1142764/overview/bumamuru
1142765,Kayanza United,kayanza-united,https://www.fotmob.com/teams/1142765/overview/kayanza-united
1142766,Olympic Star,olympic-star,https://www.fotmob.com/teams/1142766/overview/olympic-star
1142768,Ngozi City,ngozi-city,https://www.fotmob.com/teams/1142768/overview/ngozi-city
1142769,Les Lierres,les-lierres,https://www.fotmob.com/teams/1142769/overview/les-lierres
1142849,Brommapojkarna,brommapojkarna,https://www.fotmob.com/teams/1142849/overview/brommapojkarna
1143337,Malmslatts Aik,malmslatts-aik,https://www.fotmob.com/teams/1143337/overview/malmslatts-aik
1143477,Managua Fc U20,managua-fc-u20,https://www.fotmob.com/teams/1143477/overview/managua-fc-u20
1143487,Deportivo Walter Ferretti U20,deportivo-walter-ferretti-u20,https://www.fotmob.com/teams/1143487/overview/deportivo-walter-ferretti-u20
1143490,Juventus Fc U20,juventus-fc-u20,https://www.fotmob.com/teams/1143490/overview/juventus-fc-u20
1143493,Real Esteli Fc U20,real-esteli-fc-u20,https://www.fotmob.com/teams/1143493/overview/real-esteli-fc-u20
1143494,Art Municipal Jalapa U20,art-municipal-jalapa-u20,https://www.fotmob.com/teams/1143494/overview/art-municipal-jalapa-u20
1143495,Chinandega Fc U20,chinandega-fc-u20,https://www.fotmob.com/teams/1143495/overview/chinandega-fc-u20
1143496,Real Madriz Fc U20,real-madriz-fc-u20,https://www.fotmob.com/teams/1143496/overview/real-madriz-fc-u20
1143499,Deportivo Ocotal U20,deportivo-ocotal-u20,https://www.fotmob.com/teams/1143499/overview/deportivo-ocotal-u20
1143500,Deportivo Las Sabanas U20,deportivo-las-sabanas-u20,https://www.fotmob.com/teams/1143500/overview/deportivo-las-sabanas-u20
1143502,Diriangen Fc U20,diriangen-fc-u20,https://www.fotmob.com/teams/1143502/overview/diriangen-fc-u20
1143633,Ifk Goteborg,ifk-goteborg,https://www.fotmob.com/teams/1143633/overview/ifk-goteborg
1144284,Nordic United Fc,nordic-united-fc,https://www.fotmob.com/teams/1144284/overview/nordic-united-fc
1150506,Ulsan Citizen,ulsan-citizen,https://www.fotmob.com/teams/1150506/overview/ulsan-citizen
1151541,Slavia Prague B,slavia-prague-b,https://www.fotmob.com/teams/1151541/overview/slavia-prague-b
1153473,Nk Brinje Grosuplje,nk-brinje-grosuplje,https://www.fotmob.com/teams/1153473/overview/nk-brinje-grosuplje
1154238,Banik Ostrava B,banik-ostrava-b,https://www.fotmob.com/teams/1154238/overview/banik-ostrava-b
1159498,Andorra U19,andorra-u19,https://www.fotmob.com/teams/1159498/overview/andorra-u19
1159809,Kosovo U17,kosovo-u17,https://www.fotmob.com/teams/1159809/overview/kosovo-u17
1166452,Yemen U19,yemen-u19,https://www.fotmob.com/teams/1166452/overview/yemen-u19
1166877,Agf,agf,https://www.fotmob.com/teams/1166877/overview/agf
1168410,Blau Weiss Lohne,blau-weiss-lohne,https://www.fotmob.com/teams/1168410/overview/blau-weiss-lohne
1169987,Le Havre,le-havre,https://www.fotmob.com/teams/1169987/overview/le-havre
1170164,Hb Koge,hb-koge,https://www.fotmob.com/teams/1170164/overview/hb-koge
1171766,Singida Black Stars,singida-black-stars,https://www.fotmob.com/teams/1171766/overview/singida-black-stars
1173026,Club Brugge Nxt,club-brugge-nxt,https://www.fotmob.com/teams/1173026/overview/club-brugge-nxt
1173345,Tver Fc,tver-fc,https://www.fotmob.com/teams/1173345/overview/tver-fc
1173358,Volna Nizhny Novgorod,volna-nizhny-novgorod,https://www.fotmob.com/teams/1173358/overview/volna-nizhny-novgorod
1173726,Victoria Clarholz,victoria-clarholz,https://www.fotmob.com/teams/1173726/overview/victoria-clarholz
1173727,Spvgg Vreden,spvgg-vreden,https://www.fotmob.com/teams/1173727/overview/spvgg-vreden
1173928,Sv Schermbeck 2020,sv-schermbeck-2020,https://www.fotmob.com/teams/1173928/overview/sv-schermbeck-2020
1174006,Lechia Zielona Gora,lechia-zielona-gora,https://www.fotmob.com/teams/1174006/overview/lechia-zielona-gora
1174173,New Amsterdam,new-amsterdam,https://www.fotmob.com/teams/1174173/overview/new-amsterdam
1175395,Veres Rivne,veres-rivne,https://www.fotmob.com/teams/1175395/overview/veres-rivne
1175594,Djk Teutonia St Tonis,djk-teutonia-st-tonis,https://www.fotmob.com/teams/1175594/overview/djk-teutonia-st-tonis
1175679,Cancun Fc,cancun-fc,https://www.fotmob.com/teams/1175679/overview/cancun-fc
1177034,Dodoma Jiji Fc,dodoma-jiji-fc,https://www.fotmob.com/teams/1177034/overview/dodoma-jiji-fc
1177187,Leeds United U21,leeds-united-u21,https://www.fotmob.com/teams/1177187/overview/leeds-united-u21
1177310,Hapoel Kfar Shalem,hapoel-kfar-shalem,https://www.fotmob.com/teams/1177310/overview/hapoel-kfar-shalem
1179352,Kups,kups,https://www.fotmob.com/teams/1179352/overview/kups
1181312,Polissya Zhytomyr,polissya-zhytomyr,https://www.fotmob.com/teams/1181312/overview/polissya-zhytomyr
1183383,Leeds United U18,leeds-united-u18,https://www.fotmob.com/teams/1183383/overview/leeds-united-u18
1183384,Burnley U18,burnley-u18,https://www.fotmob.com/teams/1183384/overview/burnley-u18
1183385,Crystal Palace U18,crystal-palace-u18,https://www.fotmob.com/teams/1183385/overview/crystal-palace-u18
1184312,Parma Calcio 1913,parma-calcio-1913,https://www.fotmob.com/teams/1184312/overview/parma-calcio-1913
1184314,Inter,inter,https://www.fotmob.com/teams/1184314/overview/inter
1184315,Milan,milan,https://www.fotmob.com/teams/1184315/overview/milan
1184318,Ssd Napoli Femminile,ssd-napoli-femminile,https://www.fotmob.com/teams/1184318/overview/ssd-napoli-femminile
1184320,Sassuolo,sassuolo,https://www.fotmob.com/teams/1184320/overview/sassuolo
1186092,Warrington Rylands,warrington-rylands,https://www.fotmob.com/teams/1186092/overview/warrington-rylands
1186241,Eibar,eibar,https://www.fotmob.com/teams/1186241/overview/eibar
1194060,Karela United,karela-united,https://www.fotmob.com/teams/1194060/overview/karela-united
1198668,Benfica,benfica,https://www.fotmob.com/teams/1198668/overview/benfica
1200265,Us Le Pays Du Valois,us-le-pays-du-valois,https://www.fotmob.com/teams/1200265/overview/us-le-pays-du-valois
1202714,Zambia,zambia,https://www.fotmob.com/teams/1202714/overview/zambia
1204960,Cameroon,cameroon,https://www.fotmob.com/teams/1204960/overview/cameroon
1209973,Macarthur Fc,macarthur-fc,https://www.fotmob.com/teams/1209973/overview/macarthur-fc
1218886,Austin Fc,austin-fc,https://www.fotmob.com/teams/1218886/overview/austin-fc
1218969,Raal La Louviere,raal-la-louviere,https://www.fotmob.com/teams/1218969/overview/raal-la-louviere
1221604,Athletic Club,athletic-club,https://www.fotmob.com/teams/1221604/overview/athletic-club
1221708,Pouso Alegre,pouso-alegre,https://www.fotmob.com/teams/1221708/overview/pouso-alegre
1223346,Azuriz,azuriz,https://www.fotmob.com/teams/1223346/overview/azuriz
1223501,Fluminense Pi,fluminense-pi,https://www.fotmob.com/teams/1223501/overview/fluminense-pi
1223560,Atletico Gloriense,atletico-gloriense,https://www.fotmob.com/teams/1223560/overview/atletico-gloriense
1223580,Colon,colon,https://www.fotmob.com/teams/1223580/overview/colon
1225382,Fc Jarfalla,fc-jarfalla,https://www.fotmob.com/teams/1225382/overview/fc-jarfalla
1225386,Fbk Balkan,fbk-balkan,https://www.fotmob.com/teams/1225386/overview/fbk-balkan
1227665,Mauritania U20,mauritania-u20,https://www.fotmob.com/teams/1227665/overview/mauritania-u20
1227666,Uganda U20,uganda-u20,https://www.fotmob.com/teams/1227666/overview/uganda-u20
1227667,Mozambique U20,mozambique-u20,https://www.fotmob.com/teams/1227667/overview/mozambique-u20
1227668,Namibia U20,namibia-u20,https://www.fotmob.com/teams/1227668/overview/namibia-u20
1227669,Central African Rep U20,central-african-rep-u20,https://www.fotmob.com/teams/1227669/overview/central-african-rep-u20
1227670,Tanzania U20,tanzania-u20,https://www.fotmob.com/teams/1227670/overview/tanzania-u20
1228814,Hps,hps,https://www.fotmob.com/teams/1228814/overview/hps
1230961,India,india,https://www.fotmob.com/teams/1230961/overview/india
1232235,Bolivia,bolivia,https://www.fotmob.com/teams/1232235/overview/bolivia
1232706,Jataiense,jataiense,https://www.fotmob.com/teams/1232706/overview/jataiense
1233339,Dourados Ac,dourados-ac,https://www.fotmob.com/teams/1233339/overview/dourados-ac
1233534,Treaty United,treaty-united,https://www.fotmob.com/teams/1233534/overview/treaty-united
1234004,Fam Msn,fam-msn,https://www.fotmob.com/teams/1234004/overview/fam-msn
1235223,Ninh Binh Club,ninh-binh-club,https://www.fotmob.com/teams/1235223/overview/ninh-binh-club
1236190,Porto Velho Ec,porto-velho-ec,https://www.fotmob.com/teams/1236190/overview/porto-velho-ec
1237244,Racing Louisville,racing-louisville,https://www.fotmob.com/teams/1237244/overview/racing-louisville
1237411,Dominican Republic U23,dominican-republic-u23,https://www.fotmob.com/teams/1237411/overview/dominican-republic-u23
1237413,Canada U23,canada-u23,https://www.fotmob.com/teams/1237413/overview/canada-u23
1237414,Haiti U23,haiti-u23,https://www.fotmob.com/teams/1237414/overview/haiti-u23
1237415,El Salvador U23,el-salvador-u23,https://www.fotmob.com/teams/1237415/overview/el-salvador-u23
1237561,Kansas City Current,kansas-city-current,https://www.fotmob.com/teams/1237561/overview/kansas-city-current
1238756,Luxembourg U17,luxembourg-u17,https://www.fotmob.com/teams/1238756/overview/luxembourg-u17
1239548,Ciudad De Bolivar,ciudad-de-bolivar,https://www.fotmob.com/teams/1239548/overview/ciudad-de-bolivar
1240869,Maryland Bobcats Fc,maryland-bobcats-fc,https://www.fotmob.com/teams/1240869/overview/maryland-bobcats-fc
1242218,Nanjing City Fc,nanjing-city-fc,https://www.fotmob.com/teams/1242218/overview/nanjing-city-fc
1242560,Sportivo Ameliano,sportivo-ameliano,https://www.fotmob.com/teams/1242560/overview/sportivo-ameliano
1243552,Uzbekistan,uzbekistan,https://www.fotmob.com/teams/1243552/overview/uzbekistan
1244691,Jordan,jordan,https://www.fotmob.com/teams/1244691/overview/jordan
1244692,Namibia,namibia,https://www.fotmob.com/teams/1244692/overview/namibia
1244702,Angola,angola,https://www.fotmob.com/teams/1244702/overview/angola
1245674,Liechtenstein,liechtenstein,https://www.fotmob.com/teams/1245674/overview/liechtenstein
1245983,Wolverhampton Wfc,wolverhampton-wfc,https://www.fotmob.com/teams/1245983/overview/wolverhampton-wfc
1249010,France U23,france-u23,https://www.fotmob.com/teams/1249010/overview/france-u23
1249011,Romania U23,romania-u23,https://www.fotmob.com/teams/1249011/overview/romania-u23
1252957,Bohemians,bohemians,https://www.fotmob.com/teams/1252957/overview/bohemians
1252958,Athlone Town,athlone-town,https://www.fotmob.com/teams/1252958/overview/athlone-town
1252959,Treaty United,treaty-united,https://www.fotmob.com/teams/1252959/overview/treaty-united
1257662,Uruguay Montevideo,uruguay-montevideo,https://www.fotmob.com/teams/1257662/overview/uruguay-montevideo
1261666,Omiya Ardija Ventus,omiya-ardija-ventus,https://www.fotmob.com/teams/1261666/overview/omiya-ardija-ventus
1261668,Sanfrecce Hiroshima Regina,sanfrecce-hiroshima-regina,https://www.fotmob.com/teams/1261668/overview/sanfrecce-hiroshima-regina
1262680,Ragsveds If,ragsveds-if,https://www.fotmob.com/teams/1262680/overview/ragsveds-if
1263978,Mali,mali,https://www.fotmob.com/teams/1263978/overview/mali
1264357,Gibraltar,gibraltar,https://www.fotmob.com/teams/1264357/overview/gibraltar
1264972,Deportes Recoleta,deportes-recoleta,https://www.fotmob.com/teams/1264972/overview/deportes-recoleta
1264989,Ofk Mladost Donja Gorica,ofk-mladost-donja-gorica,https://www.fotmob.com/teams/1264989/overview/ofk-mladost-donja-gorica
1265280,Trefelin Bgc,trefelin-bgc,https://www.fotmob.com/teams/1265280/overview/trefelin-bgc
1266892,Fk Mladost Novi Sad,fk-mladost-novi-sad,https://www.fotmob.com/teams/1266892/overview/fk-mladost-novi-sad
1267364,Viking,viking,https://www.fotmob.com/teams/1267364/overview/viking
1267874,Crystal Palace U21,crystal-palace-u21,https://www.fotmob.com/teams/1267874/overview/crystal-palace-u21
1267963,Rayo Zuliano,rayo-zuliano,https://www.fotmob.com/teams/1267963/overview/rayo-zuliano
1269400,Einheit Wernigerode,einheit-wernigerode,https://www.fotmob.com/teams/1269400/overview/einheit-wernigerode
1269401,Eintracht Mahlsdorf,eintracht-mahlsdorf,https://www.fotmob.com/teams/1269401/overview/eintracht-mahlsdorf
1275957,Dynamo Saint Petersburg,dynamo-saint-petersburg,https://www.fotmob.com/teams/1275957/overview/dynamo-saint-petersburg
1275962,Fc Yenisey Krasnoyarsk Ii,fc-yenisey-krasnoyarsk-ii,https://www.fotmob.com/teams/1275962/overview/fc-yenisey-krasnoyarsk-ii
1275970,Ska Khabarovsk Ii,ska-khabarovsk-ii,https://www.fotmob.com/teams/1275970/overview/ska-khabarovsk-ii
1276053,Dinamo Vladivostok,dinamo-vladivostok,https://www.fotmob.com/teams/1276053/overview/dinamo-vladivostok
1276062,Torpedo Miass,torpedo-miass,https://www.fotmob.com/teams/1276062/overview/torpedo-miass
1276617,Tanzania U23,tanzania-u23,https://www.fotmob.com/teams/1276617/overview/tanzania-u23
1276618,Dr Congo U23,dr-congo-u23,https://www.fotmob.com/teams/1276618/overview/dr-congo-u23
1276619,Burundi U23,burundi-u23,https://www.fotmob.com/teams/1276619/overview/burundi-u23
1276620,Ethiopia U23,ethiopia-u23,https://www.fotmob.com/teams/1276620/overview/ethiopia-u23
1276621,Djibouti U23,djibouti-u23,https://www.fotmob.com/teams/1276621/overview/djibouti-u23
1277917,Steaua Bucuresti,steaua-bucuresti,https://www.fotmob.com/teams/1277917/overview/steaua-bucuresti
1277922,Comunal Selimbar,comunal-selimbar,https://www.fotmob.com/teams/1277922/overview/comunal-selimbar
1280075,Cd Platense Municipal,cd-platense-municipal,https://www.fotmob.com/teams/1280075/overview/cd-platense-municipal
1281393,Deportivo Alaves,deportivo-alaves,https://www.fotmob.com/teams/1281393/overview/deportivo-alaves
1281661,Nottingham Forest U18,nottingham-forest-u18,https://www.fotmob.com/teams/1281661/overview/nottingham-forest-u18
1281663,Birmingham City U18,birmingham-city-u18,https://www.fotmob.com/teams/1281663/overview/birmingham-city-u18
1281818,Igdir Fk,igdir-fk,https://www.fotmob.com/teams/1281818/overview/igdir-fk
1282231,Omonia 29 Maiou,omonia-29-maiou,https://www.fotmob.com/teams/1282231/overview/omonia-29-maiou
1282924,Shijiazhuang Gongfu,shijiazhuang-gongfu,https://www.fotmob.com/teams/1282924/overview/shijiazhuang-gongfu
1282988,Yanbian Longding,yanbian-longding,https://www.fotmob.com/teams/1282988/overview/yanbian-longding
1282989,Foshan Nanshi,foshan-nanshi,https://www.fotmob.com/teams/1282989/overview/foshan-nanshi
1283246,Wuxi Wugo,wuxi-wugo,https://www.fotmob.com/teams/1283246/overview/wuxi-wugo
1283248,Qingdao West Coast,qingdao-west-coast,https://www.fotmob.com/teams/1283248/overview/qingdao-west-coast
1285005,Escorpiones,escorpiones,https://www.fotmob.com/teams/1285005/overview/escorpiones
1286895,Wieczysta Krakow,wieczysta-krakow,https://www.fotmob.com/teams/1286895/overview/wieczysta-krakow
1290988,Avro,avro,https://www.fotmob.com/teams/1290988/overview/avro
1291005,Ilkeston Town,ilkeston-town,https://www.fotmob.com/teams/1291005/overview/ilkeston-town
1295924,Dolomiti Bellunesi,dolomiti-bellunesi,https://www.fotmob.com/teams/1295924/overview/dolomiti-bellunesi
1296841,Cf Os Belenenses,cf-os-belenenses,https://www.fotmob.com/teams/1296841/overview/cf-os-belenenses
1297060,San Antonio Bulo Bulo,san-antonio-bulo-bulo,https://www.fotmob.com/teams/1297060/overview/san-antonio-bulo-bulo
1297346,Abb,abb,https://www.fotmob.com/teams/1297346/overview/abb
1297793,Peru,peru,https://www.fotmob.com/teams/1297793/overview/peru
1298364,Newroz,newroz,https://www.fotmob.com/teams/1298364/overview/newroz
1299432,British Virgin Islands U20,british-virgin-islands-u20,https://www.fotmob.com/teams/1299432/overview/british-virgin-islands-u20
1300347,Wellington Phoenix,wellington-phoenix,https://www.fotmob.com/teams/1300347/overview/wellington-phoenix
1300594,Bibiani Gold Stars,bibiani-gold-stars,https://www.fotmob.com/teams/1300594/overview/bibiani-gold-stars
1302798,Malawi,malawi,https://www.fotmob.com/teams/1302798/overview/malawi
1303117,Olympiacos B,olympiacos-b,https://www.fotmob.com/teams/1303117/overview/olympiacos-b
1303118,Paok Thessaloniki B,paok-thessaloniki-b,https://www.fotmob.com/teams/1303118/overview/paok-thessaloniki-b
1303998,Shams Azar Qazvin,shams-azar-qazvin,https://www.fotmob.com/teams/1303998/overview/shams-azar-qazvin
1306663,Dominican Republic,dominican-republic,https://www.fotmob.com/teams/1306663/overview/dominican-republic
1308840,Thionville Lusitanos,thionville-lusitanos,https://www.fotmob.com/teams/1308840/overview/thionville-lusitanos
1314906,Honduras,honduras,https://www.fotmob.com/teams/1314906/overview/honduras
1314965,Cd Arenteiro,cd-arenteiro,https://www.fotmob.com/teams/1314965/overview/cd-arenteiro
1315045,Cs Puertollano,cs-puertollano,https://www.fotmob.com/teams/1315045/overview/cs-puertollano
1316257,Algeria,algeria,https://www.fotmob.com/teams/1316257/overview/algeria
1317486,Nicaragua,nicaragua,https://www.fotmob.com/teams/1317486/overview/nicaragua
1319664,La Luz,la-luz,https://www.fotmob.com/teams/1319664/overview/la-luz
1320146,Shahrdari Nowshahr,shahrdari-nowshahr,https://www.fotmob.com/teams/1320146/overview/shahrdari-nowshahr
1320332,Guarany De Bage,guarany-de-bage,https://www.fotmob.com/teams/1320332/overview/guarany-de-bage
1320333,Barra Fc,barra-fc,https://www.fotmob.com/teams/1320333/overview/barra-fc
1320362,Sport Sinop,sport-sinop,https://www.fotmob.com/teams/1320362/overview/sport-sinop
1320490,Rajasthan United Fc,rajasthan-united-fc,https://www.fotmob.com/teams/1320490/overview/rajasthan-united-fc
1320491,Sreenidi Deccan Fc,sreenidi-deccan-fc,https://www.fotmob.com/teams/1320491/overview/sreenidi-deccan-fc
1320837,Sao Joseense,sao-joseense,https://www.fotmob.com/teams/1320837/overview/sao-joseense
1320846,Goiatuba Sc,goiatuba-sc,https://www.fotmob.com/teams/1320846/overview/goiatuba-sc
1320850,Oeirense,oeirense,https://www.fotmob.com/teams/1320850/overview/oeirense
1320862,Falcon,falcon,https://www.fotmob.com/teams/1320862/overview/falcon
1321800,Cruzeiro Arapiraca,cruzeiro-arapiraca,https://www.fotmob.com/teams/1321800/overview/cruzeiro-arapiraca
1322007,Newcastle United,newcastle-united,https://www.fotmob.com/teams/1322007/overview/newcastle-united
1322670,Barcelona De Ilheus,barcelona-de-ilheus,https://www.fotmob.com/teams/1322670/overview/barcelona-de-ilheus
1323757,Tuntum Sc,tuntum-sc,https://www.fotmob.com/teams/1323757/overview/tuntum-sc
1323940,Charlotte Fc,charlotte-fc,https://www.fotmob.com/teams/1323940/overview/charlotte-fc
1324050,Sligo Rovers,sligo-rovers,https://www.fotmob.com/teams/1324050/overview/sligo-rovers
1324452,Northern Colorado Hailstorm Fc,northern-colorado-hailstorm-fc,https://www.fotmob.com/teams/1324452/overview/northern-colorado-hailstorm-fc
1324692,Amazonia Ifc,amazonia-ifc,https://www.fotmob.com/teams/1324692/overview/amazonia-ifc
1328532,Spaeri,spaeri,https://www.fotmob.com/teams/1328532/overview/spaeri
1328537,Marica Fc,marica-fc,https://www.fotmob.com/teams/1328537/overview/marica-fc
1331261,Afc Malmoe,afc-malmoe,https://www.fotmob.com/teams/1331261/overview/afc-malmoe
1334314,Northern Virginia Fc,northern-virginia-fc,https://www.fotmob.com/teams/1334314/overview/northern-virginia-fc
1335275,Dangjin Citizen,dangjin-citizen,https://www.fotmob.com/teams/1335275/overview/dangjin-citizen
1335914,Angel City Fc,angel-city-fc,https://www.fotmob.com/teams/1335914/overview/angel-city-fc
1335917,San Diego Wave Fc,san-diego-wave-fc,https://www.fotmob.com/teams/1335917/overview/san-diego-wave-fc
1338080,Tahiti,tahiti,https://www.fotmob.com/teams/1338080/overview/tahiti
1340078,Kups Akatemia,kups-akatemia,https://www.fotmob.com/teams/1340078/overview/kups-akatemia
1340091,Kfa,kfa,https://www.fotmob.com/teams/1340091/overview/kfa
1340094,Amazonas Fc,amazonas-fc,https://www.fotmob.com/teams/1340094/overview/amazonas-fc
1344071,Argentino Monte Maiz,argentino-monte-maiz,https://www.fotmob.com/teams/1344071/overview/argentino-monte-maiz
1345405,Libertad,libertad,https://www.fotmob.com/teams/1345405/overview/libertad
1346404,St Louis City 2,st-louis-city-2,https://www.fotmob.com/teams/1346404/overview/st-louis-city-2
1348103,Colorado Rapids 2,colorado-rapids-2,https://www.fotmob.com/teams/1348103/overview/colorado-rapids-2
1348104,Houston Dynamo 2,houston-dynamo-2,https://www.fotmob.com/teams/1348104/overview/houston-dynamo-2
1348105,Minnesota United 2,minnesota-united-2,https://www.fotmob.com/teams/1348105/overview/minnesota-united-2
1348108,New York City Fc Ii,new-york-city-fc-ii,https://www.fotmob.com/teams/1348108/overview/new-york-city-fc-ii
1348109,Fc Cincinnati 2,fc-cincinnati-2,https://www.fotmob.com/teams/1348109/overview/fc-cincinnati-2
1348111,Inter Miami Cf Ii,inter-miami-cf-ii,https://www.fotmob.com/teams/1348111/overview/inter-miami-cf-ii
1348115,San Jose Earthquakes Ii,san-jose-earthquakes-ii,https://www.fotmob.com/teams/1348115/overview/san-jose-earthquakes-ii
1348118,Chicago Fire Fc Ii,chicago-fire-fc-ii,https://www.fotmob.com/teams/1348118/overview/chicago-fire-fc-ii
1348126,Columbus Crew 2,columbus-crew-2,https://www.fotmob.com/teams/1348126/overview/columbus-crew-2
1349498,Anzoategui Fc,anzoategui-fc,https://www.fotmob.com/teams/1349498/overview/anzoategui-fc
1352617,Askollen,askollen,https://www.fotmob.com/teams/1352617/overview/askollen
1352625,Gamle Oslo,gamle-oslo,https://www.fotmob.com/teams/1352625/overview/gamle-oslo
1353680,Egypt,egypt,https://www.fotmob.com/teams/1353680/overview/egypt
1353866,Odds Ballklubb,odds-ballklubb,https://www.fotmob.com/teams/1353866/overview/odds-ballklubb
1354251,Sc Heerenveen,sc-heerenveen,https://www.fotmob.com/teams/1354251/overview/sc-heerenveen
1354257,Az Alkmaar,az-alkmaar,https://www.fotmob.com/teams/1354257/overview/az-alkmaar
1354261,Pec Zwolle,pec-zwolle,https://www.fotmob.com/teams/1354261/overview/pec-zwolle
1354263,Feyenoord,feyenoord,https://www.fotmob.com/teams/1354263/overview/feyenoord
1355511,Fiji,fiji,https://www.fotmob.com/teams/1355511/overview/fiji
1355514,Singapore,singapore,https://www.fotmob.com/teams/1355514/overview/singapore
1357946,Real Central New Jersey,real-central-new-jersey,https://www.fotmob.com/teams/1357946/overview/real-central-new-jersey
1357948,Boston Bolts,boston-bolts,https://www.fotmob.com/teams/1357948/overview/boston-bolts
1357951,Vermont Green Fc,vermont-green-fc,https://www.fotmob.com/teams/1357951/overview/vermont-green-fc
1357954,Chicago Dutch Lions,chicago-dutch-lions,https://www.fotmob.com/teams/1357954/overview/chicago-dutch-lions
1357958,Kalamazoo,kalamazoo,https://www.fotmob.com/teams/1357958/overview/kalamazoo
1357959,Lansing City Football,lansing-city-football,https://www.fotmob.com/teams/1357959/overview/lansing-city-football
1357961,Midwest United,midwest-united,https://www.fotmob.com/teams/1357961/overview/midwest-united
1357962,Oakland County,oakland-county,https://www.fotmob.com/teams/1357962/overview/oakland-county
1357964,Cisa,cisa,https://www.fotmob.com/teams/1357964/overview/cisa
1358068,Peoria City,peoria-city,https://www.fotmob.com/teams/1358068/overview/peoria-city
1358069,St Croix Sc,st-croix-sc,https://www.fotmob.com/teams/1358069/overview/st-croix-sc
1358071,Cleveland Force Sc,cleveland-force-sc,https://www.fotmob.com/teams/1358071/overview/cleveland-force-sc
1358072,Fort Wayne,fort-wayne,https://www.fotmob.com/teams/1358072/overview/fort-wayne
1358075,Toledo Villa,toledo-villa,https://www.fotmob.com/teams/1358075/overview/toledo-villa
1358076,Cedar Stars Rush,cedar-stars-rush,https://www.fotmob.com/teams/1358076/overview/cedar-stars-rush
1358077,Hudson Valley Hammers,hudson-valley-hammers,https://www.fotmob.com/teams/1358077/overview/hudson-valley-hammers
1358078,Manhattan Sc,manhattan-sc,https://www.fotmob.com/teams/1358078/overview/manhattan-sc
1358079,Morris Elite Sc,morris-elite-sc,https://www.fotmob.com/teams/1358079/overview/morris-elite-sc
1358081,Lionsbridge,lionsbridge,https://www.fotmob.com/teams/1358081/overview/lionsbridge
1358083,Patuxent Football Athletics,patuxent-football-athletics,https://www.fotmob.com/teams/1358083/overview/patuxent-football-athletics
1358084,Virginia Beach United,virginia-beach-united,https://www.fotmob.com/teams/1358084/overview/virginia-beach-united
1358085,Asheville City Sc,asheville-city-sc,https://www.fotmob.com/teams/1358085/overview/asheville-city-sc
1358087,East Atlanta,east-atlanta,https://www.fotmob.com/teams/1358087/overview/east-atlanta
1358088,One Knoxville Sc,one-knoxville-sc,https://www.fotmob.com/teams/1358088/overview/one-knoxville-sc
1358094,Miami Ac,miami-ac,https://www.fotmob.com/teams/1358094/overview/miami-ac
1358095,Nona Fc,nona-fc,https://www.fotmob.com/teams/1358095/overview/nona-fc
1358097,Charlotte Independence 2,charlotte-independence-2,https://www.fotmob.com/teams/1358097/overview/charlotte-independence-2
1358098,Wake,wake,https://www.fotmob.com/teams/1358098/overview/wake
1358102,Ac Houston Sur,ac-houston-sur,https://www.fotmob.com/teams/1358102/overview/ac-houston-sur
1358105,Ahfc Royals,ahfc-royals,https://www.fotmob.com/teams/1358105/overview/ahfc-royals
1358107,Ballard Fc,ballard-fc,https://www.fotmob.com/teams/1358107/overview/ballard-fc
1358108,Fc Olympia,fc-olympia,https://www.fotmob.com/teams/1358108/overview/fc-olympia
1358112,Davis Legacy Sc,davis-legacy-sc,https://www.fotmob.com/teams/1358112/overview/davis-legacy-sc
1358113,Marin Fc Legends,marin-fc-legends,https://www.fotmob.com/teams/1358113/overview/marin-fc-legends
1358114,Project 51O,project-51o,https://www.fotmob.com/teams/1358114/overview/project-51o
1358115,San Francisco Glens,san-francisco-glens,https://www.fotmob.com/teams/1358115/overview/san-francisco-glens
1358122,Albany Rush,albany-rush,https://www.fotmob.com/teams/1358122/overview/albany-rush
1358988,Tonga,tonga,https://www.fotmob.com/teams/1358988/overview/tonga
1359112,Panama U23,panama-u23,https://www.fotmob.com/teams/1359112/overview/panama-u23
1360019,Venezuela U23,venezuela-u23,https://www.fotmob.com/teams/1360019/overview/venezuela-u23
1360020,Colombia U19,colombia-u19,https://www.fotmob.com/teams/1360020/overview/colombia-u19
1360021,Comoros U20,comoros-u20,https://www.fotmob.com/teams/1360021/overview/comoros-u20
1360600,Hviti Riddarinn,hviti-riddarinn,https://www.fotmob.com/teams/1360600/overview/hviti-riddarinn
1362091,Botswana,botswana,https://www.fotmob.com/teams/1362091/overview/botswana
1369155,Sv Fortuna Regensburg,sv-fortuna-regensburg,https://www.fotmob.com/teams/1369155/overview/sv-fortuna-regensburg
1370528,Leones Del Norte,leones-del-norte,https://www.fotmob.com/teams/1370528/overview/leones-del-norte
1374520,Guinea Bissau,guinea-bissau,https://www.fotmob.com/teams/1374520/overview/guinea-bissau
1374638,Atletico La Paz,atletico-la-paz,https://www.fotmob.com/teams/1374638/overview/atletico-la-paz
1375373,Cape Verde,cape-verde,https://www.fotmob.com/teams/1375373/overview/cape-verde
1376023,Tus Makkabi Berlin,tus-makkabi-berlin,https://www.fotmob.com/teams/1376023/overview/tus-makkabi-berlin
1377702,Bangladesh,bangladesh,https://www.fotmob.com/teams/1377702/overview/bangladesh
1378461,Anderlecht Futures,anderlecht-futures,https://www.fotmob.com/teams/1378461/overview/anderlecht-futures
1378463,Genk U23,genk-u23,https://www.fotmob.com/teams/1378463/overview/genk-u23
1379188,Gent U23,gent-u23,https://www.fotmob.com/teams/1379188/overview/gent-u23
1379494,Togo,togo,https://www.fotmob.com/teams/1379494/overview/togo
1381258,Schoningen,schoningen,https://www.fotmob.com/teams/1381258/overview/schoningen
1381498,Nakhon Si United,nakhon-si-united,https://www.fotmob.com/teams/1381498/overview/nakhon-si-united
1381508,Saby Fodbold,saby-fodbold,https://www.fotmob.com/teams/1381508/overview/saby-fodbold
1381552,Gorslev If,gorslev-if,https://www.fotmob.com/teams/1381552/overview/gorslev-if
1381964,Povazska Bystrica,povazska-bystrica,https://www.fotmob.com/teams/1381964/overview/povazska-bystrica
1381995,Solomon Islands,solomon-islands,https://www.fotmob.com/teams/1381995/overview/solomon-islands
1381996,Vanuatu,vanuatu,https://www.fotmob.com/teams/1381996/overview/vanuatu
1382414,Fc Holzhausen,fc-holzhausen,https://www.fotmob.com/teams/1382414/overview/fc-holzhausen
1382598,Mauritius,mauritius,https://www.fotmob.com/teams/1382598/overview/mauritius
1382599,Seychelles,seychelles,https://www.fotmob.com/teams/1382599/overview/seychelles
1382661,Harborough Town Fc,harborough-town-fc,https://www.fotmob.com/teams/1382661/overview/harborough-town-fc
1383690,Sc Freital,sc-freital,https://www.fotmob.com/teams/1383690/overview/sc-freital
1383697,Unter Flockenbach,unter-flockenbach,https://www.fotmob.com/teams/1383697/overview/unter-flockenbach
1383698,Harksheide,harksheide,https://www.fotmob.com/teams/1383698/overview/harksheide
1384118,Olancho Fc,olancho-fc,https://www.fotmob.com/teams/1384118/overview/olancho-fc
1385035,Ahrweiler Bc,ahrweiler-bc,https://www.fotmob.com/teams/1385035/overview/ahrweiler-bc
1385347,Rodina 3,rodina-3,https://www.fotmob.com/teams/1385347/overview/rodina-3
1385348,Rodina 2,rodina-2,https://www.fotmob.com/teams/1385348/overview/rodina-2
1385385,Spartak Tambov,spartak-tambov,https://www.fotmob.com/teams/1385385/overview/spartak-tambov
1385386,Fc Kosmos Dolgoprudny,fc-kosmos-dolgoprudny,https://www.fotmob.com/teams/1385386/overview/fc-kosmos-dolgoprudny
1387005,Csc Dumbravita,csc-dumbravita,https://www.fotmob.com/teams/1387005/overview/csc-dumbravita
1387865,Mc El Bayadh,mc-el-bayadh,https://www.fotmob.com/teams/1387865/overview/mc-el-bayadh
1387869,Usm Khenchela,usm-khenchela,https://www.fotmob.com/teams/1387869/overview/usm-khenchela
1388663,Gandzasar,gandzasar,https://www.fotmob.com/teams/1388663/overview/gandzasar
1389162,Nottingham Forest U21,nottingham-forest-u21,https://www.fotmob.com/teams/1389162/overview/nottingham-forest-u21
1389831,Arsimi,arsimi,https://www.fotmob.com/teams/1389831/overview/arsimi
1394294,Ce Manresa,ce-manresa,https://www.fotmob.com/teams/1394294/overview/ce-manresa
1394299,Cd Atletico Paso,cd-atletico-paso,https://www.fotmob.com/teams/1394299/overview/cd-atletico-paso
1395678,Epitsentr Kamianets Podilskyi,epitsentr-kamianets-podilskyi,https://www.fotmob.com/teams/1395678/overview/epitsentr-kamianets-podilskyi
1396358,Levante Badalona,levante-badalona,https://www.fotmob.com/teams/1396358/overview/levante-badalona
1396530,Fountain Gate Fc,fountain-gate-fc,https://www.fotmob.com/teams/1396530/overview/fountain-gate-fc
1396532,Chadormalu Ardakan Sc,chadormalu-ardakan-sc,https://www.fotmob.com/teams/1396532/overview/chadormalu-ardakan-sc
1396539,Alingsas If,alingsas-if,https://www.fotmob.com/teams/1396539/overview/alingsas-if
1398289,Syria,syria,https://www.fotmob.com/teams/1398289/overview/syria
1399409,Indian Air Force,indian-air-force,https://www.fotmob.com/teams/1399409/overview/indian-air-force
1399410,Indian Navy,indian-navy,https://www.fotmob.com/teams/1399410/overview/indian-navy
1399411,Army Red,army-red,https://www.fotmob.com/teams/1399411/overview/army-red
1401701,Gibraltar U19,gibraltar-u19,https://www.fotmob.com/teams/1401701/overview/gibraltar-u19
1402735,American Samoa U19,american-samoa-u19,https://www.fotmob.com/teams/1402735/overview/american-samoa-u19
1402736,Cook Islands U19,cook-islands-u19,https://www.fotmob.com/teams/1402736/overview/cook-islands-u19
1402737,Samoa U19,samoa-u19,https://www.fotmob.com/teams/1402737/overview/samoa-u19
1405563,Auckland United Fc,auckland-united-fc,https://www.fotmob.com/teams/1405563/overview/auckland-united-fc
1407382,Youtube Allstars,youtube-allstars,https://www.fotmob.com/teams/1407382/overview/youtube-allstars
1407383,Sidemen Fc,sidemen-fc,https://www.fotmob.com/teams/1407383/overview/sidemen-fc
1415864,Viggbyholms Ik Ff,viggbyholms-ik-ff,https://www.fotmob.com/teams/1415864/overview/viggbyholms-ik-ff
1421409,Serra Branca,serra-branca,https://www.fotmob.com/teams/1421409/overview/serra-branca
1421466,Galo Maringa,galo-maringa,https://www.fotmob.com/teams/1421466/overview/galo-maringa
1422139,Inhumas,inhumas,https://www.fotmob.com/teams/1422139/overview/inhumas
1426346,Maguary,maguary,https://www.fotmob.com/teams/1426346/overview/maguary
1426348,Kerry Fc,kerry-fc,https://www.fotmob.com/teams/1426348/overview/kerry-fc
1426384,Shamrock Rovers,shamrock-rovers,https://www.fotmob.com/teams/1426384/overview/shamrock-rovers
1427854,Recoleta,recoleta,https://www.fotmob.com/teams/1427854/overview/recoleta
1427963,St Louis City,st-louis-city,https://www.fotmob.com/teams/1427963/overview/st-louis-city
1428007,Trelleborgs Ff,trelleborgs-ff,https://www.fotmob.com/teams/1428007/overview/trelleborgs-ff
1428158,South Sudan U20,south-sudan-u20,https://www.fotmob.com/teams/1428158/overview/south-sudan-u20
1430405,Lexington Sc,lexington-sc,https://www.fotmob.com/teams/1430405/overview/lexington-sc
1431172,Pakistan,pakistan,https://www.fotmob.com/teams/1431172/overview/pakistan
1431173,Comoros,comoros,https://www.fotmob.com/teams/1431173/overview/comoros
1431174,Saudi Arabia,saudi-arabia,https://www.fotmob.com/teams/1431174/overview/saudi-arabia
1431260,Ario Islamshahr,ario-islamshahr,https://www.fotmob.com/teams/1431260/overview/ario-islamshahr
1432145,Bk Hacken B,bk-hacken-b,https://www.fotmob.com/teams/1432145/overview/bk-hacken-b
1436202,Vancouver Fc,vancouver-fc,https://www.fotmob.com/teams/1436202/overview/vancouver-fc
1437471,Appalachian,appalachian,https://www.fotmob.com/teams/1437471/overview/appalachian
1437474,Capo Fc,capo-fc,https://www.fotmob.com/teams/1437474/overview/capo-fc
1439771,Ik Start,ik-start,https://www.fotmob.com/teams/1439771/overview/ik-start
1440186,Nepal,nepal,https://www.fotmob.com/teams/1440186/overview/nepal
1441879,Benin,benin,https://www.fotmob.com/teams/1441879/overview/benin
1442515,Germinal,germinal,https://www.fotmob.com/teams/1442515/overview/germinal
1442518,San Martin Mendoza,san-martin-mendoza,https://www.fotmob.com/teams/1442518/overview/san-martin-mendoza
1442519,Sportivo Atenas,sportivo-atenas,https://www.fotmob.com/teams/1442519/overview/sportivo-atenas
1442522,El Linqueno,el-linqueno,https://www.fotmob.com/teams/1442522/overview/el-linqueno
1445755,Huntsville City Fc,huntsville-city-fc,https://www.fotmob.com/teams/1445755/overview/huntsville-city-fc
1446190,Indonesia U20,indonesia-u20,https://www.fotmob.com/teams/1446190/overview/indonesia-u20
1446193,Oman U20,oman-u20,https://www.fotmob.com/teams/1446193/overview/oman-u20
1446196,Tajikistan U20,tajikistan-u20,https://www.fotmob.com/teams/1446196/overview/tajikistan-u20
1446199,Kyrgyzstan U20,kyrgyzstan-u20,https://www.fotmob.com/teams/1446199/overview/kyrgyzstan-u20
1447232,Fk Transinvest,fk-transinvest,https://www.fotmob.com/teams/1447232/overview/fk-transinvest
1448550,Ironbound,ironbound,https://www.fotmob.com/teams/1448550/overview/ironbound
1448553,Virginia Marauders,virginia-marauders,https://www.fotmob.com/teams/1448553/overview/virginia-marauders
1448555,Brevard,brevard,https://www.fotmob.com/teams/1448555/overview/brevard
1448561,Sarasota Paradise,sarasota-paradise,https://www.fotmob.com/teams/1448561/overview/sarasota-paradise
1448572,Rochester,rochester,https://www.fotmob.com/teams/1448572/overview/rochester
1448581,Buffalo,buffalo,https://www.fotmob.com/teams/1448581/overview/buffalo
1448591,Redlands Fc,redlands-fc,https://www.fotmob.com/teams/1448591/overview/redlands-fc
1451868,Crown Legacy Fc,crown-legacy-fc,https://www.fotmob.com/teams/1451868/overview/crown-legacy-fc
1451870,Austin Fc Ii,austin-fc-ii,https://www.fotmob.com/teams/1451870/overview/austin-fc-ii
1451871,Los Angeles Fc Ii,los-angeles-fc-ii,https://www.fotmob.com/teams/1451871/overview/los-angeles-fc-ii
1454685,Colombia U21,colombia-u21,https://www.fotmob.com/teams/1454685/overview/colombia-u21
1457060,United Arab Republic,united-arab-republic,https://www.fotmob.com/teams/1457060/overview/united-arab-republic
1457585,Soviet Union U20,soviet-union-u20,https://www.fotmob.com/teams/1457585/overview/soviet-union-u20
1457596,Yugoslavia U20,yugoslavia-u20,https://www.fotmob.com/teams/1457596/overview/yugoslavia-u20
1457599,West Germany U20,west-germany-u20,https://www.fotmob.com/teams/1457599/overview/west-germany-u20
1457600,Romania U20,romania-u20,https://www.fotmob.com/teams/1457600/overview/romania-u20
1457602,Czechoslovakia U20,czechoslovakia-u20,https://www.fotmob.com/teams/1457602/overview/czechoslovakia-u20
1457607,Bulgaria U20,bulgaria-u20,https://www.fotmob.com/teams/1457607/overview/bulgaria-u20
1457610,East Germany U20,east-germany-u20,https://www.fotmob.com/teams/1457610/overview/east-germany-u20
1457612,Togo U20,togo-u20,https://www.fotmob.com/teams/1457612/overview/togo-u20
1457865,Barbados,barbados,https://www.fotmob.com/teams/1457865/overview/barbados
1457866,Saint Lucia,saint-lucia,https://www.fotmob.com/teams/1457866/overview/saint-lucia
1457975,Sweden U20,sweden-u20,https://www.fotmob.com/teams/1457975/overview/sweden-u20
1458123,Malaysia U20,malaysia-u20,https://www.fotmob.com/teams/1458123/overview/malaysia-u20
1458124,Kazakhstan U20,kazakhstan-u20,https://www.fotmob.com/teams/1458124/overview/kazakhstan-u20
1458126,Ethiopia U20,ethiopia-u20,https://www.fotmob.com/teams/1458126/overview/ethiopia-u20
1459480,Burkina Faso,burkina-faso,https://www.fotmob.com/teams/1459480/overview/burkina-faso
1459483,Burundi,burundi,https://www.fotmob.com/teams/1459483/overview/burundi
1459503,Ethiopia,ethiopia,https://www.fotmob.com/teams/1459503/overview/ethiopia
1459506,Dr Congo,dr-congo,https://www.fotmob.com/teams/1459506/overview/dr-congo
1459525,Tanzania,tanzania,https://www.fotmob.com/teams/1459525/overview/tanzania
1459533,Congo,congo,https://www.fotmob.com/teams/1459533/overview/congo
1459544,Uganda,uganda,https://www.fotmob.com/teams/1459544/overview/uganda
1459545,Reunion,reunion,https://www.fotmob.com/teams/1459545/overview/reunion
1459548,Mozambique,mozambique,https://www.fotmob.com/teams/1459548/overview/mozambique
1459549,Martinique,martinique,https://www.fotmob.com/teams/1459549/overview/martinique
1459550,Sierra Leone,sierra-leone,https://www.fotmob.com/teams/1459550/overview/sierra-leone
1459551,Guinea,guinea,https://www.fotmob.com/teams/1459551/overview/guinea
1459634,Venezuela U21,venezuela-u21,https://www.fotmob.com/teams/1459634/overview/venezuela-u21
1459637,Panama U21,panama-u21,https://www.fotmob.com/teams/1459637/overview/panama-u21
1459647,Guam,guam,https://www.fotmob.com/teams/1459647/overview/guam
1459803,Samoa,samoa,https://www.fotmob.com/teams/1459803/overview/samoa
1459804,Cook Islands,cook-islands,https://www.fotmob.com/teams/1459804/overview/cook-islands
1459805,New Caledonia,new-caledonia,https://www.fotmob.com/teams/1459805/overview/new-caledonia
1459807,American Samoa,american-samoa,https://www.fotmob.com/teams/1459807/overview/american-samoa
1459808,Australia B,australia-b,https://www.fotmob.com/teams/1459808/overview/australia-b
1459809,New Zealand B,new-zealand-b,https://www.fotmob.com/teams/1459809/overview/new-zealand-b
1459865,Colombia U17,colombia-u17,https://www.fotmob.com/teams/1459865/overview/colombia-u17
1459866,Nigeria U17,nigeria-u17,https://www.fotmob.com/teams/1459866/overview/nigeria-u17
1459867,Japan U17,japan-u17,https://www.fotmob.com/teams/1459867/overview/japan-u17
1459868,Usa U17,usa-u17,https://www.fotmob.com/teams/1459868/overview/usa-u17
1459869,Brazil U17,brazil-u17,https://www.fotmob.com/teams/1459869/overview/brazil-u17
1459870,Tanzania U17,tanzania-u17,https://www.fotmob.com/teams/1459870/overview/tanzania-u17
1459871,Mexico U17,mexico-u17,https://www.fotmob.com/teams/1459871/overview/mexico-u17
1459872,Morocco U17,morocco-u17,https://www.fotmob.com/teams/1459872/overview/morocco-u17
1459873,China U17,china-u17,https://www.fotmob.com/teams/1459873/overview/china-u17
1459874,Chile U17,chile-u17,https://www.fotmob.com/teams/1459874/overview/chile-u17
1459875,Canada U17,canada-u17,https://www.fotmob.com/teams/1459875/overview/canada-u17
1459876,New Zealand U17,new-zealand-u17,https://www.fotmob.com/teams/1459876/overview/new-zealand-u17
1459877,India U17,india-u17,https://www.fotmob.com/teams/1459877/overview/india-u17
1459878,Spain U20,spain-u20,https://www.fotmob.com/teams/1459878/overview/spain-u20
1459879,Japan U20,japan-u20,https://www.fotmob.com/teams/1459879/overview/japan-u20
1459880,Brazil U20,brazil-u20,https://www.fotmob.com/teams/1459880/overview/brazil-u20
1459881,Netherlands U20,netherlands-u20,https://www.fotmob.com/teams/1459881/overview/netherlands-u20
1459882,Nigeria U20,nigeria-u20,https://www.fotmob.com/teams/1459882/overview/nigeria-u20
1459883,France U20,france-u20,https://www.fotmob.com/teams/1459883/overview/france-u20
1459884,Colombia U20,colombia-u20,https://www.fotmob.com/teams/1459884/overview/colombia-u20
1459885,Mexico U20,mexico-u20,https://www.fotmob.com/teams/1459885/overview/mexico-u20
1459886,Germany U20,germany-u20,https://www.fotmob.com/teams/1459886/overview/germany-u20
1459887,South Korea U20,south-korea-u20,https://www.fotmob.com/teams/1459887/overview/south-korea-u20
1459888,Usa U20,usa-u20,https://www.fotmob.com/teams/1459888/overview/usa-u20
1459889,New Zealand U20,new-zealand-u20,https://www.fotmob.com/teams/1459889/overview/new-zealand-u20
1459890,Canada U20,canada-u20,https://www.fotmob.com/teams/1459890/overview/canada-u20
1459891,Ghana U20,ghana-u20,https://www.fotmob.com/teams/1459891/overview/ghana-u20
1459893,Costa Rica U20,costa-rica-u20,https://www.fotmob.com/teams/1459893/overview/costa-rica-u20
1461271,Korea U20,korea-u20,https://www.fotmob.com/teams/1461271/overview/korea-u20
1461272,Khmer Republic,khmer-republic,https://www.fotmob.com/teams/1461272/overview/khmer-republic
1461308,India N,india-n,https://www.fotmob.com/teams/1461308/overview/india-n
1461309,India S,india-s,https://www.fotmob.com/teams/1461309/overview/india-s
1461310,Western Australia,western-australia,https://www.fotmob.com/teams/1461310/overview/western-australia
1463354,Galway United,galway-united,https://www.fotmob.com/teams/1463354/overview/galway-united
1463791,Philippines U22,philippines-u22,https://www.fotmob.com/teams/1463791/overview/philippines-u22
1463792,Timor Leste U22,timor-leste-u22,https://www.fotmob.com/teams/1463792/overview/timor-leste-u22
1463793,Indonesia U22,indonesia-u22,https://www.fotmob.com/teams/1463793/overview/indonesia-u22
1463796,Malaysia U22,malaysia-u22,https://www.fotmob.com/teams/1463796/overview/malaysia-u22
1463799,Laos U22,laos-u22,https://www.fotmob.com/teams/1463799/overview/laos-u22
1463800,Singapore U22,singapore-u22,https://www.fotmob.com/teams/1463800/overview/singapore-u22
1466505,Israel U20,israel-u20,https://www.fotmob.com/teams/1466505/overview/israel-u20
1477043,Dalian Yingbo,dalian-yingbo,https://www.fotmob.com/teams/1477043/overview/dalian-yingbo
1477050,Chongqing Tongliang Long,chongqing-tongliang-long,https://www.fotmob.com/teams/1477050/overview/chongqing-tongliang-long
1477056,Yunnan Yukun,yunnan-yukun,https://www.fotmob.com/teams/1477056/overview/yunnan-yukun
1482697,Bvsc Zuglo,bvsc-zuglo,https://www.fotmob.com/teams/1482697/overview/bvsc-zuglo
1483468,Guam U23,guam-u23,https://www.fotmob.com/teams/1483468/overview/guam-u23
1489614,Mediterranean Team U23,mediterranean-team-u23,https://www.fotmob.com/teams/1489614/overview/mediterranean-team-u23
1496464,Tsv Essingen,tsv-essingen,https://www.fotmob.com/teams/1496464/overview/tsv-essingen
1496469,Etsv Hamburg,etsv-hamburg,https://www.fotmob.com/teams/1496469/overview/etsv-hamburg
1496534,Kuwait U21,kuwait-u21,https://www.fotmob.com/teams/1496534/overview/kuwait-u21
1497759,Bolivia U23,bolivia-u23,https://www.fotmob.com/teams/1497759/overview/bolivia-u23
1497760,Togo U23,togo-u23,https://www.fotmob.com/teams/1497760/overview/togo-u23
1499086,Mashujaa,mashujaa,https://www.fotmob.com/teams/1499086/overview/mashujaa
1501585,Lks Lodz Ii,lks-lodz-ii,https://www.fotmob.com/teams/1501585/overview/lks-lodz-ii
1501672,Meppen Ii,meppen-ii,https://www.fotmob.com/teams/1501672/overview/meppen-ii
1501675,Mtsv Hohenwestedt,mtsv-hohenwestedt,https://www.fotmob.com/teams/1501675/overview/mtsv-hohenwestedt
1501678,Nordmark Satrup,nordmark-satrup,https://www.fotmob.com/teams/1501678/overview/nordmark-satrup
1501683,Sparta Lichtenberg,sparta-lichtenberg,https://www.fotmob.com/teams/1501683/overview/sparta-lichtenberg
1501689,Hanauer Sc 1960,hanauer-sc-1960,https://www.fotmob.com/teams/1501689/overview/hanauer-sc-1960
1501693,Cosmos Koblenz,cosmos-koblenz,https://www.fotmob.com/teams/1501693/overview/cosmos-koblenz
1501696,Fc Buederich,fc-buederich,https://www.fotmob.com/teams/1501696/overview/fc-buederich
1503004,Fc Chernomorets Burgas,fc-chernomorets-burgas,https://www.fotmob.com/teams/1503004/overview/fc-chernomorets-burgas
1503792,Bangladesh Police,bangladesh-police,https://www.fotmob.com/teams/1503792/overview/bangladesh-police
1503794,Mohammedan,mohammedan,https://www.fotmob.com/teams/1503794/overview/mohammedan
1503795,Fortis,fortis,https://www.fotmob.com/teams/1503795/overview/fortis
1503799,Rahmatgonj Mfs,rahmatgonj-mfs,https://www.fotmob.com/teams/1503799/overview/rahmatgonj-mfs
1504766,Cdt Real Oruro,cdt-real-oruro,https://www.fotmob.com/teams/1504766/overview/cdt-real-oruro
1504770,Gv San Jose,gv-san-jose,https://www.fotmob.com/teams/1504770/overview/gv-san-jose
1507991,Liviy Bereh,liviy-bereh,https://www.fotmob.com/teams/1507991/overview/liviy-bereh
1508020,Akron Togliatti 2,akron-togliatti-2,https://www.fotmob.com/teams/1508020/overview/akron-togliatti-2
1508045,Irkutsk,irkutsk,https://www.fotmob.com/teams/1508045/overview/irkutsk
1508075,Dynamo Makhachkala 2,dynamo-makhachkala-2,https://www.fotmob.com/teams/1508075/overview/dynamo-makhachkala-2
1508083,Pobeda Khasavyurt,pobeda-khasavyurt,https://www.fotmob.com/teams/1508083/overview/pobeda-khasavyurt
1508200,Torreense,torreense,https://www.fotmob.com/teams/1508200/overview/torreense
1508202,Maritimo,maritimo,https://www.fotmob.com/teams/1508202/overview/maritimo
1508209,Damaiense,damaiense,https://www.fotmob.com/teams/1508209/overview/damaiense
1508211,Racing Power,racing-power,https://www.fotmob.com/teams/1508211/overview/racing-power
1508925,Malvern Town,malvern-town,https://www.fotmob.com/teams/1508925/overview/malvern-town
1509841,Niger U23,niger-u23,https://www.fotmob.com/teams/1509841/overview/niger-u23
1509843,Congo U23,congo-u23,https://www.fotmob.com/teams/1509843/overview/congo-u23
1510599,Braga U23,braga-u23,https://www.fotmob.com/teams/1510599/overview/braga-u23
1510601,Academico Viseu U23,academico-viseu-u23,https://www.fotmob.com/teams/1510601/overview/academico-viseu-u23
1510604,Famalicao U23,famalicao-u23,https://www.fotmob.com/teams/1510604/overview/famalicao-u23
1510606,Rio Ave U23,rio-ave-u23,https://www.fotmob.com/teams/1510606/overview/rio-ave-u23
1510608,Torreense U23,torreense-u23,https://www.fotmob.com/teams/1510608/overview/torreense-u23
1510610,Vizela U23,vizela-u23,https://www.fotmob.com/teams/1510610/overview/vizela-u23
1510611,Leixoes U23,leixoes-u23,https://www.fotmob.com/teams/1510611/overview/leixoes-u23
1510617,Gil Vicente U23,gil-vicente-u23,https://www.fotmob.com/teams/1510617/overview/gil-vicente-u23
1510623,Estrela Da Amadora U23,estrela-da-amadora-u23,https://www.fotmob.com/teams/1510623/overview/estrela-da-amadora-u23
1510626,Benfica U23,benfica-u23,https://www.fotmob.com/teams/1510626/overview/benfica-u23
1510629,Portimonense U23,portimonense-u23,https://www.fotmob.com/teams/1510629/overview/portimonense-u23
1510634,Farense U23,farense-u23,https://www.fotmob.com/teams/1510634/overview/farense-u23
1510636,Estoril U23,estoril-u23,https://www.fotmob.com/teams/1510636/overview/estoril-u23
1510638,Santa Clara U23,santa-clara-u23,https://www.fotmob.com/teams/1510638/overview/santa-clara-u23
1512967,Genesis Fc,genesis-fc,https://www.fotmob.com/teams/1512967/overview/genesis-fc
1513038,Nurnberg,nurnberg,https://www.fotmob.com/teams/1513038/overview/nurnberg
1513040,Rb Leipzig,rb-leipzig,https://www.fotmob.com/teams/1513040/overview/rb-leipzig
1513613,Palestine,palestine,https://www.fotmob.com/teams/1513613/overview/palestine
1513629,Bodoland Fc,bodoland-fc,https://www.fotmob.com/teams/1513629/overview/bodoland-fc
1513932,Chanthaburi Fc,chanthaburi-fc,https://www.fotmob.com/teams/1513932/overview/chanthaburi-fc
1513933,Kanchanaburi Power,kanchanaburi-power,https://www.fotmob.com/teams/1513933/overview/kanchanaburi-power
1513934,Pattaya Dolphins United,pattaya-dolphins-united,https://www.fotmob.com/teams/1513934/overview/pattaya-dolphins-united
1514006,Herrera Fc,herrera-fc,https://www.fotmob.com/teams/1514006/overview/herrera-fc
1514007,Umecit Fc,umecit-fc,https://www.fotmob.com/teams/1514007/overview/umecit-fc
1515102,Corvinul Hunedoara,corvinul-hunedoara,https://www.fotmob.com/teams/1515102/overview/corvinul-hunedoara
1515299,Fc Utrecht,fc-utrecht,https://www.fotmob.com/teams/1515299/overview/fc-utrecht
1521969,Luxembourg U19,luxembourg-u19,https://www.fotmob.com/teams/1521969/overview/luxembourg-u19
1523706,Al Kholood,al-kholood,https://www.fotmob.com/teams/1523706/overview/al-kholood
1523811,Bashkimi,bashkimi,https://www.fotmob.com/teams/1523811/overview/bashkimi
1524586,Tra United,tra-united,https://www.fotmob.com/teams/1524586/overview/tra-united
1524591,Atalanta U23,atalanta-u23,https://www.fotmob.com/teams/1524591/overview/atalanta-u23
1525664,Fuerte San Francisco,fuerte-san-francisco,https://www.fotmob.com/teams/1525664/overview/fuerte-san-francisco
1527262,West Germany,west-germany,https://www.fotmob.com/teams/1527262/overview/west-germany
1528916,Kara Gostar,kara-gostar,https://www.fotmob.com/teams/1528916/overview/kara-gostar
1530180,Ad Marco 09,ad-marco-09,https://www.fotmob.com/teams/1530180/overview/ad-marco-09
1531330,Central Coast Mariners,central-coast-mariners,https://www.fotmob.com/teams/1531330/overview/central-coast-mariners
1531341,Es Ben Aknoun,es-ben-aknoun,https://www.fotmob.com/teams/1531341/overview/es-ben-aknoun
1532123,Emley,emley,https://www.fotmob.com/teams/1532123/overview/emley
1535636,Bassano,bassano,https://www.fotmob.com/teams/1535636/overview/bassano
1542011,American Samoa U23,american-samoa-u23,https://www.fotmob.com/teams/1542011/overview/american-samoa-u23
1542016,Papua New Guinea U23,papua-new-guinea-u23,https://www.fotmob.com/teams/1542016/overview/papua-new-guinea-u23
1542018,Samoa U23,samoa-u23,https://www.fotmob.com/teams/1542018/overview/samoa-u23
1542019,Solomon Islands U23,solomon-islands-u23,https://www.fotmob.com/teams/1542019/overview/solomon-islands-u23
1542020,Tonga U23,tonga-u23,https://www.fotmob.com/teams/1542020/overview/tonga-u23
1543812,Vanuatu U23,vanuatu-u23,https://www.fotmob.com/teams/1543812/overview/vanuatu-u23
1552280,Indonesia U17,indonesia-u17,https://www.fotmob.com/teams/1552280/overview/indonesia-u17
1552323,Rwanda,rwanda,https://www.fotmob.com/teams/1552323/overview/rwanda
1552577,United Fc,united-fc,https://www.fotmob.com/teams/1552577/overview/united-fc
1553694,Bhutan,bhutan,https://www.fotmob.com/teams/1553694/overview/bhutan
1557687,Banik Lehota Pod Vtacnikom,banik-lehota-pod-vtacnikom,https://www.fotmob.com/teams/1557687/overview/banik-lehota-pod-vtacnikom
1562126,Inter Kashi,inter-kashi,https://www.fotmob.com/teams/1562126/overview/inter-kashi
1562127,Namdhari Fc,namdhari-fc,https://www.fotmob.com/teams/1562127/overview/namdhari-fc
1573140,Club Deportivo Moquegua,club-deportivo-moquegua,https://www.fotmob.com/teams/1573140/overview/club-deportivo-moquegua
1573153,Adc Juan Pablo Ii,adc-juan-pablo-ii,https://www.fotmob.com/teams/1573153/overview/adc-juan-pablo-ii
1574332,Timor Leste,timor-leste,https://www.fotmob.com/teams/1574332/overview/timor-leste
1574338,Maldives,maldives,https://www.fotmob.com/teams/1574338/overview/maldives
1574339,Afghanistan,afghanistan,https://www.fotmob.com/teams/1574339/overview/afghanistan
1574340,Mongolia,mongolia,https://www.fotmob.com/teams/1574340/overview/mongolia
1574341,Sri Lanka,sri-lanka,https://www.fotmob.com/teams/1574341/overview/sri-lanka
1574342,Tajikistan,tajikistan,https://www.fotmob.com/teams/1574342/overview/tajikistan
1574343,Turkmenistan,turkmenistan,https://www.fotmob.com/teams/1574343/overview/turkmenistan
1574344,Kyrgyzstan,kyrgyzstan,https://www.fotmob.com/teams/1574344/overview/kyrgyzstan
1584038,Spokane Velocity Fc,spokane-velocity-fc,https://www.fotmob.com/teams/1584038/overview/spokane-velocity-fc
1584987,Andraus,andraus,https://www.fotmob.com/teams/1584987/overview/andraus
1586124,Pombal,pombal,https://www.fotmob.com/teams/1586124/overview/pombal
1591065,Bahamas,bahamas,https://www.fotmob.com/teams/1591065/overview/bahamas
1591067,Iraq,iraq,https://www.fotmob.com/teams/1591067/overview/iraq
1591068,Kuwait,kuwait,https://www.fotmob.com/teams/1591068/overview/kuwait
1591070,Macao,macao,https://www.fotmob.com/teams/1591070/overview/macao
1592433,Sudan,sudan,https://www.fotmob.com/teams/1592433/overview/sudan
1592434,Mauritania,mauritania,https://www.fotmob.com/teams/1592434/overview/mauritania
1592435,Djibouti,djibouti,https://www.fotmob.com/teams/1592435/overview/djibouti
1592436,Chad,chad,https://www.fotmob.com/teams/1592436/overview/chad
1592437,Libya,libya,https://www.fotmob.com/teams/1592437/overview/libya
1592438,Madagascar,madagascar,https://www.fotmob.com/teams/1592438/overview/madagascar
1592439,Central African Rep,central-african-rep,https://www.fotmob.com/teams/1592439/overview/central-african-rep
1592440,Eritrea,eritrea,https://www.fotmob.com/teams/1592440/overview/eritrea
1593280,Itabirito,itabirito,https://www.fotmob.com/teams/1593280/overview/itabirito
1596286,Gil Vicente,gil-vicente,https://www.fotmob.com/teams/1596286/overview/gil-vicente
1597140,Rhode Island Fc,rhode-island-fc,https://www.fotmob.com/teams/1597140/overview/rhode-island-fc
1598854,Malmo Ff,malmo-ff,https://www.fotmob.com/teams/1598854/overview/malmo-ff
1598901,Orebro,orebro,https://www.fotmob.com/teams/1598901/overview/orebro
1598974,Brothers Union,brothers-union,https://www.fotmob.com/teams/1598974/overview/brothers-union
1599412,Kormakurhvot,kormakurhvot,https://www.fotmob.com/teams/1599412/overview/kormakurhvot
1599447,Bodoglimt,bodoglimt,https://www.fotmob.com/teams/1599447/overview/bodoglimt
1599897,Ulfstind,ulfstind,https://www.fotmob.com/teams/1599897/overview/ulfstind
1602400,Shenavarsazi Qeshm,shenavarsazi-qeshm,https://www.fotmob.com/teams/1602400/overview/shenavarsazi-qeshm
1603136,Veraguas United,veraguas-united,https://www.fotmob.com/teams/1603136/overview/veraguas-united
1607273,Bay Fc,bay-fc,https://www.fotmob.com/teams/1607273/overview/bay-fc
1608205,Indonesia U17,indonesia-u17,https://www.fotmob.com/teams/1608205/overview/indonesia-u17
1608540,Manauara,manauara,https://www.fotmob.com/teams/1608540/overview/manauara
1609449,Union Carl Berner,union-carl-berner,https://www.fotmob.com/teams/1609449/overview/union-carl-berner
1610955,Carolina Core Fc,carolina-core-fc,https://www.fotmob.com/teams/1610955/overview/carolina-core-fc
1611779,Turks Caicos Islands U20,turks-caicos-islands-u20,https://www.fotmob.com/teams/1611779/overview/turks-caicos-islands-u20
1613805,Albion Sc Colorado,albion-sc-colorado,https://www.fotmob.com/teams/1613805/overview/albion-sc-colorado
1613806,Almaden Fc,almaden-fc,https://www.fotmob.com/teams/1613806/overview/almaden-fc
1613807,Amsg Fc,amsg-fc,https://www.fotmob.com/teams/1613807/overview/amsg-fc
1613809,Birmingham Legion Fc 2,birmingham-legion-fc-2,https://www.fotmob.com/teams/1613809/overview/birmingham-legion-fc-2
1613811,Brooke House Fc,brooke-house-fc,https://www.fotmob.com/teams/1613811/overview/brooke-house-fc
1613812,Charlottesville Blues,charlottesville-blues,https://www.fotmob.com/teams/1613812/overview/charlottesville-blues
1613814,Dothan United,dothan-united,https://www.fotmob.com/teams/1613814/overview/dothan-united
1613817,Hattiesburg Fc,hattiesburg-fc,https://www.fotmob.com/teams/1613817/overview/hattiesburg-fc
1613818,Hill Country Lobos,hill-country-lobos,https://www.fotmob.com/teams/1613818/overview/hill-country-lobos
1613819,Inter Gainesville Kf,inter-gainesville-kf,https://www.fotmob.com/teams/1613819/overview/inter-gainesville-kf
1613821,Midlakes United,midlakes-united,https://www.fotmob.com/teams/1613821/overview/midlakes-united
1613823,River Light Fc,river-light-fc,https://www.fotmob.com/teams/1613823/overview/river-light-fc
1613824,Rkc Third Coast,rkc-third-coast,https://www.fotmob.com/teams/1613824/overview/rkc-third-coast
1613825,Salem City Fc,salem-city-fc,https://www.fotmob.com/teams/1613825/overview/salem-city-fc
1613826,Staten Island Asc,staten-island-asc,https://www.fotmob.com/teams/1613826/overview/staten-island-asc
1613827,Sueno Fc,sueno-fc,https://www.fotmob.com/teams/1613827/overview/sueno-fc
1613828,Tacoma Stars,tacoma-stars,https://www.fotmob.com/teams/1613828/overview/tacoma-stars
1613829,Union Fc Macomb,union-fc-macomb,https://www.fotmob.com/teams/1613829/overview/union-fc-macomb
1613832,Utah United,utah-united,https://www.fotmob.com/teams/1613832/overview/utah-united
1613833,West Seattle Junction,west-seattle-junction,https://www.fotmob.com/teams/1613833/overview/west-seattle-junction
1614087,Zhenis,zhenis,https://www.fotmob.com/teams/1614087/overview/zhenis
1614185,Namyangju Citizen,namyangju-citizen,https://www.fotmob.com/teams/1614185/overview/namyangju-citizen
1616406,Fc Rostov Ii,fc-rostov-ii,https://www.fotmob.com/teams/1616406/overview/fc-rostov-ii
1616411,Nart Cherkessk,nart-cherkessk,https://www.fotmob.com/teams/1616411/overview/nart-cherkessk
1617860,Dalian Kun City,dalian-kun-city,https://www.fotmob.com/teams/1617860/overview/dalian-kun-city
1617918,Apotheos,apotheos,https://www.fotmob.com/teams/1617918/overview/apotheos
1617921,Steel City,steel-city,https://www.fotmob.com/teams/1617921/overview/steel-city
1617925,Lubbock Matadors,lubbock-matadors,https://www.fotmob.com/teams/1617925/overview/lubbock-matadors
1617989,Fc Motown Ii,fc-motown-ii,https://www.fotmob.com/teams/1617989/overview/fc-motown-ii
1618060,Kimberley,kimberley,https://www.fotmob.com/teams/1618060/overview/kimberley
1618062,Sarmiento De La Banda,sarmiento-de-la-banda,https://www.fotmob.com/teams/1618062/overview/sarmiento-de-la-banda
1619774,Uzbekistan U20,uzbekistan-u20,https://www.fotmob.com/teams/1619774/overview/uzbekistan-u20
1619779,North Korea U17,north-korea-u17,https://www.fotmob.com/teams/1619779/overview/north-korea-u17
1619787,Chinese Taipei U20,chinese-taipei-u20,https://www.fotmob.com/teams/1619787/overview/chinese-taipei-u20
1619790,South Korea U17,south-korea-u17,https://www.fotmob.com/teams/1619790/overview/south-korea-u17
1619795,Philippines U17,philippines-u17,https://www.fotmob.com/teams/1619795/overview/philippines-u17
1619796,China U20,china-u20,https://www.fotmob.com/teams/1619796/overview/china-u20
1619797,Vietnam U20,vietnam-u20,https://www.fotmob.com/teams/1619797/overview/vietnam-u20
1619798,Australia U17,australia-u17,https://www.fotmob.com/teams/1619798/overview/australia-u17
1619799,North Korea U20,north-korea-u20,https://www.fotmob.com/teams/1619799/overview/north-korea-u20
1619800,Thailand U17,thailand-u17,https://www.fotmob.com/teams/1619800/overview/thailand-u17
1622701,Ulytau,ulytau,https://www.fotmob.com/teams/1622701/overview/ulytau
1623365,Shenzhen Juniors,shenzhen-juniors,https://www.fotmob.com/teams/1623365/overview/shenzhen-juniors
1623678,Guangdong Gz Power,guangdong-gz-power,https://www.fotmob.com/teams/1623678/overview/guangdong-gz-power
1623699,Guangxi Hengchen,guangxi-hengchen,https://www.fotmob.com/teams/1623699/overview/guangxi-hengchen
1623789,Shaanxi Union,shaanxi-union,https://www.fotmob.com/teams/1623789/overview/shaanxi-union
1625332,Ukraine U23,ukraine-u23,https://www.fotmob.com/teams/1625332/overview/ukraine-u23
1625333,Israel U23,israel-u23,https://www.fotmob.com/teams/1625333/overview/israel-u23
1626905,Ecuador U23,ecuador-u23,https://www.fotmob.com/teams/1626905/overview/ecuador-u23
1626909,Peru U23,peru-u23,https://www.fotmob.com/teams/1626909/overview/peru-u23
1634771,Cayman Islands,cayman-islands,https://www.fotmob.com/teams/1634771/overview/cayman-islands
1635401,Northern Mariana Islands,northern-mariana-islands,https://www.fotmob.com/teams/1635401/overview/northern-mariana-islands
1635402,Lesotho,lesotho,https://www.fotmob.com/teams/1635402/overview/lesotho
1638021,Hamburger Sv,hamburger-sv,https://www.fotmob.com/teams/1638021/overview/hamburger-sv
1638033,Mainz 05,mainz-05,https://www.fotmob.com/teams/1638033/overview/mainz-05
1642068,Auckland Fc,auckland-fc,https://www.fotmob.com/teams/1642068/overview/auckland-fc
1642668,Unity,unity,https://www.fotmob.com/teams/1642668/overview/unity
1643635,Amp,amp,https://www.fotmob.com/teams/1643635/overview/amp
1643636,Beta Squad,beta-squad,https://www.fotmob.com/teams/1643636/overview/beta-squad
1644793,Vitoria De Guimaraes,vitoria-de-guimaraes,https://www.fotmob.com/teams/1644793/overview/vitoria-de-guimaraes
1645964,Ternana Femminile,ternana-femminile,https://www.fotmob.com/teams/1645964/overview/ternana-femminile
1646115,Viktoria Juechen Garzweiler,viktoria-juechen-garzweiler,https://www.fotmob.com/teams/1646115/overview/viktoria-juechen-garzweiler
1648005,Curacao,curacao,https://www.fotmob.com/teams/1648005/overview/curacao
1648006,Aruba,aruba,https://www.fotmob.com/teams/1648006/overview/aruba
1648009,South Sudan,south-sudan,https://www.fotmob.com/teams/1648009/overview/south-sudan
1649512,Verden 04,verden-04,https://www.fotmob.com/teams/1649512/overview/verden-04
1651910,Fratria,fratria,https://www.fotmob.com/teams/1651910/overview/fratria
1652069,Fc Kobenhavn,fc-kobenhavn,https://www.fotmob.com/teams/1652069/overview/fc-kobenhavn
1656078,Union Berlin,union-berlin,https://www.fotmob.com/teams/1656078/overview/union-berlin
1656089,Vfb Stuttgart,vfb-stuttgart,https://www.fotmob.com/teams/1656089/overview/vfb-stuttgart
1656247,Darmstadt Ii,darmstadt-ii,https://www.fotmob.com/teams/1656247/overview/darmstadt-ii
1656398,Commonwealth Independent States,commonwealth-independent-states,https://www.fotmob.com/teams/1656398/overview/commonwealth-independent-states
1656961,Tv Eiche Horn Bremen,tv-eiche-horn-bremen,https://www.fotmob.com/teams/1656961/overview/tv-eiche-horn-bremen
1656980,Sc Verl Ii,sc-verl-ii,https://www.fotmob.com/teams/1656980/overview/sc-verl-ii
1658263,Tus Rotenhof,tus-rotenhof,https://www.fotmob.com/teams/1658263/overview/tus-rotenhof
1658540,Nerashte Ballerup,nerashte-ballerup,https://www.fotmob.com/teams/1658540/overview/nerashte-ballerup
1659622,Real Bedford,real-bedford,https://www.fotmob.com/teams/1659622/overview/real-bedford
1660221,Cisf Protectors,cisf-protectors,https://www.fotmob.com/teams/1660221/overview/cisf-protectors
1660559,Bermuda,bermuda,https://www.fotmob.com/teams/1660559/overview/bermuda
1660560,Belize,belize,https://www.fotmob.com/teams/1660560/overview/belize
1660716,Olympique Akbou,olympique-akbou,https://www.fotmob.com/teams/1660716/overview/olympique-akbou
1660963,Eintracht Braunschweig U23,eintracht-braunschweig-u23,https://www.fotmob.com/teams/1660963/overview/eintracht-braunschweig-u23
1661097,Ikorodu City,ikorodu-city,https://www.fotmob.com/teams/1661097/overview/ikorodu-city
1661158,Metalul Buzau,metalul-buzau,https://www.fotmob.com/teams/1661158/overview/metalul-buzau
1661332,Nantes,nantes,https://www.fotmob.com/teams/1661332/overview/nantes
1661333,Strasbourg,strasbourg,https://www.fotmob.com/teams/1661333/overview/strasbourg
1662005,Cd Cacahuatique,cd-cacahuatique,https://www.fotmob.com/teams/1662005/overview/cd-cacahuatique
1664990,Spartakos Kitiou,spartakos-kitiou,https://www.fotmob.com/teams/1664990/overview/spartakos-kitiou
1665351,Malut United,malut-united,https://www.fotmob.com/teams/1665351/overview/malut-united
1665706,Young Apostles,young-apostles,https://www.fotmob.com/teams/1665706/overview/young-apostles
1665707,Holy Stars,holy-stars,https://www.fotmob.com/teams/1665707/overview/holy-stars
1665708,Vision Fc,vision-fc,https://www.fotmob.com/teams/1665708/overview/vision-fc
1667898,Guidonia Montecelio,guidonia-montecelio,https://www.fotmob.com/teams/1667898/overview/guidonia-montecelio
1668862,Brazil Paralympic,brazil-paralympic,https://www.fotmob.com/teams/1668862/overview/brazil-paralympic
1668863,China Paralympic,china-paralympic,https://www.fotmob.com/teams/1668863/overview/china-paralympic
1668864,France Paralympic,france-paralympic,https://www.fotmob.com/teams/1668864/overview/france-paralympic
1668865,Turkiye Paralympic,turkiye-paralympic,https://www.fotmob.com/teams/1668865/overview/turkiye-paralympic
1668866,Argentina Paralympic,argentina-paralympic,https://www.fotmob.com/teams/1668866/overview/argentina-paralympic
1668867,Colombia Paralympic,colombia-paralympic,https://www.fotmob.com/teams/1668867/overview/colombia-paralympic
1668868,Morocco Paralympic,morocco-paralympic,https://www.fotmob.com/teams/1668868/overview/morocco-paralympic
1668869,Japan Paralympic,japan-paralympic,https://www.fotmob.com/teams/1668869/overview/japan-paralympic
1669149,Brooklyn Fc,brooklyn-fc,https://www.fotmob.com/teams/1669149/overview/brooklyn-fc
1669150,Carolina Ascent Fc,carolina-ascent-fc,https://www.fotmob.com/teams/1669150/overview/carolina-ascent-fc
1669151,Dallas Trinity Fc,dallas-trinity-fc,https://www.fotmob.com/teams/1669151/overview/dallas-trinity-fc
1669152,Dc Power Fc,dc-power-fc,https://www.fotmob.com/teams/1669152/overview/dc-power-fc
1669153,Fort Lauderdale United Fc,fort-lauderdale-united-fc,https://www.fotmob.com/teams/1669153/overview/fort-lauderdale-united-fc
1669154,Lexington Sc,lexington-sc,https://www.fotmob.com/teams/1669154/overview/lexington-sc
1669156,Tampa Bay Sun Fc,tampa-bay-sun-fc,https://www.fotmob.com/teams/1669156/overview/tampa-bay-sun-fc
1669235,Js Omrane,js-omrane,https://www.fotmob.com/teams/1669235/overview/js-omrane
1675873,Naft Bandar Abbas,naft-bandar-abbas,https://www.fotmob.com/teams/1675873/overview/naft-bandar-abbas
1678933,Mfk Bytca,mfk-bytca,https://www.fotmob.com/teams/1678933/overview/mfk-bytca
1679128,Asteras Tripolis B,asteras-tripolis-b,https://www.fotmob.com/teams/1679128/overview/asteras-tripolis-b
1680577,Al Karma,al-karma,https://www.fotmob.com/teams/1680577/overview/al-karma
1683965,Philippines U20,philippines-u20,https://www.fotmob.com/teams/1683965/overview/philippines-u20
1686598,Cd Extremadura,cd-extremadura,https://www.fotmob.com/teams/1686598/overview/cd-extremadura
1689412,If Eker Oerebro,if-eker-oerebro,https://www.fotmob.com/teams/1689412/overview/if-eker-oerebro
1691612,Ironi Modiin,ironi-modiin,https://www.fotmob.com/teams/1691612/overview/ironi-modiin
1691614,Kiryat Yam,kiryat-yam,https://www.fotmob.com/teams/1691614/overview/kiryat-yam
1691878,Karcagi Se,karcagi-se,https://www.fotmob.com/teams/1691878/overview/karcagi-se
1693132,Fc Fard,fc-fard,https://www.fotmob.com/teams/1693132/overview/fc-fard
1693198,Yemen U20,yemen-u20,https://www.fotmob.com/teams/1693198/overview/yemen-u20
1693199,Thailand U20,thailand-u20,https://www.fotmob.com/teams/1693199/overview/thailand-u20
1694586,Porto Sc,porto-sc,https://www.fotmob.com/teams/1694586/overview/porto-sc
1695974,Fakirerpool,fakirerpool,https://www.fotmob.com/teams/1695974/overview/fakirerpool
1696139,Tirol,tirol,https://www.fotmob.com/teams/1696139/overview/tirol
1696742,Ouvidorense,ouvidorense,https://www.fotmob.com/teams/1696742/overview/ouvidorense
1696744,Fc Cajamarca,fc-cajamarca,https://www.fotmob.com/teams/1696744/overview/fc-cajamarca
1697960,Santa Catarina,santa-catarina,https://www.fotmob.com/teams/1697960/overview/santa-catarina
1698776,Monsoon,monsoon,https://www.fotmob.com/teams/1698776/overview/monsoon
1699505,Neom Sc,neom-sc,https://www.fotmob.com/teams/1699505/overview/neom-sc
1699616,Laguna Rn,laguna-rn,https://www.fotmob.com/teams/1699616/overview/laguna-rn
1699617,Jaguar,jaguar,https://www.fotmob.com/teams/1699617/overview/jaguar
1699782,Capitao Poco,capitao-poco,https://www.fotmob.com/teams/1699782/overview/capitao-poco
1700158,Rio Ave,rio-ave,https://www.fotmob.com/teams/1700158/overview/rio-ave
1700842,Waterford,waterford,https://www.fotmob.com/teams/1700842/overview/waterford
1701119,San Diego Fc,san-diego-fc,https://www.fotmob.com/teams/1701119/overview/san-diego-fc
1701212,Atletico Pi,atletico-pi,https://www.fotmob.com/teams/1701212/overview/atletico-pi
1701875,Elfsborg,elfsborg,https://www.fotmob.com/teams/1701875/overview/elfsborg
1701876,Av Alta,av-alta,https://www.fotmob.com/teams/1701876/overview/av-alta
1701877,Fc Naples,fc-naples,https://www.fotmob.com/teams/1701877/overview/fc-naples
1701883,Portland Hearts Pine,portland-hearts-pine,https://www.fotmob.com/teams/1701883/overview/portland-hearts-pine
1701884,Texoma,texoma,https://www.fotmob.com/teams/1701884/overview/texoma
1704814,Kruger United,kruger-united,https://www.fotmob.com/teams/1704814/overview/kruger-united
1706430,Westchester Sc,westchester-sc,https://www.fotmob.com/teams/1706430/overview/westchester-sc
1713984,Jeonbuk Hyundai Motors Fc Reserves,jeonbuk-hyundai-motors-fc-reserves,https://www.fotmob.com/teams/1713984/overview/jeonbuk-hyundai-motors-fc-reserves
1723154,Costa Brava,costa-brava,https://www.fotmob.com/teams/1723154/overview/costa-brava
1723190,Gimnasia Y Esgrima De Chivilcoy,gimnasia-y-esgrima-de-chivilcoy,https://www.fotmob.com/teams/1723190/overview/gimnasia-y-esgrima-de-chivilcoy
1723191,Ca Bartolome Mitre,ca-bartolome-mitre,https://www.fotmob.com/teams/1723191/overview/ca-bartolome-mitre
1723316,Vaexjoe Norra If,vaexjoe-norra-if,https://www.fotmob.com/teams/1723316/overview/vaexjoe-norra-if
1729986,Beton Berlin,beton-berlin,https://www.fotmob.com/teams/1729986/overview/beton-berlin
1729987,Streets United,streets-united,https://www.fotmob.com/teams/1729987/overview/streets-united
1729988,Fc Nitro,fc-nitro,https://www.fotmob.com/teams/1729988/overview/fc-nitro
1729989,Kaefigtiger,kaefigtiger,https://www.fotmob.com/teams/1729989/overview/kaefigtiger
1729990,Goenrgy Allstars,goenrgy-allstars,https://www.fotmob.com/teams/1729990/overview/goenrgy-allstars
1729991,Calcio Berlin,calcio-berlin,https://www.fotmob.com/teams/1729991/overview/calcio-berlin
1729993,Protatos,protatos,https://www.fotmob.com/teams/1729993/overview/protatos
1729994,Hollywood United,hollywood-united,https://www.fotmob.com/teams/1729994/overview/hollywood-united
1729995,Eintracht Spandau,eintracht-spandau,https://www.fotmob.com/teams/1729995/overview/eintracht-spandau
1729996,Golden Xi,golden-xi,https://www.fotmob.com/teams/1729996/overview/golden-xi
1729997,Las Ligas Ladies,las-ligas-ladies,https://www.fotmob.com/teams/1729997/overview/las-ligas-ladies
1729998,Vfr Zimbos,vfr-zimbos,https://www.fotmob.com/teams/1729998/overview/vfr-zimbos
1730336,Deportrio,deportrio,https://www.fotmob.com/teams/1730336/overview/deportrio
1730342,N5 Fc,n5-fc,https://www.fotmob.com/teams/1730342/overview/n5-fc
1730344,Sds Fc,sds-fc,https://www.fotmob.com/teams/1730344/overview/sds-fc
1730345,Ndl Fc,ndl-fc,https://www.fotmob.com/teams/1730345/overview/ndl-fc
1730346,Vzn Fc,vzn-fc,https://www.fotmob.com/teams/1730346/overview/vzn-fc
1730347,Wembley Rangers,wembley-rangers,https://www.fotmob.com/teams/1730347/overview/wembley-rangers
1730349,Yanited,yanited,https://www.fotmob.com/teams/1730349/overview/yanited
1730580,Cherepovets,cherepovets,https://www.fotmob.com/teams/1730580/overview/cherepovets
1730583,Kdv,kdv,https://www.fotmob.com/teams/1730583/overview/kdv
1730586,Fc Chelyabinsk Ii,fc-chelyabinsk-ii,https://www.fotmob.com/teams/1730586/overview/fc-chelyabinsk-ii
1730595,Baltika Ii,baltika-ii,https://www.fotmob.com/teams/1730595/overview/baltika-ii
1737972,Annapolis Blues,annapolis-blues,https://www.fotmob.com/teams/1737972/overview/annapolis-blues
1737975,Delaware Fc,delaware-fc,https://www.fotmob.com/teams/1737975/overview/delaware-fc
1737981,New England Fc,new-england-fc,https://www.fotmob.com/teams/1737981/overview/new-england-fc
1737984,Northern Indiana,northern-indiana,https://www.fotmob.com/teams/1737984/overview/northern-indiana
1737986,Fort Lauderdale United Fc,fort-lauderdale-united-fc,https://www.fotmob.com/teams/1737986/overview/fort-lauderdale-united-fc
1737989,Kings Hammer Fc Columbus,kings-hammer-fc-columbus,https://www.fotmob.com/teams/1737989/overview/kings-hammer-fc-columbus
1737991,Sporting Jax,sporting-jax,https://www.fotmob.com/teams/1737991/overview/sporting-jax
1737993,Akron City,akron-city,https://www.fotmob.com/teams/1737993/overview/akron-city
1737994,Columbus United,columbus-united,https://www.fotmob.com/teams/1737994/overview/columbus-united
1737996,Erie Sports Center,erie-sports-center,https://www.fotmob.com/teams/1737996/overview/erie-sports-center
1738000,Montgomery United Fc,montgomery-united-fc,https://www.fotmob.com/teams/1738000/overview/montgomery-united-fc
1738002,Santafe Wanderers,santafe-wanderers,https://www.fotmob.com/teams/1738002/overview/santafe-wanderers
1738003,Springfield Fc,springfield-fc,https://www.fotmob.com/teams/1738003/overview/springfield-fc
1738004,Mckinney Chupacabras Fc,mckinney-chupacabras-fc,https://www.fotmob.com/teams/1738004/overview/mckinney-chupacabras-fc
1738005,Red River Fc,red-river-fc,https://www.fotmob.com/teams/1738005/overview/red-river-fc
1738006,St Louis Ambush,st-louis-ambush,https://www.fotmob.com/teams/1738006/overview/st-louis-ambush
1738007,Sunflower State,sunflower-state,https://www.fotmob.com/teams/1738007/overview/sunflower-state
1738008,Global Football Innovation Academy,global-football-innovation-academy,https://www.fotmob.com/teams/1738008/overview/global-football-innovation-academy
1738009,Lonestar,lonestar,https://www.fotmob.com/teams/1738009/overview/lonestar
1738014,Bangers Fc,bangers-fc,https://www.fotmob.com/teams/1738014/overview/bangers-fc
1738015,Bigfoot Fc,bigfoot-fc,https://www.fotmob.com/teams/1738015/overview/bigfoot-fc
1738017,Snohomish United,snohomish-united,https://www.fotmob.com/teams/1738017/overview/snohomish-united
1738021,San Juan Sc,san-juan-sc,https://www.fotmob.com/teams/1738021/overview/san-juan-sc
1738023,Colorado Storm,colorado-storm,https://www.fotmob.com/teams/1738023/overview/colorado-storm
1738025,City Sc,city-sc,https://www.fotmob.com/teams/1738025/overview/city-sc
1738027,Stars Fc,stars-fc,https://www.fotmob.com/teams/1738027/overview/stars-fc
1742597,Sierra Leone U20,sierra-leone-u20,https://www.fotmob.com/teams/1742597/overview/sierra-leone-u20
1742598,Kenya U20,kenya-u20,https://www.fotmob.com/teams/1742598/overview/kenya-u20
1759990,Geretsried,geretsried,https://www.fotmob.com/teams/1759990/overview/geretsried
1759992,Stadeln,stadeln,https://www.fotmob.com/teams/1759992/overview/stadeln
1762511,Aeem Canada,aeem-canada,https://www.fotmob.com/teams/1762511/overview/aeem-canada
1763072,Kudrivka,kudrivka,https://www.fotmob.com/teams/1763072/overview/kudrivka
1763768,Bolivia U17,bolivia-u17,https://www.fotmob.com/teams/1763768/overview/bolivia-u17
1763775,Fiji U17,fiji-u17,https://www.fotmob.com/teams/1763775/overview/fiji-u17
1763776,Egypt U17,egypt-u17,https://www.fotmob.com/teams/1763776/overview/egypt-u17
1763778,El Salvador U17,el-salvador-u17,https://www.fotmob.com/teams/1763778/overview/el-salvador-u17
1763779,Zambia U17,zambia-u17,https://www.fotmob.com/teams/1763779/overview/zambia-u17
1763780,Uganda U17,uganda-u17,https://www.fotmob.com/teams/1763780/overview/uganda-u17
1763781,Saudi Arabia U17,saudi-arabia-u17,https://www.fotmob.com/teams/1763781/overview/saudi-arabia-u17
1764909,Liberia,liberia,https://www.fotmob.com/teams/1764909/overview/liberia
1764910,Suriname,suriname,https://www.fotmob.com/teams/1764910/overview/suriname
1766196,New Caledonia U20,new-caledonia-u20,https://www.fotmob.com/teams/1766196/overview/new-caledonia-u20
1770408,Dc Hyper,dc-hyper,https://www.fotmob.com/teams/1770408/overview/dc-hyper
1771526,Politehnica Utm,politehnica-utm,https://www.fotmob.com/teams/1771526/overview/politehnica-utm
1775182,Cambodia,cambodia,https://www.fotmob.com/teams/1775182/overview/cambodia
1778289,Sportfreunde Schwaig,sportfreunde-schwaig,https://www.fotmob.com/teams/1778289/overview/sportfreunde-schwaig
1778290,Csc 03 Kassel,csc-03-kassel,https://www.fotmob.com/teams/1778290/overview/csc-03-kassel
1778291,Turabdin Babylon Pohlheim,turabdin-babylon-pohlheim,https://www.fotmob.com/teams/1778291/overview/turabdin-babylon-pohlheim
1778293,Sv Hummetroth,sv-hummetroth,https://www.fotmob.com/teams/1778293/overview/sv-hummetroth
1781851,Tesla Hamburg,tesla-hamburg,https://www.fotmob.com/teams/1781851/overview/tesla-hamburg
1781852,Hamburger Turnerschaft 1816,hamburger-turnerschaft-1816,https://www.fotmob.com/teams/1781852/overview/hamburger-turnerschaft-1816
1782013,Union Klosterfelde,union-klosterfelde,https://www.fotmob.com/teams/1782013/overview/union-klosterfelde
1782016,Siedenbollentin,siedenbollentin,https://www.fotmob.com/teams/1782016/overview/siedenbollentin
1782094,Empor Glauchau,empor-glauchau,https://www.fotmob.com/teams/1782094/overview/empor-glauchau
1782098,Kaltenkirchener Ts,kaltenkirchener-ts,https://www.fotmob.com/teams/1782098/overview/kaltenkirchener-ts
1782100,1 Fc Phoenix Luebeck Ii,1-fc-phoenix-luebeck-ii,https://www.fotmob.com/teams/1782100/overview/1-fc-phoenix-luebeck-ii
1782331,Skovsgaard B,skovsgaard-b,https://www.fotmob.com/teams/1782331/overview/skovsgaard-b
1782581,South United,south-united,https://www.fotmob.com/teams/1782581/overview/south-united
1782583,Diamond Harbour,diamond-harbour,https://www.fotmob.com/teams/1782583/overview/diamond-harbour
1782586,Karbi Anglong Morning Star,karbi-anglong-morning-star,https://www.fotmob.com/teams/1782586/overview/karbi-anglong-morning-star
1782782,Fc Sydkysten,fc-sydkysten,https://www.fotmob.com/teams/1782782/overview/fc-sydkysten
1782784,Turkspor Neckarsulm,turkspor-neckarsulm,https://www.fotmob.com/teams/1782784/overview/turkspor-neckarsulm
1783449,Inter Santa Tecla,inter-santa-tecla,https://www.fotmob.com/teams/1783449/overview/inter-santa-tecla
1783730,Melaka Fc,melaka-fc,https://www.fotmob.com/teams/1783730/overview/melaka-fc
1783759,Imigresen Fc,imigresen-fc,https://www.fotmob.com/teams/1783759/overview/imigresen-fc
1784549,Lens,lens,https://www.fotmob.com/teams/1784549/overview/lens
1784556,Castellon B,castellon-b,https://www.fotmob.com/teams/1784556/overview/castellon-b
1784557,Girona B,girona-b,https://www.fotmob.com/teams/1784557/overview/girona-b
1784666,Ud Ourense,ud-ourense,https://www.fotmob.com/teams/1784666/overview/ud-ourense
1785788,Blau Weiss Dingden,blau-weiss-dingden,https://www.fotmob.com/teams/1785788/overview/blau-weiss-dingden
1785789,Holzheimer Sg,holzheimer-sg,https://www.fotmob.com/teams/1785789/overview/holzheimer-sg
1785791,Tus Hiltrup,tus-hiltrup,https://www.fotmob.com/teams/1785791/overview/tus-hiltrup
1786016,Gau Odernheim,gau-odernheim,https://www.fotmob.com/teams/1786016/overview/gau-odernheim
1786024,Imisli Fk,imisli-fk,https://www.fotmob.com/teams/1786024/overview/imisli-fk
1786714,Union Yacoub El Mansour,union-yacoub-el-mansour,https://www.fotmob.com/teams/1786714/overview/union-yacoub-el-mansour
1787233,Al Diriyah,al-diriyah,https://www.fotmob.com/teams/1787233/overview/al-diriyah
1787829,Asa Targu Mures,asa-targu-mures,https://www.fotmob.com/teams/1787829/overview/asa-targu-mures
1787830,Fc Bacau,fc-bacau,https://www.fotmob.com/teams/1787830/overview/fc-bacau
1787831,Cs Dinamo Bucuresti,cs-dinamo-bucuresti,https://www.fotmob.com/teams/1787831/overview/cs-dinamo-bucuresti
1787832,Gloria Bistrita,gloria-bistrita,https://www.fotmob.com/teams/1787832/overview/gloria-bistrita
1787833,Gs Marko,gs-marko,https://www.fotmob.com/teams/1787833/overview/gs-marko
1787881,Sporting Jax,sporting-jax,https://www.fotmob.com/teams/1787881/overview/sporting-jax
1787927,Maritimo U23,maritimo-u23,https://www.fotmob.com/teams/1787927/overview/maritimo-u23
1787929,Uniao De Leiria U23,uniao-de-leiria-u23,https://www.fotmob.com/teams/1787929/overview/uniao-de-leiria-u23
1790497,Inter U23,inter-u23,https://www.fotmob.com/teams/1790497/overview/inter-u23
1790883,Turkischer Sv Singen,turkischer-sv-singen,https://www.fotmob.com/teams/1790883/overview/turkischer-sv-singen
1791531,Ipswich Town U18,ipswich-town-u18,https://www.fotmob.com/teams/1791531/overview/ipswich-town-u18
1791630,Kun Khalifat,kun-khalifat,https://www.fotmob.com/teams/1791630/overview/kun-khalifat
1791636,Barau,barau,https://www.fotmob.com/teams/1791636/overview/barau
1792386,Mb Rouissat,mb-rouissat,https://www.fotmob.com/teams/1792386/overview/mb-rouissat
1793834,Apea Akrotiri,apea-akrotiri,https://www.fotmob.com/teams/1793834/overview/apea-akrotiri
1793837,Iraklis Gerolakkou,iraklis-gerolakkou,https://www.fotmob.com/teams/1793837/overview/iraklis-gerolakkou
1795466,Csm Olimpia Satu Mare,csm-olimpia-satu-mare,https://www.fotmob.com/teams/1795466/overview/csm-olimpia-satu-mare
1795705,Denver Summit Fc,denver-summit-fc,https://www.fotmob.com/teams/1795705/overview/denver-summit-fc
1795723,Boston Legacy Fc,boston-legacy-fc,https://www.fotmob.com/teams/1795723/overview/boston-legacy-fc
1796111,Birmingham U21,birmingham-u21,https://www.fotmob.com/teams/1796111/overview/birmingham-u21
1796112,Burnley U21,burnley-u21,https://www.fotmob.com/teams/1796112/overview/burnley-u21
1796115,Ipswich Town U21,ipswich-town-u21,https://www.fotmob.com/teams/1796115/overview/ipswich-town-u21
1797422,Hellas Syros,hellas-syros,https://www.fotmob.com/teams/1797422/overview/hellas-syros
1802179,Calcio Como 1907,calcio-como-1907,https://www.fotmob.com/teams/1802179/overview/calcio-como-1907
1803049,Lusail Sc,lusail-sc,https://www.fotmob.com/teams/1803049/overview/lusail-sc
1804164,Redcar Athletic,redcar-athletic,https://www.fotmob.com/teams/1804164/overview/redcar-athletic
1811191,Al Mosul,al-mosul,https://www.fotmob.com/teams/1811191/overview/al-mosul
1811195,Al Gharraf,al-gharraf,https://www.fotmob.com/teams/1811195/overview/al-gharraf
1813338,Saint Vincent Grenadines,saint-vincent-grenadines,https://www.fotmob.com/teams/1813338/overview/saint-vincent-grenadines
1813339,Dominica,dominica,https://www.fotmob.com/teams/1813339/overview/dominica
1814318,Auckland Fc B,auckland-fc-b,https://www.fotmob.com/teams/1814318/overview/auckland-fc-b
1817014,San Marino U19,san-marino-u19,https://www.fotmob.com/teams/1817014/overview/san-marino-u19
1818162,De Graafschap,de-graafschap,https://www.fotmob.com/teams/1818162/overview/de-graafschap
1818322,Arambagh,arambagh,https://www.fotmob.com/teams/1818322/overview/arambagh
1818323,Pwd Sc,pwd-sc,https://www.fotmob.com/teams/1818323/overview/pwd-sc
1818779,Rohda Raalte,rohda-raalte,https://www.fotmob.com/teams/1818779/overview/rohda-raalte
1823065,Arkansas Wolves Fc,arkansas-wolves-fc,https://www.fotmob.com/teams/1823065/overview/arkansas-wolves-fc
1823066,Peak Xi,peak-xi,https://www.fotmob.com/teams/1823066/overview/peak-xi
1823067,Modesto City Fc,modesto-city-fc,https://www.fotmob.com/teams/1823067/overview/modesto-city-fc
1823068,Sin City Fc,sin-city-fc,https://www.fotmob.com/teams/1823068/overview/sin-city-fc
1823637,Clutch Fc,clutch-fc,https://www.fotmob.com/teams/1823637/overview/clutch-fc
1823645,Rukkas Fc,rukkas-fc,https://www.fotmob.com/teams/1823645/overview/rukkas-fc
1836630,Bolivia U15,bolivia-u15,https://www.fotmob.com/teams/1836630/overview/bolivia-u15
1836631,Haiti U15,haiti-u15,https://www.fotmob.com/teams/1836631/overview/haiti-u15
1836632,Vanuatu U15,vanuatu-u15,https://www.fotmob.com/teams/1836632/overview/vanuatu-u15
1836633,Singapore U15,singapore-u15,https://www.fotmob.com/teams/1836633/overview/singapore-u15
1836634,Montenegro U15,montenegro-u15,https://www.fotmob.com/teams/1836634/overview/montenegro-u15
1836635,Zimbabwe U15,zimbabwe-u15,https://www.fotmob.com/teams/1836635/overview/zimbabwe-u15
1836636,Peru U15,peru-u15,https://www.fotmob.com/teams/1836636/overview/peru-u15
1836637,Iceland U15,iceland-u15,https://www.fotmob.com/teams/1836637/overview/iceland-u15
1836638,Honduras U15,honduras-u15,https://www.fotmob.com/teams/1836638/overview/honduras-u15
1836639,South Korea U15,south-korea-u15,https://www.fotmob.com/teams/1836639/overview/south-korea-u15
1836640,Cape Verde U15,cape-verde-u15,https://www.fotmob.com/teams/1836640/overview/cape-verde-u15
1837015,Us Virgin Islands,us-virgin-islands,https://www.fotmob.com/teams/1837015/overview/us-virgin-islands
1837017,British Virgin Islands,british-virgin-islands,https://www.fotmob.com/teams/1837017/overview/british-virgin-islands
1839524,Husqvarna Ff,husqvarna-ff,https://www.fotmob.com/teams/1839524/overview/husqvarna-ff
1844870,Iran U17,iran-u17,https://www.fotmob.com/teams/1844870/overview/iran-u17
1844872,Papua New Guinea U17,papua-new-guinea-u17,https://www.fotmob.com/teams/1844872/overview/papua-new-guinea-u17
1844873,Equatorial Guinea U17,equatorial-guinea-u17,https://www.fotmob.com/teams/1844873/overview/equatorial-guinea-u17
1844874,Trinidad Tobago U17,trinidad-tobago-u17,https://www.fotmob.com/teams/1844874/overview/trinidad-tobago-u17
1844885,Venezuela U17,venezuela-u17,https://www.fotmob.com/teams/1844885/overview/venezuela-u17
1844886,Namibia U17,namibia-u17,https://www.fotmob.com/teams/1844886/overview/namibia-u17
1846113,Usa U18,usa-u18,https://www.fotmob.com/teams/1846113/overview/usa-u18
1846121,Trinidad Tobago U22,trinidad-tobago-u22,https://www.fotmob.com/teams/1846121/overview/trinidad-tobago-u22
1846122,Ecuador U22,ecuador-u22,https://www.fotmob.com/teams/1846122/overview/ecuador-u22
1846130,Argentina U22,argentina-u22,https://www.fotmob.com/teams/1846130/overview/argentina-u22
1846131,Costa Rica U22,costa-rica-u22,https://www.fotmob.com/teams/1846131/overview/costa-rica-u22
1846132,Cuba U22,cuba-u22,https://www.fotmob.com/teams/1846132/overview/cuba-u22
1847791,Jamaica U23,jamaica-u23,https://www.fotmob.com/teams/1847791/overview/jamaica-u23
1851968,Eswatini,eswatini,https://www.fotmob.com/teams/1851968/overview/eswatini
1852808,Anguilla,anguilla,https://www.fotmob.com/teams/1852808/overview/anguilla
1856234,Antigua Barbuda,antigua-barbuda,https://www.fotmob.com/teams/1856234/overview/antigua-barbuda
1856235,Grenada,grenada,https://www.fotmob.com/teams/1856235/overview/grenada
1860734,North Esporte Clube,north-esporte-clube,https://www.fotmob.com/teams/1860734/overview/north-esporte-clube
1860737,Centro Oeste,centro-oeste,https://www.fotmob.com/teams/1860737/overview/centro-oeste
1863810,Toulouse,toulouse,https://www.fotmob.com/teams/1863810/overview/toulouse
1863827,Saint Malo,saint-malo,https://www.fotmob.com/teams/1863827/overview/saint-malo
1863929,Aruc,aruc,https://www.fotmob.com/teams/1863929/overview/aruc
1863993,Carlos Renaux,carlos-renaux,https://www.fotmob.com/teams/1863993/overview/carlos-renaux
1863996,Itz,itz,https://www.fotmob.com/teams/1863996/overview/itz
1863998,Luminense,luminense,https://www.fotmob.com/teams/1863998/overview/luminense
1864000,Chapada,chapada,https://www.fotmob.com/teams/1864000/overview/chapada
1864001,Varzea Grande,varzea-grande,https://www.fotmob.com/teams/1864001/overview/varzea-grande
1864877,Confianca Pb,confianca-pb,https://www.fotmob.com/teams/1864877/overview/confianca-pb
1864909,Quinho Futebol Clube,quinho-futebol-clube,https://www.fotmob.com/teams/1864909/overview/quinho-futebol-clube
1864929,Desportiva Aracaju,desportiva-aracaju,https://www.fotmob.com/teams/1864929/overview/desportiva-aracaju
1864941,Clube De Regatas Aquidauana,clube-de-regatas-aquidauana,https://www.fotmob.com/teams/1864941/overview/clube-de-regatas-aquidauana
1864943,Bataguassu,bataguassu,https://www.fotmob.com/teams/1864943/overview/bataguassu
1868296,Teresina Esporte Clube,teresina-esporte-clube,https://www.fotmob.com/teams/1868296/overview/teresina-esporte-clube
1877675,Boise,boise,https://www.fotmob.com/teams/1877675/overview/boise
1877733,Brooklyn,brooklyn,https://www.fotmob.com/teams/1877733/overview/brooklyn
1880719,Connecticut United,connecticut-united,https://www.fotmob.com/teams/1880719/overview/connecticut-united
1884239,Sandvikens If,sandvikens-if,https://www.fotmob.com/teams/1884239/overview/sandvikens-if
1888923,Union Cocle,union-cocle,https://www.fotmob.com/teams/1888923/overview/union-cocle
1897657,Yongin Fc,yongin-fc,https://www.fotmob.com/teams/1897657/overview/yongin-fc
1899459,Ogre United,ogre-united,https://www.fotmob.com/teams/1899459/overview/ogre-united
1899648,Supra Du Quebec,supra-du-quebec,https://www.fotmob.com/teams/1899648/overview/supra-du-quebec
1900141,Real Sireti,real-sireti,https://www.fotmob.com/teams/1900141/overview/real-sireti
1913132,Myanmar U17,myanmar-u17,https://www.fotmob.com/teams/1913132/overview/myanmar-u17
1913136,Vietnam U17,vietnam-u17,https://www.fotmob.com/teams/1913136/overview/vietnam-u17
1913140,Lebanon U17,lebanon-u17,https://www.fotmob.com/teams/1913140/overview/lebanon-u17
1913143,Chinese Taipei U17,chinese-taipei-u17,https://www.fotmob.com/teams/1913143/overview/chinese-taipei-u17
1918576,Guapore,guapore,https://www.fotmob.com/teams/1918576/overview/guapore
1918583,Monte Roraima,monte-roraima,https://www.fotmob.com/teams/1918583/overview/monte-roraima
1922544,Port City Fc,port-city-fc,https://www.fotmob.com/teams/1922544/overview/port-city-fc
1922545,San Antonio Fc Ii,san-antonio-fc-ii,https://www.fotmob.com/teams/1922545/overview/san-antonio-fc-ii
1922588,Louisville City Fc Ii,louisville-city-fc-ii,https://www.fotmob.com/teams/1922588/overview/louisville-city-fc-ii
1922591,Lakeland United,lakeland-united,https://www.fotmob.com/teams/1922591/overview/lakeland-united
1922595,Lorain County Leviathan,lorain-county-leviathan,https://www.fotmob.com/teams/1922595/overview/lorain-county-leviathan
1922597,Blumenau Esporte Clube,blumenau-esporte-clube,https://www.fotmob.com/teams/1922597/overview/blumenau-esporte-clube
1922598,Connecticut Rush,connecticut-rush,https://www.fotmob.com/teams/1922598/overview/connecticut-rush
1922602,Eagle Fc,eagle-fc,https://www.fotmob.com/teams/1922602/overview/eagle-fc
1922607,Pennsylvania Classics,pennsylvania-classics,https://www.fotmob.com/teams/1922607/overview/pennsylvania-classics
1922610,Bethesda Sc,bethesda-sc,https://www.fotmob.com/teams/1922610/overview/bethesda-sc
1922614,Hill City,hill-city,https://www.fotmob.com/teams/1922614/overview/hill-city
1922617,Loudoun United Fc 2,loudoun-united-fc-2,https://www.fotmob.com/teams/1922617/overview/loudoun-united-fc-2
1922626,Hickory,hickory,https://www.fotmob.com/teams/1922626/overview/hickory
1922637,Swarm Fc,swarm-fc,https://www.fotmob.com/teams/1922637/overview/swarm-fc
1922640,Shark Coast,shark-coast,https://www.fotmob.com/teams/1922640/overview/shark-coast
1922643,Jackson Boom,jackson-boom,https://www.fotmob.com/teams/1922643/overview/jackson-boom
1922649,Memphis,memphis,https://www.fotmob.com/teams/1922649/overview/memphis
1922736,West Texas,west-texas,https://www.fotmob.com/teams/1922736/overview/west-texas
1922785,Pittsburgh Riverhounds 2,pittsburgh-riverhounds-2,https://www.fotmob.com/teams/1922785/overview/pittsburgh-riverhounds-2
1922824,Edgewater Castle,edgewater-castle,https://www.fotmob.com/teams/1922824/overview/edgewater-castle
1922825,Rockford Raptors,rockford-raptors,https://www.fotmob.com/teams/1922825/overview/rockford-raptors
1922842,Atletico Union,atletico-union,https://www.fotmob.com/teams/1922842/overview/atletico-union
1922862,Real Colorado,real-colorado,https://www.fotmob.com/teams/1922862/overview/real-colorado
1923928,If Gnistan,if-gnistan,https://www.fotmob.com/teams/1923928/overview/if-gnistan
1925627,Atletico Escobar,atletico-escobar,https://www.fotmob.com/teams/1925627/overview/atletico-escobar
1925718,Tucuman Central,tucuman-central,https://www.fotmob.com/teams/1925718/overview/tucuman-central
1925720,Defensores De Vilelas,defensores-de-vilelas,https://www.fotmob.com/teams/1925720/overview/defensores-de-vilelas
1925738,Fundacion Amigos,fundacion-amigos,https://www.fotmob.com/teams/1925738/overview/fundacion-amigos
1926480,Gold Devils,gold-devils,https://www.fotmob.com/teams/1926480/overview/gold-devils
1926481,Prime Fc,prime-fc,https://www.fotmob.com/teams/1926481/overview/prime-fc
1926508,Community Fc,community-fc,https://www.fotmob.com/teams/1926508/overview/community-fc
1929856,Speed United,speed-united,https://www.fotmob.com/teams/1929856/overview/speed-united
1929857,Glitch Fc,glitch-fc,https://www.fotmob.com/teams/1929857/overview/glitch-fc
1929858,Win Fc,win-fc,https://www.fotmob.com/teams/1929858/overview/win-fc
1929859,Any Means United,any-means-united,https://www.fotmob.com/teams/1929859/overview/any-means-united
1929860,M3 Fc,m3-fc,https://www.fotmob.com/teams/1929860/overview/m3-fc
1929861,876 United,876-united,https://www.fotmob.com/teams/1929861/overview/876-united
1929862,Club 360,club-360,https://www.fotmob.com/teams/1929862/overview/club-360
1929863,Super Ninos Fc,super-ninos-fc,https://www.fotmob.com/teams/1929863/overview/super-ninos-fc
1929864,Midnight Wizards,midnight-wizards,https://www.fotmob.com/teams/1929864/overview/midnight-wizards
1929865,Showtime Fc,showtime-fc,https://www.fotmob.com/teams/1929865/overview/showtime-fc
1932547,Sporting Jax Ii,sporting-jax-ii,https://www.fotmob.com/teams/1932547/overview/sporting-jax-ii
1934048,Chayka 2,chayka-2,https://www.fotmob.com/teams/1934048/overview/chayka-2
1934050,Neftyanik Izberbash,neftyanik-izberbash,https://www.fotmob.com/teams/1934050/overview/neftyanik-izberbash
1934052,Kyzyltash,kyzyltash,https://www.fotmob.com/teams/1934052/overview/kyzyltash
1934058,Zarya Lugansk,zarya-lugansk,https://www.fotmob.com/teams/1934058/overview/zarya-lugansk
1934061,Psk,psk,https://www.fotmob.com/teams/1934061/overview/psk
1934065,Shahter,shahter,https://www.fotmob.com/teams/1934065/overview/shahter
1934076,Iskra Smolensk,iskra-smolensk,https://www.fotmob.com/teams/1934076/overview/iskra-smolensk
1934082,Fk Shumbrat Saransk,fk-shumbrat-saransk,https://www.fotmob.com/teams/1934082/overview/fk-shumbrat-saransk
1934121,Pobeda Nizhny Novgorod,pobeda-nizhny-novgorod,https://www.fotmob.com/teams/1934121/overview/pobeda-nizhny-novgorod
1945631,Turks Caicos Islands,turks-caicos-islands,https://www.fotmob.com/teams/1945631/overview/turks-caicos-islands
1966028,Niger,niger,https://www.fotmob.com/teams/1966028/overview/niger
1966029,Gabon,gabon,https://www.fotmob.com/teams/1966029/overview/gabon
1988812,Vaestkurd Bk,vaestkurd-bk,https://www.fotmob.com/teams/1988812/overview/vaestkurd-bk
1988815,Hovshaga Aif,hovshaga-aif,https://www.fotmob.com/teams/1988815/overview/hovshaga-aif
1988819,Ik Sturehov,ik-sturehov,https://www.fotmob.com/teams/1988819/overview/ik-sturehov
1988821,Football Primetime,football-primetime,https://www.fotmob.com/teams/1988821/overview/football-primetime
1988822,Ac Studenterna,ac-studenterna,https://www.fotmob.com/teams/1988822/overview/ac-studenterna
1992750,Pfaffenhofen,pfaffenhofen,https://www.fotmob.com/teams/1992750/overview/pfaffenhofen
2001148,Fc Residence Walferdange,fc-residence-walferdange,https://www.fotmob.com/teams/2001148/overview/fc-residence-walferdange
2009441,Shkendija Haracine,shkendija-haracine,https://www.fotmob.com/teams/2009441/overview/shkendija-haracine
2050956,Cyprus 2,cyprus-2,https://www.fotmob.com/teams/2050956/overview/cyprus-2
2053580,Switzerland 3,switzerland-3,https://www.fotmob.com/teams/2053580/overview/switzerland-3
2057964,Argentina U20,argentina-u20,https://www.fotmob.com/teams/2057964/overview/argentina-u20
2057970,Poland U20,poland-u20,https://www.fotmob.com/teams/2057970/overview/poland-u20
2057974,Benin U20,benin-u20,https://www.fotmob.com/teams/2057974/overview/benin-u20
2058007,Tanzania U20,tanzania-u20,https://www.fotmob.com/teams/2058007/overview/tanzania-u20
2058009,England U20,england-u20,https://www.fotmob.com/teams/2058009/overview/england-u20
2058019,Ecuador U20,ecuador-u20,https://www.fotmob.com/teams/2058019/overview/ecuador-u20
2058028,Italy U20,italy-u20,https://www.fotmob.com/teams/2058028/overview/italy-u20
2058045,Portugal U20,portugal-u20,https://www.fotmob.com/teams/2058045/overview/portugal-u20
2058053,New Caledonia U20,new-caledonia-u20,https://www.fotmob.com/teams/2058053/overview/new-caledonia-u20
2061437,Holstebro Boldklub Ii,holstebro-boldklub-ii,https://www.fotmob.com/teams/2061437/overview/holstebro-boldklub-ii
2066161,Atletico Central,atletico-central,https://www.fotmob.com/teams/2066161/overview/atletico-central
2066167,Cf Calamocha,cf-calamocha,https://www.fotmob.com/teams/2066167/overview/cf-calamocha
2066184,Castellonense,castellonense,https://www.fotmob.com/teams/2066184/overview/castellonense
2066192,Mijas Las Lagunas,mijas-las-lagunas,https://www.fotmob.com/teams/2066192/overview/mijas-las-lagunas
2068811,Banaras Baghpat,banaras-baghpat,https://www.fotmob.com/teams/2068811/overview/banaras-baghpat
2068812,Samaleswari Sc,samaleswari-sc,https://www.fotmob.com/teams/2068812/overview/samaleswari-sc
2068848,Defenders Fc,defenders-fc,https://www.fotmob.com/teams/2068848/overview/defenders-fc
2068863,Fc Raengdai,fc-raengdai,https://www.fotmob.com/teams/2068863/overview/fc-raengdai
2068872,Langsning,langsning,https://www.fotmob.com/teams/2068872/overview/langsning
2068876,Nongkseh Sscc,nongkseh-sscc,https://www.fotmob.com/teams/2068876/overview/nongkseh-sscc
2070059,Piratas,piratas,https://www.fotmob.com/teams/2070059/overview/piratas
2075367,Fc 1,fc-1,https://www.fotmob.com/teams/2075367/overview/fc-1
2076130,Eintracht Norderstedt Ii,eintracht-norderstedt-ii,https://www.fotmob.com/teams/2076130/overview/eintracht-norderstedt-ii
2076221,Sc Rapid Luebeck,sc-rapid-luebeck,https://www.fotmob.com/teams/2076221/overview/sc-rapid-luebeck
2076254,Weissenfels,weissenfels,https://www.fotmob.com/teams/2076254/overview/weissenfels
2076282,1 Fc Muehlhausen,1-fc-muehlhausen,https://www.fotmob.com/teams/2076282/overview/1-fc-muehlhausen
2076283,Young Boys Reutlingen,young-boys-reutlingen,https://www.fotmob.com/teams/2076283/overview/young-boys-reutlingen
2076660,Hemmingen Westerfeld,hemmingen-westerfeld,https://www.fotmob.com/teams/2076660/overview/hemmingen-westerfeld
2076661,Eintracht Nordhorn,eintracht-nordhorn,https://www.fotmob.com/teams/2076661/overview/eintracht-nordhorn
2076668,Sv Drochtersenassel Ii,sv-drochtersenassel-ii,https://www.fotmob.com/teams/2076668/overview/sv-drochtersenassel-ii
2094091,Rw Wittlich,rw-wittlich,https://www.fotmob.com/teams/2094091/overview/rw-wittlich
2096751,Maaslingen,maaslingen,https://www.fotmob.com/teams/2096751/overview/maaslingen
2096752,Spvgg Herne Horsthausen,spvgg-herne-horsthausen,https://www.fotmob.com/teams/2096752/overview/spvgg-herne-horsthausen
2096754,Westfalia Kinderhaus,westfalia-kinderhaus,https://www.fotmob.com/teams/2096754/overview/westfalia-kinderhaus
2096787,Inca Aruba,inca-aruba,https://www.fotmob.com/teams/2096787/overview/inca-aruba
2096906,Atletico Independiente,atletico-independiente,https://www.fotmob.com/teams/2096906/overview/atletico-independiente
2096910,Estrella Roja,estrella-roja,https://www.fotmob.com/teams/2096910/overview/estrella-roja
2096943,Scherpenberg,scherpenberg,https://www.fotmob.com/teams/2096943/overview/scherpenberg
2101520,Sardarapat,sardarapat,https://www.fotmob.com/teams/2101520/overview/sardarapat
2101783,Rasisalai United,rasisalai-united,https://www.fotmob.com/teams/2101783/overview/rasisalai-united
2103806,Port City,port-city,https://www.fotmob.com/teams/2103806/overview/port-city
2103811,Debibi,debibi,https://www.fotmob.com/teams/2103811/overview/debibi
2105419,Popesti Leordeni,popesti-leordeni,https://www.fotmob.com/teams/2105419/overview/popesti-leordeni
2105856,Atlante,atlante,https://www.fotmob.com/teams/2105856/overview/atlante
